date,sku,units_sold,on_promo
2024-10-01,SKU-A,7,0
2024-10-02,SKU-A,9,0
2024-10-03,SKU-A,1,0
2024-10-04,SKU-A,8,0
2024-10-05,SKU-A,4,0
2024-10-06,SKU-A,5,0
2024-10-07,SKU-A,4,0
2024-10-08,SKU-A,16,0
2024-10-09,SKU-A,8,0
2024-10-10,SKU-A,10,0
2024-10-11,SKU-A,15,0
2024-10-12,SKU-A,28,0
2024-10-13,SKU-A,15,0
2024-10-14,SKU-A,1,0
2024-10-15,SKU-A,23,0
2024-10-16,SKU-A,5,0
2024-10-17,SKU-A,21,0
2024-10-18,SKU-A,11,1
2024-10-19,SKU-A,21,0
2024-10-20,SKU-A,14,0
2024-10-21,SKU-A,9,0
2024-10-22,SKU-A,6,0
2024-10-23,SKU-A,13,0
2024-10-24,SKU-A,19,0
2024-10-25,SKU-A,11,0
2024-10-26,SKU-A,22,0
2024-10-27,SKU-A,12,0
2024-10-28,SKU-A,31,1
2024-10-29,SKU-A,6,0
2024-10-30,SKU-A,15,0
2024-10-31,SKU-A,8,0
2024-11-01,SKU-A,23,0
2024-11-02,SKU-A,9,0
2024-11-03,SKU-A,8,0
2024-11-04,SKU-A,8,0
2024-11-05,SKU-A,13,0
2024-11-06,SKU-A,8,0
2024-11-07,SKU-A,11,0
2024-11-08,SKU-A,10,0
2024-11-09,SKU-A,20,0
2024-11-10,SKU-A,20,0
2024-11-11,SKU-A,5,0
2024-11-12,SKU-A,12,0
2024-11-13,SKU-A,9,0
2024-11-14,SKU-A,17,0
2024-11-15,SKU-A,7,0
2024-11-16,SKU-A,6,0
2024-11-17,SKU-A,21,0
2024-11-18,SKU-A,17,0
2024-11-19,SKU-A,8,0
2024-11-20,SKU-A,10,0
2024-11-21,SKU-A,14,1
2024-11-22,SKU-A,12,0
2024-11-23,SKU-A,24,0
2024-11-24,SKU-A,7,0
2024-11-25,SKU-A,5,0
2024-11-26,SKU-A,8,0
2024-11-27,SKU-A,12,0
2024-11-28,SKU-A,9,0
2024-11-29,SKU-A,14,0
2024-11-30,SKU-A,19,0
2024-12-01,SKU-A,20,0
2024-12-02,SKU-A,4,0
2024-12-03,SKU-A,9,0
2024-12-04,SKU-A,8,0
2024-12-05,SKU-A,3,0
2024-12-06,SKU-A,15,0
2024-12-07,SKU-A,8,0
2024-12-08,SKU-A,17,1
2024-12-09,SKU-A,2,0
2024-12-10,SKU-A,6,0
2024-12-11,SKU-A,11,0
2024-12-12,SKU-A,13,0
2024-12-13,SKU-A,7,0
2024-12-14,SKU-A,10,1
2024-12-15,SKU-A,10,0
2024-12-16,SKU-A,6,0
2024-12-17,SKU-A,6,0
2024-12-18,SKU-A,17,0
2024-12-19,SKU-A,10,0
2024-12-20,SKU-A,6,0
2024-12-21,SKU-A,15,0
2024-12-22,SKU-A,16,0
2024-12-23,SKU-A,4,0
2024-12-24,SKU-A,13,1
2024-12-25,SKU-A,8,0
2024-12-26,SKU-A,6,0
2024-12-27,SKU-A,15,0
2024-12-28,SKU-A,11,0
2024-12-29,SKU-A,7,0
2024-12-30,SKU-A,11,0
2024-12-31,SKU-A,2,0
2025-01-01,SKU-A,14,0
2025-01-02,SKU-A,12,0
2025-01-03,SKU-A,5,0
2025-01-04,SKU-A,14,0
2025-01-05,SKU-A,24,0
2025-01-06,SKU-A,5,0
2025-01-07,SKU-A,5,0
2025-01-08,SKU-A,17,0
2025-01-09,SKU-A,12,0
2025-01-10,SKU-A,11,0
2025-01-11,SKU-A,19,0
2025-01-12,SKU-A,10,0
2025-01-13,SKU-A,4,0
2025-01-14,SKU-A,5,0
2025-01-15,SKU-A,11,0
2025-01-16,SKU-A,28,0
2025-01-17,SKU-A,9,0
2025-01-18,SKU-A,9,0
2025-01-19,SKU-A,16,0
2025-01-20,SKU-A,14,0
2025-01-21,SKU-A,6,0
2025-01-22,SKU-A,12,0
2025-01-23,SKU-A,15,0
2025-01-24,SKU-A,11,0
2025-01-25,SKU-A,11,0
2025-01-26,SKU-A,10,0
2025-01-27,SKU-A,10,0
2025-01-28,SKU-A,7,0
2025-01-29,SKU-A,4,0
2025-01-30,SKU-A,11,0
2025-01-31,SKU-A,10,0
2025-02-01,SKU-A,10,0
2025-02-02,SKU-A,18,1
2025-02-03,SKU-A,5,0
2025-02-04,SKU-A,16,0
2025-02-05,SKU-A,10,0
2025-02-06,SKU-A,12,0
2025-02-07,SKU-A,10,0
2025-02-08,SKU-A,22,0
2025-02-09,SKU-A,10,0
2025-02-10,SKU-A,1,0
2025-02-11,SKU-A,9,0
2025-02-12,SKU-A,12,0
2025-02-13,SKU-A,16,1
2025-02-14,SKU-A,13,0
2025-02-15,SKU-A,9,0
2025-02-16,SKU-A,4,0
2025-02-17,SKU-A,9,0
2025-02-18,SKU-A,8,0
2025-02-19,SKU-A,9,0
2025-02-20,SKU-A,4,0
2025-02-21,SKU-A,14,0
2025-02-22,SKU-A,10,0
2025-02-23,SKU-A,8,0
2025-02-24,SKU-A,11,0
2025-02-25,SKU-A,3,0
2025-02-26,SKU-A,14,0
2025-02-27,SKU-A,14,1
2025-02-28,SKU-A,25,0
2025-03-01,SKU-A,15,0
2025-03-02,SKU-A,19,0
2025-03-03,SKU-A,12,0
2025-03-04,SKU-A,8,0
2025-03-05,SKU-A,9,0
2025-03-06,SKU-A,6,0
2025-03-07,SKU-A,11,0
2025-03-08,SKU-A,9,0
2025-03-09,SKU-A,8,0
2025-03-10,SKU-A,3,0
2025-03-11,SKU-A,12,0
2025-03-12,SKU-A,12,0
2025-03-13,SKU-A,20,1
2025-03-14,SKU-A,3,0
2025-03-15,SKU-A,10,0
2025-03-16,SKU-A,8,0
2025-03-17,SKU-A,9,0
2025-03-18,SKU-A,7,0
2025-03-19,SKU-A,12,0
2025-03-20,SKU-A,7,0
2025-03-21,SKU-A,8,0
2025-03-22,SKU-A,8,0
2025-03-23,SKU-A,12,0
2025-03-24,SKU-A,4,0
2025-03-25,SKU-A,9,1
2025-03-26,SKU-A,4,0
2025-03-27,SKU-A,4,0
2025-03-28,SKU-A,14,0
2025-03-29,SKU-A,13,0
2025-03-30,SKU-A,6,0
2025-03-31,SKU-A,10,0
2025-04-01,SKU-A,9,0
2025-04-02,SKU-A,11,0
2025-04-03,SKU-A,11,0
2025-04-04,SKU-A,6,0
2025-04-05,SKU-A,20,0
2025-04-06,SKU-A,7,0
2025-04-07,SKU-A,2,0
2025-04-08,SKU-A,1,0
2025-04-09,SKU-A,3,0
2025-04-10,SKU-A,17,0
2025-04-11,SKU-A,12,0
2025-04-12,SKU-A,8,0
2025-04-13,SKU-A,12,0
2025-04-14,SKU-A,8,0
2025-04-15,SKU-A,12,0
2025-04-16,SKU-A,4,0
2025-04-17,SKU-A,13,0
2025-04-18,SKU-A,9,0
2025-04-19,SKU-A,8,0
2025-04-20,SKU-A,41,0
2025-04-21,SKU-A,5,0
2025-04-22,SKU-A,9,0
2025-04-23,SKU-A,6,1
2025-04-24,SKU-A,5,0
2025-04-25,SKU-A,11,0
2025-04-26,SKU-A,15,0
2025-04-27,SKU-A,16,0
2025-04-28,SKU-A,6,0
2025-04-29,SKU-A,8,0
2025-04-30,SKU-A,8,0
2025-05-01,SKU-A,1,0
2025-05-02,SKU-A,18,0
2025-05-03,SKU-A,6,0
2025-05-04,SKU-A,11,0
2025-05-05,SKU-A,9,0
2025-05-06,SKU-A,8,0
2025-05-07,SKU-A,9,0
2025-05-08,SKU-A,4,0
2025-05-09,SKU-A,14,0
2025-05-10,SKU-A,10,0
2025-05-11,SKU-A,14,0
2025-05-12,SKU-A,9,0
2025-05-13,SKU-A,9,0
2025-05-14,SKU-A,8,0
2025-05-15,SKU-A,14,1
2025-05-16,SKU-A,17,0
2025-05-17,SKU-A,15,0
2025-05-18,SKU-A,11,0
2025-05-19,SKU-A,13,0
2025-05-20,SKU-A,15,0
2025-05-21,SKU-A,4,0
2025-05-22,SKU-A,7,0
2025-05-23,SKU-A,9,0
2025-05-24,SKU-A,12,0
2025-05-25,SKU-A,21,0
2025-05-26,SKU-A,5,0
2025-05-27,SKU-A,12,1
2025-05-28,SKU-A,16,0
2025-05-29,SKU-A,6,0
2025-05-30,SKU-A,20,0
2025-05-31,SKU-A,8,0
2025-06-01,SKU-A,12,0
2025-06-02,SKU-A,11,0
2025-06-03,SKU-A,8,0
2025-06-04,SKU-A,3,0
2025-06-05,SKU-A,11,0
2025-06-06,SKU-A,16,0
2025-06-07,SKU-A,11,0
2025-06-08,SKU-A,20,0
2025-06-09,SKU-A,9,0
2025-06-10,SKU-A,10,0
2025-06-11,SKU-A,10,0
2025-06-12,SKU-A,17,0
2025-06-13,SKU-A,4,0
2025-06-14,SKU-A,13,0
2025-06-15,SKU-A,5,0
2025-06-16,SKU-A,10,1
2025-06-17,SKU-A,14,0
2025-06-18,SKU-A,8,0
2025-06-19,SKU-A,14,0
2025-06-20,SKU-A,18,0
2025-06-21,SKU-A,11,0
2025-06-22,SKU-A,21,0
2025-06-23,SKU-A,18,0
2025-06-24,SKU-A,14,0
2025-06-25,SKU-A,7,0
2025-06-26,SKU-A,7,0
2025-06-27,SKU-A,15,1
2025-06-28,SKU-A,16,1
2025-06-29,SKU-A,12,0
2025-06-30,SKU-A,14,1
2025-07-01,SKU-A,7,0
2025-07-02,SKU-A,6,0
2025-07-03,SKU-A,3,0
2025-07-04,SKU-A,7,0
2025-07-05,SKU-A,17,0
2025-07-06,SKU-A,6,0
2025-07-07,SKU-A,10,0
2025-07-08,SKU-A,10,1
2025-07-09,SKU-A,5,0
2025-07-10,SKU-A,9,0
2025-07-11,SKU-A,9,0
2025-07-12,SKU-A,12,0
2025-07-13,SKU-A,13,0
2025-07-14,SKU-A,13,1
2025-07-15,SKU-A,6,0
2025-07-16,SKU-A,10,0
2025-07-17,SKU-A,5,0
2025-07-18,SKU-A,9,0
2025-07-19,SKU-A,16,1
2025-07-20,SKU-A,16,0
2025-07-21,SKU-A,4,0
2025-07-22,SKU-A,10,0
2025-07-23,SKU-A,2,0
2025-07-24,SKU-A,3,0
2025-07-25,SKU-A,8,0
2025-07-26,SKU-A,17,0
2025-07-27,SKU-A,22,0
2025-07-28,SKU-A,13,0
2025-07-29,SKU-A,5,0
2025-07-30,SKU-A,1,0
2025-07-31,SKU-A,12,0
2025-08-01,SKU-A,4,0
2025-08-02,SKU-A,18,0
2025-08-03,SKU-A,21,0
2025-08-04,SKU-A,5,0
2025-08-05,SKU-A,12,0
2025-08-06,SKU-A,11,0
2025-08-07,SKU-A,12,0
2025-08-08,SKU-A,9,0
2025-08-09,SKU-A,8,0
2025-08-10,SKU-A,16,0
2025-08-11,SKU-A,10,0
2025-08-12,SKU-A,10,0
2025-08-13,SKU-A,16,0
2025-08-14,SKU-A,9,0
2025-08-15,SKU-A,18,0
2025-08-16,SKU-A,19,0
2025-08-17,SKU-A,11,0
2025-08-18,SKU-A,14,0
2025-08-19,SKU-A,8,0
2025-08-20,SKU-A,11,0
2025-08-21,SKU-A,8,0
2025-08-22,SKU-A,10,0
2025-08-23,SKU-A,9,0
2025-08-24,SKU-A,9,0
2025-08-25,SKU-A,21,0
2025-08-26,SKU-A,2,0
2025-08-27,SKU-A,2,0
2025-08-28,SKU-A,16,0
2025-08-29,SKU-A,5,0
2025-08-30,SKU-A,24,0
2025-08-31,SKU-A,24,0
2025-09-01,SKU-A,1,0
2025-09-02,SKU-A,10,0
2025-09-03,SKU-A,6,0
2025-09-04,SKU-A,11,0
2025-09-05,SKU-A,8,0
2025-09-06,SKU-A,10,0
2025-09-07,SKU-A,14,0
2025-09-08,SKU-A,5,0
2025-09-09,SKU-A,9,0
2025-09-10,SKU-A,16,0
2025-09-11,SKU-A,8,0
2025-09-12,SKU-A,3,0
2025-09-13,SKU-A,9,0
2025-09-14,SKU-A,22,0
2025-09-15,SKU-A,4,0
2025-09-16,SKU-A,7,0
2025-09-17,SKU-A,16,0
2025-09-18,SKU-A,5,0
2025-09-19,SKU-A,7,0
2025-09-20,SKU-A,2,0
2025-09-21,SKU-A,19,0
2025-09-22,SKU-A,16,0
2025-09-23,SKU-A,2,0
2025-09-24,SKU-A,16,0
2025-09-25,SKU-A,5,0
2025-09-26,SKU-A,4,0
2025-09-27,SKU-A,15,0
2025-09-28,SKU-A,24,0
2025-09-29,SKU-A,8,0
2025-09-30,SKU-A,11,0
2025-10-01,SKU-A,8,0
2025-10-02,SKU-A,9,0
2025-10-03,SKU-A,8,0
2025-10-04,SKU-A,10,0
2025-10-05,SKU-A,13,0
2025-10-06,SKU-A,14,0
2025-10-07,SKU-A,18,0
2025-10-08,SKU-A,7,0
2025-10-09,SKU-A,10,0
2025-10-10,SKU-A,2,0
2025-10-11,SKU-A,18,0
2025-10-12,SKU-A,18,0
2025-10-13,SKU-A,11,0
2025-10-14,SKU-A,13,0
2025-10-15,SKU-A,18,0
2025-10-16,SKU-A,15,0
2025-10-17,SKU-A,16,0
2025-10-18,SKU-A,27,0
2025-10-19,SKU-A,20,0
2025-10-20,SKU-A,19,0
2025-10-21,SKU-A,18,0
2025-10-22,SKU-A,20,0
2025-10-23,SKU-A,4,0
2025-10-24,SKU-A,5,0
2025-10-25,SKU-A,16,0
2025-10-26,SKU-A,10,0
2025-10-27,SKU-A,11,0
2025-10-28,SKU-A,11,0
2025-10-29,SKU-A,14,0
2025-10-30,SKU-A,25,1
2025-10-31,SKU-A,12,0
2025-11-01,SKU-A,9,0
2025-11-02,SKU-A,21,0
2025-11-03,SKU-A,13,0
2025-11-04,SKU-A,7,0
2025-11-05,SKU-A,17,0
2025-11-06,SKU-A,8,0
2025-11-07,SKU-A,3,0
2025-11-08,SKU-A,9,0
2025-11-09,SKU-A,22,0
2025-11-10,SKU-A,14,0
2025-11-11,SKU-A,5,0
2025-11-12,SKU-A,6,0
2025-11-13,SKU-A,4,0
2025-11-14,SKU-A,7,0
2025-11-15,SKU-A,24,0
2025-11-16,SKU-A,23,0
2025-11-17,SKU-A,12,0
2025-11-18,SKU-A,5,0
2025-11-19,SKU-A,11,1
2025-11-20,SKU-A,10,0
2025-11-21,SKU-A,12,0
2025-11-22,SKU-A,18,0
2025-11-23,SKU-A,20,0
2025-11-24,SKU-A,2,0
2025-11-25,SKU-A,6,0
2025-11-26,SKU-A,7,1
2025-11-27,SKU-A,20,1
2025-11-28,SKU-A,19,1
2025-11-29,SKU-A,12,0
2025-11-30,SKU-A,17,0
2025-12-01,SKU-A,10,0
2025-12-02,SKU-A,14,0
2025-12-03,SKU-A,12,1
2025-12-04,SKU-A,9,0
2025-12-05,SKU-A,19,0
2025-12-06,SKU-A,15,0
2025-12-07,SKU-A,24,0
2025-12-08,SKU-A,11,0
2025-12-09,SKU-A,4,1
2025-12-10,SKU-A,15,0
2025-12-11,SKU-A,9,0
2025-12-12,SKU-A,12,0
2025-12-13,SKU-A,9,0
2025-12-14,SKU-A,11,0
2025-12-15,SKU-A,12,0
2025-12-16,SKU-A,6,0
2025-12-17,SKU-A,7,0
2025-12-18,SKU-A,9,0
2025-12-19,SKU-A,5,0
2025-12-20,SKU-A,7,0
2025-12-21,SKU-A,10,0
2025-12-22,SKU-A,4,0
2025-12-23,SKU-A,4,1
2025-12-24,SKU-A,6,0
2025-12-25,SKU-A,8,1
2025-12-26,SKU-A,5,0
2025-12-27,SKU-A,10,0
2025-12-28,SKU-A,9,0
2025-12-29,SKU-A,8,0
2025-12-30,SKU-A,18,0
2025-12-31,SKU-A,13,0
2026-01-01,SKU-A,9,0
2026-01-02,SKU-A,25,0
2026-01-03,SKU-A,9,0
2026-01-04,SKU-A,8,0
2026-01-05,SKU-A,9,0
2026-01-06,SKU-A,5,0
2026-01-07,SKU-A,14,0
2026-01-08,SKU-A,14,0
2026-01-09,SKU-A,9,0
2026-01-10,SKU-A,11,0
2026-01-11,SKU-A,11,0
2026-01-12,SKU-A,9,0
2026-01-13,SKU-A,13,0
2026-01-14,SKU-A,10,0
2026-01-15,SKU-A,14,0
2026-01-16,SKU-A,14,0
2026-01-17,SKU-A,12,0
2026-01-18,SKU-A,11,0
2026-01-19,SKU-A,7,0
2026-01-20,SKU-A,20,0
2026-01-21,SKU-A,17,0
2026-01-22,SKU-A,8,0
2026-01-23,SKU-A,7,0
2026-01-24,SKU-A,8,0
2026-01-25,SKU-A,7,0
2026-01-26,SKU-A,11,0
2026-01-27,SKU-A,6,0
2026-01-28,SKU-A,8,1
2026-01-29,SKU-A,12,0
2026-01-30,SKU-A,6,0
2026-01-31,SKU-A,7,0
2026-02-01,SKU-A,16,0
2026-02-02,SKU-A,8,0
2026-02-03,SKU-A,19,0
2026-02-04,SKU-A,8,0
2026-02-05,SKU-A,10,0
2026-02-06,SKU-A,27,0
2026-02-07,SKU-A,15,0
2026-02-08,SKU-A,20,0
2026-02-09,SKU-A,8,0
2026-02-10,SKU-A,18,0
2026-02-11,SKU-A,5,0
2026-02-12,SKU-A,9,0
2026-02-13,SKU-A,12,0
2026-02-14,SKU-A,6,0
2026-02-15,SKU-A,28,0
2026-02-16,SKU-A,9,0
2026-02-17,SKU-A,7,0
2026-02-18,SKU-A,6,0
2026-02-19,SKU-A,4,0
2026-02-20,SKU-A,24,0
2026-02-21,SKU-A,11,0
2026-02-22,SKU-A,4,0
2026-02-23,SKU-A,7,1
2026-02-24,SKU-A,8,0
2026-02-25,SKU-A,7,1
2026-02-26,SKU-A,7,0
2026-02-27,SKU-A,20,0
2026-02-28,SKU-A,8,0
2026-03-01,SKU-A,13,0
2026-03-02,SKU-A,3,0
2026-03-03,SKU-A,11,1
2026-03-04,SKU-A,8,0
2026-03-05,SKU-A,12,0
2026-03-06,SKU-A,6,0
2026-03-07,SKU-A,15,0
2026-03-08,SKU-A,4,0
2026-03-09,SKU-A,17,0
2026-03-10,SKU-A,8,0
2026-03-11,SKU-A,7,0
2026-03-12,SKU-A,13,0
2026-03-13,SKU-A,13,0
2026-03-14,SKU-A,17,0
2026-03-15,SKU-A,16,0
2026-03-16,SKU-A,4,0
2026-03-17,SKU-A,5,0
2026-03-18,SKU-A,8,0
2026-03-19,SKU-A,14,1
2026-03-20,SKU-A,9,0
2026-03-21,SKU-A,11,0
2026-03-22,SKU-A,10,0
2026-03-23,SKU-A,15,0
2026-03-24,SKU-A,9,0
2026-03-25,SKU-A,7,0
2026-03-26,SKU-A,14,0
2026-03-27,SKU-A,1,0
2026-03-28,SKU-A,14,0
2026-03-29,SKU-A,19,0
2026-03-30,SKU-A,5,0
2026-03-31,SKU-A,13,0
2026-04-01,SKU-A,17,0
2026-04-02,SKU-A,9,0
2026-04-03,SKU-A,20,0
2026-04-04,SKU-A,21,0
2026-04-05,SKU-A,25,0
2026-04-06,SKU-A,5,0
2026-04-07,SKU-A,5,0
2026-04-08,SKU-A,11,1
2026-04-09,SKU-A,15,0
2026-04-10,SKU-A,9,0
2026-04-11,SKU-A,16,0
2026-04-12,SKU-A,14,0
2026-04-13,SKU-A,5,0
2026-04-14,SKU-A,5,0
2026-04-15,SKU-A,9,0
2026-04-16,SKU-A,15,0
2026-04-17,SKU-A,5,0
2026-04-18,SKU-A,15,0
2026-04-19,SKU-A,9,0
2026-04-20,SKU-A,8,0
2026-04-21,SKU-A,14,1
2026-04-22,SKU-A,1,0
2026-04-23,SKU-A,15,0
2026-04-24,SKU-A,10,0
2026-04-25,SKU-A,22,0
2026-04-26,SKU-A,9,0
2026-04-27,SKU-A,11,0
2026-04-28,SKU-A,10,0
2026-04-29,SKU-A,10,0
2026-04-30,SKU-A,16,0
2026-05-01,SKU-A,11,0
2026-05-02,SKU-A,7,0
2026-05-03,SKU-A,25,0
2026-05-04,SKU-A,8,0
2026-05-05,SKU-A,4,0
2026-05-06,SKU-A,5,0
2026-05-07,SKU-A,18,0
2026-05-08,SKU-A,5,0
2026-05-09,SKU-A,3,0
2026-05-10,SKU-A,7,0
2026-05-11,SKU-A,6,0
2026-05-12,SKU-A,10,0
2026-05-13,SKU-A,13,1
2026-05-14,SKU-A,9,0
2026-05-15,SKU-A,10,0
2026-05-16,SKU-A,7,0
2026-05-17,SKU-A,16,0
2026-05-18,SKU-A,20,1
2026-05-19,SKU-A,11,0
2026-05-20,SKU-A,4,0
2026-05-21,SKU-A,9,0
2026-05-22,SKU-A,15,0
2026-05-23,SKU-A,18,0
2026-05-24,SKU-A,17,0
2026-05-25,SKU-A,7,0
2026-05-26,SKU-A,13,0
2026-05-27,SKU-A,9,0
2026-05-28,SKU-A,13,0
2026-05-29,SKU-A,14,0
2026-05-30,SKU-A,24,0
2026-05-31,SKU-A,7,0
2026-06-01,SKU-A,11,0
2026-06-02,SKU-A,4,0
2026-06-03,SKU-A,4,0
2026-06-04,SKU-A,7,0
2026-06-05,SKU-A,9,0
2026-06-06,SKU-A,19,0
2026-06-07,SKU-A,8,0
2026-06-08,SKU-A,12,0
2026-06-09,SKU-A,10,0
2026-06-10,SKU-A,8,0
2026-06-11,SKU-A,11,0
2026-06-12,SKU-A,17,1
2026-06-13,SKU-A,14,0
2026-06-14,SKU-A,19,0
2026-06-15,SKU-A,6,0
2026-06-16,SKU-A,19,0
2026-06-17,SKU-A,12,0
2026-06-18,SKU-A,17,0
2026-06-19,SKU-A,7,0
2026-06-20,SKU-A,26,0
2026-06-21,SKU-A,8,0
2026-06-22,SKU-A,8,0
2026-06-23,SKU-A,17,0
2026-06-24,SKU-A,13,0
2026-06-25,SKU-A,15,1
2026-06-26,SKU-A,15,0
2026-06-27,SKU-A,27,1
2026-06-28,SKU-A,13,0
2026-06-29,SKU-A,19,0
2026-06-30,SKU-A,9,0
2026-07-01,SKU-A,14,0
2026-07-02,SKU-A,8,0
2026-07-03,SKU-A,21,0
2026-07-04,SKU-A,11,0
2026-07-05,SKU-A,12,1
2026-07-06,SKU-A,8,0
2026-07-07,SKU-A,7,0
2026-07-08,SKU-A,4,0
2026-07-09,SKU-A,18,1
2026-07-10,SKU-A,19,0
2026-07-11,SKU-A,23,0
2026-07-12,SKU-A,34,1
2026-07-13,SKU-A,19,0
2026-07-14,SKU-A,12,0
2026-07-15,SKU-A,8,0
2026-07-16,SKU-A,6,0
2026-07-17,SKU-A,17,0
2026-07-18,SKU-A,11,0
2026-07-19,SKU-A,4,0
2026-07-20,SKU-A,17,0
2026-07-21,SKU-A,8,0
2026-07-22,SKU-A,9,0
2026-07-23,SKU-A,5,0
2026-07-24,SKU-A,14,0
2026-07-25,SKU-A,13,0
2026-07-26,SKU-A,14,0
2026-07-27,SKU-A,15,0
2026-07-28,SKU-A,6,0
2026-07-29,SKU-A,7,0
2026-07-30,SKU-A,8,0
2026-07-31,SKU-A,6,0
2026-08-01,SKU-A,21,0
2026-08-02,SKU-A,13,0
2026-08-03,SKU-A,3,0
2026-08-04,SKU-A,8,0
2026-08-05,SKU-A,8,0
2026-08-06,SKU-A,14,0
2026-08-07,SKU-A,6,0
2026-08-08,SKU-A,11,0
2026-08-09,SKU-A,3,0
2026-08-10,SKU-A,6,0
2026-08-11,SKU-A,9,0
2026-08-12,SKU-A,16,1
2026-08-13,SKU-A,12,0
2026-08-14,SKU-A,23,1
2026-08-15,SKU-A,2,0
2026-08-16,SKU-A,13,0
2026-08-17,SKU-A,7,0
2026-08-18,SKU-A,7,0
2026-08-19,SKU-A,5,0
2026-08-20,SKU-A,12,0
2026-08-21,SKU-A,10,0
2026-08-22,SKU-A,12,0
2026-08-23,SKU-A,19,0
2026-08-24,SKU-A,6,0
2026-08-25,SKU-A,13,0
2026-08-26,SKU-A,16,0
2026-08-27,SKU-A,11,0
2026-08-28,SKU-A,18,0
2026-08-29,SKU-A,12,0
2026-08-30,SKU-A,11,0
2026-08-31,SKU-A,8,0
2026-09-01,SKU-A,19,0
2026-09-02,SKU-A,17,0
2026-09-03,SKU-A,9,0
2026-09-04,SKU-A,8,0
2026-09-05,SKU-A,22,0
2026-09-06,SKU-A,2,0
2026-09-07,SKU-A,10,0
2026-09-08,SKU-A,3,0
2026-09-09,SKU-A,3,0
2026-09-10,SKU-A,12,0
2026-09-11,SKU-A,14,0
2026-09-12,SKU-A,16,0
2026-09-13,SKU-A,19,0
2026-09-14,SKU-A,5,0
2026-09-15,SKU-A,10,0
2026-09-16,SKU-A,12,0
2026-09-17,SKU-A,10,0
2026-09-18,SKU-A,9,0
2026-09-19,SKU-A,9,0
2026-09-20,SKU-A,15,0
2026-09-21,SKU-A,5,0
2026-09-22,SKU-A,6,0
2026-09-23,SKU-A,13,1
2026-09-24,SKU-A,14,0
2026-09-25,SKU-A,8,0
2026-09-26,SKU-A,31,1
2026-09-27,SKU-A,26,0
2026-09-28,SKU-A,17,1
2026-09-29,SKU-A,12,0
2026-09-30,SKU-A,14,0
2024-10-01,SKU-B,5,0
2024-10-02,SKU-B,4,0
2024-10-03,SKU-B,11,1
2024-10-04,SKU-B,6,0
2024-10-05,SKU-B,6,0
2024-10-06,SKU-B,5,0
2024-10-07,SKU-B,6,0
2024-10-08,SKU-B,1,0
2024-10-09,SKU-B,6,0
2024-10-10,SKU-B,10,0
2024-10-11,SKU-B,6,0
2024-10-12,SKU-B,6,0
2024-10-13,SKU-B,3,0
2024-10-14,SKU-B,5,0
2024-10-15,SKU-B,4,0
2024-10-16,SKU-B,11,1
2024-10-17,SKU-B,14,1
2024-10-18,SKU-B,9,0
2024-10-19,SKU-B,14,0
2024-10-20,SKU-B,13,0
2024-10-21,SKU-B,11,0
2024-10-22,SKU-B,6,0
2024-10-23,SKU-B,8,0
2024-10-24,SKU-B,2,0
2024-10-25,SKU-B,7,0
2024-10-26,SKU-B,15,0
2024-10-27,SKU-B,0,0
2024-10-28,SKU-B,5,0
2024-10-29,SKU-B,7,0
2024-10-30,SKU-B,1,0
2024-10-31,SKU-B,3,0
2024-11-01,SKU-B,18,0
2024-11-02,SKU-B,10,1
2024-11-03,SKU-B,5,1
2024-11-04,SKU-B,7,0
2024-11-05,SKU-B,3,0
2024-11-06,SKU-B,6,0
2024-11-07,SKU-B,6,0
2024-11-08,SKU-B,4,0
2024-11-09,SKU-B,12,1
2024-11-10,SKU-B,0,0
2024-11-11,SKU-B,8,0
2024-11-12,SKU-B,4,1
2024-11-13,SKU-B,7,0
2024-11-14,SKU-B,7,0
2024-11-15,SKU-B,5,0
2024-11-16,SKU-B,5,0
2024-11-17,SKU-B,6,0
2024-11-18,SKU-B,3,0
2024-11-19,SKU-B,7,0
2024-11-20,SKU-B,4,0
2024-11-21,SKU-B,8,1
2024-11-22,SKU-B,5,0
2024-11-23,SKU-B,9,0
2024-11-24,SKU-B,8,0
2024-11-25,SKU-B,3,0
2024-11-26,SKU-B,1,0
2024-11-27,SKU-B,3,1
2024-11-28,SKU-B,5,0
2024-11-29,SKU-B,5,0
2024-11-30,SKU-B,6,0
2024-12-01,SKU-B,7,0
2024-12-02,SKU-B,3,0
2024-12-03,SKU-B,3,0
2024-12-04,SKU-B,6,0
2024-12-05,SKU-B,5,0
2024-12-06,SKU-B,9,0
2024-12-07,SKU-B,5,0
2024-12-08,SKU-B,6,0
2024-12-09,SKU-B,5,0
2024-12-10,SKU-B,6,0
2024-12-11,SKU-B,3,0
2024-12-12,SKU-B,3,0
2024-12-13,SKU-B,1,0
2024-12-14,SKU-B,7,0
2024-12-15,SKU-B,5,0
2024-12-16,SKU-B,4,0
2024-12-17,SKU-B,1,0
2024-12-18,SKU-B,4,0
2024-12-19,SKU-B,4,0
2024-12-20,SKU-B,7,1
2024-12-21,SKU-B,11,1
2024-12-22,SKU-B,4,0
2024-12-23,SKU-B,2,0
2024-12-24,SKU-B,7,0
2024-12-25,SKU-B,3,1
2024-12-26,SKU-B,6,0
2024-12-27,SKU-B,3,0
2024-12-28,SKU-B,8,1
2024-12-29,SKU-B,5,0
2024-12-30,SKU-B,1,0
2024-12-31,SKU-B,3,0
2025-01-01,SKU-B,4,0
2025-01-02,SKU-B,6,0
2025-01-03,SKU-B,11,0
2025-01-04,SKU-B,2,0
2025-01-05,SKU-B,5,0
2025-01-06,SKU-B,0,0
2025-01-07,SKU-B,5,0
2025-01-08,SKU-B,9,0
2025-01-09,SKU-B,7,0
2025-01-10,SKU-B,10,0
2025-01-11,SKU-B,1,0
2025-01-12,SKU-B,8,0
2025-01-13,SKU-B,2,0
2025-01-14,SKU-B,3,0
2025-01-15,SKU-B,4,0
2025-01-16,SKU-B,8,0
2025-01-17,SKU-B,2,0
2025-01-18,SKU-B,2,0
2025-01-19,SKU-B,9,0
2025-01-20,SKU-B,3,0
2025-01-21,SKU-B,3,0
2025-01-22,SKU-B,4,0
2025-01-23,SKU-B,6,0
2025-01-24,SKU-B,5,0
2025-01-25,SKU-B,5,0
2025-01-26,SKU-B,5,0
2025-01-27,SKU-B,15,1
2025-01-28,SKU-B,6,1
2025-01-29,SKU-B,4,0
2025-01-30,SKU-B,3,0
2025-01-31,SKU-B,9,0
2025-02-01,SKU-B,7,0
2025-02-02,SKU-B,6,0
2025-02-03,SKU-B,4,0
2025-02-04,SKU-B,4,0
2025-02-05,SKU-B,9,0
2025-02-06,SKU-B,4,0
2025-02-07,SKU-B,3,0
2025-02-08,SKU-B,10,0
2025-02-09,SKU-B,3,0
2025-02-10,SKU-B,1,0
2025-02-11,SKU-B,6,0
2025-02-12,SKU-B,2,0
2025-02-13,SKU-B,4,0
2025-02-14,SKU-B,4,0
2025-02-15,SKU-B,9,0
2025-02-16,SKU-B,11,0
2025-02-17,SKU-B,2,0
2025-02-18,SKU-B,4,0
2025-02-19,SKU-B,3,1
2025-02-20,SKU-B,2,0
2025-02-21,SKU-B,6,0
2025-02-22,SKU-B,8,0
2025-02-23,SKU-B,2,0
2025-02-24,SKU-B,9,0
2025-02-25,SKU-B,6,0
2025-02-26,SKU-B,6,0
2025-02-27,SKU-B,8,0
2025-02-28,SKU-B,7,0
2025-03-01,SKU-B,12,0
2025-03-02,SKU-B,4,0
2025-03-03,SKU-B,8,0
2025-03-04,SKU-B,7,0
2025-03-05,SKU-B,5,1
2025-03-06,SKU-B,4,0
2025-03-07,SKU-B,0,0
2025-03-08,SKU-B,9,0
2025-03-09,SKU-B,3,0
2025-03-10,SKU-B,7,0
2025-03-11,SKU-B,6,0
2025-03-12,SKU-B,5,0
2025-03-13,SKU-B,3,0
2025-03-14,SKU-B,8,0
2025-03-15,SKU-B,2,0
2025-03-16,SKU-B,3,0
2025-03-17,SKU-B,6,0
2025-03-18,SKU-B,2,0
2025-03-19,SKU-B,8,1
2025-03-20,SKU-B,6,0
2025-03-21,SKU-B,11,1
2025-03-22,SKU-B,6,0
2025-03-23,SKU-B,5,0
2025-03-24,SKU-B,5,0
2025-03-25,SKU-B,5,0
2025-03-26,SKU-B,2,0
2025-03-27,SKU-B,2,0
2025-03-28,SKU-B,4,0
2025-03-29,SKU-B,7,0
2025-03-30,SKU-B,9,0
2025-03-31,SKU-B,3,0
2025-04-01,SKU-B,6,0
2025-04-02,SKU-B,6,0
2025-04-03,SKU-B,2,0
2025-04-04,SKU-B,11,0
2025-04-05,SKU-B,5,0
2025-04-06,SKU-B,10,0
2025-04-07,SKU-B,4,0
2025-04-08,SKU-B,5,0
2025-04-09,SKU-B,8,0
2025-04-10,SKU-B,4,0
2025-04-11,SKU-B,3,0
2025-04-12,SKU-B,7,0
2025-04-13,SKU-B,9,0
2025-04-14,SKU-B,12,0
2025-04-15,SKU-B,8,1
2025-04-16,SKU-B,4,0
2025-04-17,SKU-B,0,0
2025-04-18,SKU-B,9,0
2025-04-19,SKU-B,3,0
2025-04-20,SKU-B,1,0
2025-04-21,SKU-B,4,0
2025-04-22,SKU-B,7,1
2025-04-23,SKU-B,1,0
2025-04-24,SKU-B,4,0
2025-04-25,SKU-B,9,0
2025-04-26,SKU-B,4,0
2025-04-27,SKU-B,5,0
2025-04-28,SKU-B,7,0
2025-04-29,SKU-B,7,0
2025-04-30,SKU-B,4,0
2025-05-01,SKU-B,3,0
2025-05-02,SKU-B,4,0
2025-05-03,SKU-B,12,0
2025-05-04,SKU-B,10,0
2025-05-05,SKU-B,4,0
2025-05-06,SKU-B,7,0
2025-05-07,SKU-B,6,0
2025-05-08,SKU-B,3,0
2025-05-09,SKU-B,5,0
2025-05-10,SKU-B,7,0
2025-05-11,SKU-B,3,0
2025-05-12,SKU-B,4,1
2025-05-13,SKU-B,2,0
2025-05-14,SKU-B,6,0
2025-05-15,SKU-B,2,0
2025-05-16,SKU-B,9,1
2025-05-17,SKU-B,7,0
2025-05-18,SKU-B,4,1
2025-05-19,SKU-B,3,1
2025-05-20,SKU-B,2,0
2025-05-21,SKU-B,5,0
2025-05-22,SKU-B,5,0
2025-05-23,SKU-B,2,1
2025-05-24,SKU-B,7,1
2025-05-25,SKU-B,9,0
2025-05-26,SKU-B,4,0
2025-05-27,SKU-B,7,0
2025-05-28,SKU-B,2,0
2025-05-29,SKU-B,6,1
2025-05-30,SKU-B,3,0
2025-05-31,SKU-B,6,0
2025-06-01,SKU-B,3,0
2025-06-02,SKU-B,4,0
2025-06-03,SKU-B,3,0
2025-06-04,SKU-B,2,0
2025-06-05,SKU-B,7,0
2025-06-06,SKU-B,12,0
2025-06-07,SKU-B,7,0
2025-06-08,SKU-B,10,0
2025-06-09,SKU-B,5,0
2025-06-10,SKU-B,2,0
2025-06-11,SKU-B,5,0
2025-06-12,SKU-B,5,0
2025-06-13,SKU-B,3,0
2025-06-14,SKU-B,1,0
2025-06-15,SKU-B,6,0
2025-06-16,SKU-B,5,0
2025-06-17,SKU-B,3,0
2025-06-18,SKU-B,6,0
2025-06-19,SKU-B,5,0
2025-06-20,SKU-B,4,0
2025-06-21,SKU-B,1,0
2025-06-22,SKU-B,6,0
2025-06-23,SKU-B,5,0
2025-06-24,SKU-B,2,0
2025-06-25,SKU-B,7,0
2025-06-26,SKU-B,10,0
2025-06-27,SKU-B,3,0
2025-06-28,SKU-B,6,0
2025-06-29,SKU-B,5,0
2025-06-30,SKU-B,12,0
2025-07-01,SKU-B,1,0
2025-07-02,SKU-B,4,0
2025-07-03,SKU-B,2,0
2025-07-04,SKU-B,3,0
2025-07-05,SKU-B,9,0
2025-07-06,SKU-B,15,0
2025-07-07,SKU-B,5,0
2025-07-08,SKU-B,5,0
2025-07-09,SKU-B,2,0
2025-07-10,SKU-B,6,0
2025-07-11,SKU-B,5,0
2025-07-12,SKU-B,8,0
2025-07-13,SKU-B,3,0
2025-07-14,SKU-B,4,0
2025-07-15,SKU-B,6,0
2025-07-16,SKU-B,4,0
2025-07-17,SKU-B,5,0
2025-07-18,SKU-B,8,0
2025-07-19,SKU-B,8,0
2025-07-20,SKU-B,6,0
2025-07-21,SKU-B,10,0
2025-07-22,SKU-B,3,0
2025-07-23,SKU-B,2,0
2025-07-24,SKU-B,5,0
2025-07-25,SKU-B,1,0
2025-07-26,SKU-B,11,0
2025-07-27,SKU-B,4,0
2025-07-28,SKU-B,3,0
2025-07-29,SKU-B,5,0
2025-07-30,SKU-B,5,0
2025-07-31,SKU-B,9,0
2025-08-01,SKU-B,4,0
2025-08-02,SKU-B,9,0
2025-08-03,SKU-B,3,0
2025-08-04,SKU-B,6,0
2025-08-05,SKU-B,7,0
2025-08-06,SKU-B,2,0
2025-08-07,SKU-B,2,0
2025-08-08,SKU-B,2,0
2025-08-09,SKU-B,3,0
2025-08-10,SKU-B,2,0
2025-08-11,SKU-B,5,0
2025-08-12,SKU-B,6,0
2025-08-13,SKU-B,10,0
2025-08-14,SKU-B,3,0
2025-08-15,SKU-B,9,0
2025-08-16,SKU-B,11,0
2025-08-17,SKU-B,5,0
2025-08-18,SKU-B,7,0
2025-08-19,SKU-B,3,0
2025-08-20,SKU-B,8,0
2025-08-21,SKU-B,5,0
2025-08-22,SKU-B,6,0
2025-08-23,SKU-B,4,0
2025-08-24,SKU-B,5,0
2025-08-25,SKU-B,1,0
2025-08-26,SKU-B,7,0
2025-08-27,SKU-B,7,0
2025-08-28,SKU-B,4,0
2025-08-29,SKU-B,7,1
2025-08-30,SKU-B,5,0
2025-08-31,SKU-B,2,0
2025-09-01,SKU-B,1,0
2025-09-02,SKU-B,7,0
2025-09-03,SKU-B,6,0
2025-09-04,SKU-B,4,0
2025-09-05,SKU-B,5,0
2025-09-06,SKU-B,5,0
2025-09-07,SKU-B,3,0
2025-09-08,SKU-B,2,0
2025-09-09,SKU-B,7,0
2025-09-10,SKU-B,3,0
2025-09-11,SKU-B,6,0
2025-09-12,SKU-B,5,0
2025-09-13,SKU-B,3,0
2025-09-14,SKU-B,12,0
2025-09-15,SKU-B,6,0
2025-09-16,SKU-B,7,0
2025-09-17,SKU-B,3,0
2025-09-18,SKU-B,9,0
2025-09-19,SKU-B,8,0
2025-09-20,SKU-B,5,0
2025-09-21,SKU-B,2,0
2025-09-22,SKU-B,3,0
2025-09-23,SKU-B,6,0
2025-09-24,SKU-B,0,0
2025-09-25,SKU-B,0,0
2025-09-26,SKU-B,10,0
2025-09-27,SKU-B,3,0
2025-09-28,SKU-B,10,0
2025-09-29,SKU-B,1,1
2025-09-30,SKU-B,2,0
2025-10-01,SKU-B,7,0
2025-10-02,SKU-B,9,0
2025-10-03,SKU-B,5,0
2025-10-04,SKU-B,2,0
2025-10-05,SKU-B,4,0
2025-10-06,SKU-B,7,0
2025-10-07,SKU-B,12,1
2025-10-08,SKU-B,1,0
2025-10-09,SKU-B,5,0
2025-10-10,SKU-B,8,0
2025-10-11,SKU-B,7,0
2025-10-12,SKU-B,8,0
2025-10-13,SKU-B,8,0
2025-10-14,SKU-B,7,0
2025-10-15,SKU-B,3,0
2025-10-16,SKU-B,7,0
2025-10-17,SKU-B,12,0
2025-10-18,SKU-B,7,0
2025-10-19,SKU-B,9,0
2025-10-20,SKU-B,8,0
2025-10-21,SKU-B,6,0
2025-10-22,SKU-B,12,1
2025-10-23,SKU-B,7,0
2025-10-24,SKU-B,9,0
2025-10-25,SKU-B,5,0
2025-10-26,SKU-B,3,0
2025-10-27,SKU-B,9,0
2025-10-28,SKU-B,6,0
2025-10-29,SKU-B,3,0
2025-10-30,SKU-B,1,0
2025-10-31,SKU-B,5,0
2025-11-01,SKU-B,9,0
2025-11-02,SKU-B,7,0
2025-11-03,SKU-B,5,0
2025-11-04,SKU-B,3,0
2025-11-05,SKU-B,7,0
2025-11-06,SKU-B,3,0
2025-11-07,SKU-B,6,0
2025-11-08,SKU-B,7,0
2025-11-09,SKU-B,5,0
2025-11-10,SKU-B,10,0
2025-11-11,SKU-B,7,0
2025-11-12,SKU-B,1,0
2025-11-13,SKU-B,6,0
2025-11-14,SKU-B,2,0
2025-11-15,SKU-B,4,0
2025-11-16,SKU-B,6,0
2025-11-17,SKU-B,5,0
2025-11-18,SKU-B,6,0
2025-11-19,SKU-B,6,0
2025-11-20,SKU-B,3,0
2025-11-21,SKU-B,3,0
2025-11-22,SKU-B,10,0
2025-11-23,SKU-B,2,0
2025-11-24,SKU-B,2,0
2025-11-25,SKU-B,8,0
2025-11-26,SKU-B,8,0
2025-11-27,SKU-B,4,0
2025-11-28,SKU-B,9,0
2025-11-29,SKU-B,3,0
2025-11-30,SKU-B,8,0
2025-12-01,SKU-B,7,0
2025-12-02,SKU-B,3,0
2025-12-03,SKU-B,2,0
2025-12-04,SKU-B,8,0
2025-12-05,SKU-B,7,0
2025-12-06,SKU-B,4,0
2025-12-07,SKU-B,6,0
2025-12-08,SKU-B,6,0
2025-12-09,SKU-B,3,0
2025-12-10,SKU-B,5,0
2025-12-11,SKU-B,8,1
2025-12-12,SKU-B,3,0
2025-12-13,SKU-B,3,0
2025-12-14,SKU-B,7,0
2025-12-15,SKU-B,4,0
2025-12-16,SKU-B,5,0
2025-12-17,SKU-B,2,0
2025-12-18,SKU-B,4,0
2025-12-19,SKU-B,3,0
2025-12-20,SKU-B,3,0
2025-12-21,SKU-B,8,0
2025-12-22,SKU-B,1,0
2025-12-23,SKU-B,0,0
2025-12-24,SKU-B,7,1
2025-12-25,SKU-B,2,0
2025-12-26,SKU-B,4,0
2025-12-27,SKU-B,2,0
2025-12-28,SKU-B,8,0
2025-12-29,SKU-B,11,0
2025-12-30,SKU-B,5,0
2025-12-31,SKU-B,6,1
2026-01-01,SKU-B,8,0
2026-01-02,SKU-B,3,0
2026-01-03,SKU-B,12,0
2026-01-04,SKU-B,5,0
2026-01-05,SKU-B,3,0
2026-01-06,SKU-B,5,0
2026-01-07,SKU-B,5,0
2026-01-08,SKU-B,6,0
2026-01-09,SKU-B,5,0
2026-01-10,SKU-B,11,1
2026-01-11,SKU-B,7,0
2026-01-12,SKU-B,10,1
2026-01-13,SKU-B,9,0
2026-01-14,SKU-B,8,0
2026-01-15,SKU-B,2,0
2026-01-16,SKU-B,6,0
2026-01-17,SKU-B,6,0
2026-01-18,SKU-B,6,0
2026-01-19,SKU-B,6,0
2026-01-20,SKU-B,1,0
2026-01-21,SKU-B,7,0
2026-01-22,SKU-B,8,0
2026-01-23,SKU-B,4,0
2026-01-24,SKU-B,8,0
2026-01-25,SKU-B,4,0
2026-01-26,SKU-B,4,0
2026-01-27,SKU-B,11,1
2026-01-28,SKU-B,5,0
2026-01-29,SKU-B,4,0
2026-01-30,SKU-B,4,0
2026-01-31,SKU-B,8,0
2026-02-01,SKU-B,9,1
2026-02-02,SKU-B,5,0
2026-02-03,SKU-B,4,0
2026-02-04,SKU-B,5,0
2026-02-05,SKU-B,1,0
2026-02-06,SKU-B,1,0
2026-02-07,SKU-B,6,1
2026-02-08,SKU-B,4,0
2026-02-09,SKU-B,9,0
2026-02-10,SKU-B,8,0
2026-02-11,SKU-B,5,0
2026-02-12,SKU-B,7,0
2026-02-13,SKU-B,10,0
2026-02-14,SKU-B,6,0
2026-02-15,SKU-B,8,0
2026-02-16,SKU-B,0,0
2026-02-17,SKU-B,11,0
2026-02-18,SKU-B,3,0
2026-02-19,SKU-B,4,0
2026-02-20,SKU-B,13,1
2026-02-21,SKU-B,16,0
2026-02-22,SKU-B,10,0
2026-02-23,SKU-B,7,0
2026-02-24,SKU-B,5,0
2026-02-25,SKU-B,2,0
2026-02-26,SKU-B,7,0
2026-02-27,SKU-B,9,1
2026-02-28,SKU-B,11,0
2026-03-01,SKU-B,9,0
2026-03-02,SKU-B,13,0
2026-03-03,SKU-B,3,0
2026-03-04,SKU-B,7,0
2026-03-05,SKU-B,4,0
2026-03-06,SKU-B,5,0
2026-03-07,SKU-B,6,0
2026-03-08,SKU-B,9,0
2026-03-09,SKU-B,3,0
2026-03-10,SKU-B,3,0
2026-03-11,SKU-B,11,0
2026-03-12,SKU-B,7,0
2026-03-13,SKU-B,4,0
2026-03-14,SKU-B,12,0
2026-03-15,SKU-B,2,0
2026-03-16,SKU-B,3,0
2026-03-17,SKU-B,3,0
2026-03-18,SKU-B,3,0
2026-03-19,SKU-B,6,0
2026-03-20,SKU-B,6,0
2026-03-21,SKU-B,6,0
2026-03-22,SKU-B,2,0
2026-03-23,SKU-B,5,0
2026-03-24,SKU-B,4,0
2026-03-25,SKU-B,6,0
2026-03-26,SKU-B,7,0
2026-03-27,SKU-B,10,0
2026-03-28,SKU-B,8,0
2026-03-29,SKU-B,3,0
2026-03-30,SKU-B,6,0
2026-03-31,SKU-B,2,0
2026-04-01,SKU-B,4,1
2026-04-02,SKU-B,4,0
2026-04-03,SKU-B,19,0
2026-04-04,SKU-B,1,0
2026-04-05,SKU-B,4,0
2026-04-06,SKU-B,5,0
2026-04-07,SKU-B,1,0
2026-04-08,SKU-B,6,0
2026-04-09,SKU-B,4,0
2026-04-10,SKU-B,3,0
2026-04-11,SKU-B,4,0
2026-04-12,SKU-B,12,0
2026-04-13,SKU-B,2,0
2026-04-14,SKU-B,2,0
2026-04-15,SKU-B,4,1
2026-04-16,SKU-B,6,0
2026-04-17,SKU-B,11,0
2026-04-18,SKU-B,6,0
2026-04-19,SKU-B,10,0
2026-04-20,SKU-B,3,0
2026-04-21,SKU-B,4,0
2026-04-22,SKU-B,3,0
2026-04-23,SKU-B,7,0
2026-04-24,SKU-B,2,1
2026-04-25,SKU-B,8,0
2026-04-26,SKU-B,1,0
2026-04-27,SKU-B,7,0
2026-04-28,SKU-B,3,0
2026-04-29,SKU-B,3,0
2026-04-30,SKU-B,2,0
2026-05-01,SKU-B,3,0
2026-05-02,SKU-B,6,0
2026-05-03,SKU-B,3,0
2026-05-04,SKU-B,4,0
2026-05-05,SKU-B,4,0
2026-05-06,SKU-B,6,0
2026-05-07,SKU-B,12,1
2026-05-08,SKU-B,3,0
2026-05-09,SKU-B,5,1
2026-05-10,SKU-B,8,0
2026-05-11,SKU-B,4,0
2026-05-12,SKU-B,4,0
2026-05-13,SKU-B,7,0
2026-05-14,SKU-B,6,0
2026-05-15,SKU-B,5,0
2026-05-16,SKU-B,10,1
2026-05-17,SKU-B,3,0
2026-05-18,SKU-B,4,0
2026-05-19,SKU-B,1,0
2026-05-20,SKU-B,9,0
2026-05-21,SKU-B,2,0
2026-05-22,SKU-B,8,0
2026-05-23,SKU-B,4,0
2026-05-24,SKU-B,6,0
2026-05-25,SKU-B,8,1
2026-05-26,SKU-B,5,0
2026-05-27,SKU-B,3,0
2026-05-28,SKU-B,2,0
2026-05-29,SKU-B,8,0
2026-05-30,SKU-B,6,0
2026-05-31,SKU-B,8,1
2026-06-01,SKU-B,10,1
2026-06-02,SKU-B,3,0
2026-06-03,SKU-B,2,0
2026-06-04,SKU-B,2,0
2026-06-05,SKU-B,4,0
2026-06-06,SKU-B,1,0
2026-06-07,SKU-B,4,0
2026-06-08,SKU-B,2,0
2026-06-09,SKU-B,7,0
2026-06-10,SKU-B,6,0
2026-06-11,SKU-B,8,0
2026-06-12,SKU-B,5,0
2026-06-13,SKU-B,8,0
2026-06-14,SKU-B,6,0
2026-06-15,SKU-B,9,0
2026-06-16,SKU-B,2,0
2026-06-17,SKU-B,2,0
2026-06-18,SKU-B,5,0
2026-06-19,SKU-B,0,0
2026-06-20,SKU-B,6,0
2026-06-21,SKU-B,3,0
2026-06-22,SKU-B,6,0
2026-06-23,SKU-B,5,0
2026-06-24,SKU-B,8,0
2026-06-25,SKU-B,8,0
2026-06-26,SKU-B,5,0
2026-06-27,SKU-B,10,0
2026-06-28,SKU-B,2,0
2026-06-29,SKU-B,4,0
2026-06-30,SKU-B,5,0
2026-07-01,SKU-B,7,0
2026-07-02,SKU-B,8,1
2026-07-03,SKU-B,3,0
2026-07-04,SKU-B,5,0
2026-07-05,SKU-B,6,0
2026-07-06,SKU-B,6,0
2026-07-07,SKU-B,1,0
2026-07-08,SKU-B,3,0
2026-07-09,SKU-B,5,0
2026-07-10,SKU-B,2,0
2026-07-11,SKU-B,9,0
2026-07-12,SKU-B,10,0
2026-07-13,SKU-B,3,0
2026-07-14,SKU-B,3,0
2026-07-15,SKU-B,7,1
2026-07-16,SKU-B,4,0
2026-07-17,SKU-B,7,0
2026-07-18,SKU-B,6,0
2026-07-19,SKU-B,5,0
2026-07-20,SKU-B,5,0
2026-07-21,SKU-B,4,0
2026-07-22,SKU-B,5,0
2026-07-23,SKU-B,3,0
2026-07-24,SKU-B,11,0
2026-07-25,SKU-B,10,0
2026-07-26,SKU-B,7,0
2026-07-27,SKU-B,3,0
2026-07-28,SKU-B,2,0
2026-07-29,SKU-B,7,0
2026-07-30,SKU-B,4,0
2026-07-31,SKU-B,6,0
2026-08-01,SKU-B,12,0
2026-08-02,SKU-B,17,0
2026-08-03,SKU-B,6,0
2026-08-04,SKU-B,6,0
2026-08-05,SKU-B,1,0
2026-08-06,SKU-B,1,0
2026-08-07,SKU-B,4,0
2026-08-08,SKU-B,3,0
2026-08-09,SKU-B,6,0
2026-08-10,SKU-B,2,0
2026-08-11,SKU-B,4,0
2026-08-12,SKU-B,3,0
2026-08-13,SKU-B,7,0
2026-08-14,SKU-B,10,0
2026-08-15,SKU-B,9,0
2026-08-16,SKU-B,9,0
2026-08-17,SKU-B,5,0
2026-08-18,SKU-B,3,0
2026-08-19,SKU-B,9,1
2026-08-20,SKU-B,3,0
2026-08-21,SKU-B,5,0
2026-08-22,SKU-B,4,0
2026-08-23,SKU-B,2,0
2026-08-24,SKU-B,16,0
2026-08-25,SKU-B,3,0
2026-08-26,SKU-B,6,0
2026-08-27,SKU-B,1,0
2026-08-28,SKU-B,6,0
2026-08-29,SKU-B,11,1
2026-08-30,SKU-B,6,0
2026-08-31,SKU-B,2,0
2026-09-01,SKU-B,10,0
2026-09-02,SKU-B,1,0
2026-09-03,SKU-B,6,0
2026-09-04,SKU-B,3,1
2026-09-05,SKU-B,3,1
2026-09-06,SKU-B,6,0
2026-09-07,SKU-B,4,0
2026-09-08,SKU-B,4,0
2026-09-09,SKU-B,9,0
2026-09-10,SKU-B,7,0
2026-09-11,SKU-B,2,0
2026-09-12,SKU-B,3,1
2026-09-13,SKU-B,11,0
2026-09-14,SKU-B,2,0
2026-09-15,SKU-B,7,0
2026-09-16,SKU-B,12,0
2026-09-17,SKU-B,5,0
2026-09-18,SKU-B,8,0
2026-09-19,SKU-B,9,0
2026-09-20,SKU-B,10,0
2026-09-21,SKU-B,4,0
2026-09-22,SKU-B,9,1
2026-09-23,SKU-B,6,0
2026-09-24,SKU-B,5,0
2026-09-25,SKU-B,2,0
2026-09-26,SKU-B,13,0
2026-09-27,SKU-B,2,0
2026-09-28,SKU-B,4,0
2026-09-29,SKU-B,2,0
2026-09-30,SKU-B,2,0
2024-10-01,SKU-C,2,0
2024-10-02,SKU-C,4,0
2024-10-03,SKU-C,4,0
2024-10-04,SKU-C,5,0
2024-10-05,SKU-C,4,0
2024-10-06,SKU-C,5,0
2024-10-07,SKU-C,2,0
2024-10-08,SKU-C,2,0
2024-10-09,SKU-C,5,0
2024-10-10,SKU-C,4,0
2024-10-11,SKU-C,4,0
2024-10-12,SKU-C,7,0
2024-10-13,SKU-C,7,0
2024-10-14,SKU-C,7,0
2024-10-15,SKU-C,3,0
2024-10-16,SKU-C,2,0
2024-10-17,SKU-C,6,0
2024-10-18,SKU-C,7,0
2024-10-19,SKU-C,7,1
2024-10-20,SKU-C,4,0
2024-10-21,SKU-C,6,0
2024-10-22,SKU-C,11,0
2024-10-23,SKU-C,3,0
2024-10-24,SKU-C,4,0
2024-10-25,SKU-C,11,0
2024-10-26,SKU-C,2,0
2024-10-27,SKU-C,9,0
2024-10-28,SKU-C,10,0
2024-10-29,SKU-C,1,0
2024-10-30,SKU-C,4,0
2024-10-31,SKU-C,5,0
2024-11-01,SKU-C,5,0
2024-11-02,SKU-C,8,0
2024-11-03,SKU-C,3,0
2024-11-04,SKU-C,4,0
2024-11-05,SKU-C,5,0
2024-11-06,SKU-C,3,0
2024-11-07,SKU-C,9,0
2024-11-08,SKU-C,1,0
2024-11-09,SKU-C,6,0
2024-11-10,SKU-C,10,0
2024-11-11,SKU-C,0,0
2024-11-12,SKU-C,2,0
2024-11-13,SKU-C,4,0
2024-11-14,SKU-C,2,0
2024-11-15,SKU-C,2,0
2024-11-16,SKU-C,14,1
2024-11-17,SKU-C,4,0
2024-11-18,SKU-C,13,1
2024-11-19,SKU-C,4,0
2024-11-20,SKU-C,10,1
2024-11-21,SKU-C,2,0
2024-11-22,SKU-C,4,0
2024-11-23,SKU-C,4,0
2024-11-24,SKU-C,10,0
2024-11-25,SKU-C,4,0
2024-11-26,SKU-C,4,0
2024-11-27,SKU-C,2,0
2024-11-28,SKU-C,10,0
2024-11-29,SKU-C,5,0
2024-11-30,SKU-C,7,0
2024-12-01,SKU-C,9,0
2024-12-02,SKU-C,6,0
2024-12-03,SKU-C,1,0
2024-12-04,SKU-C,6,0
2024-12-05,SKU-C,2,0
2024-12-06,SKU-C,2,1
2024-12-07,SKU-C,6,0
2024-12-08,SKU-C,12,0
2024-12-09,SKU-C,5,0
2024-12-10,SKU-C,6,1
2024-12-11,SKU-C,4,0
2024-12-12,SKU-C,7,0
2024-12-13,SKU-C,5,0
2024-12-14,SKU-C,1,0
2024-12-15,SKU-C,10,0
2024-12-16,SKU-C,4,0
2024-12-17,SKU-C,2,0
2024-12-18,SKU-C,5,0
2024-12-19,SKU-C,3,0
2024-12-20,SKU-C,8,0
2024-12-21,SKU-C,6,0
2024-12-22,SKU-C,9,0
2024-12-23,SKU-C,6,0
2024-12-24,SKU-C,6,0
2024-12-25,SKU-C,11,1
2024-12-26,SKU-C,7,0
2024-12-27,SKU-C,2,0
2024-12-28,SKU-C,3,0
2024-12-29,SKU-C,5,0
2024-12-30,SKU-C,4,0
2024-12-31,SKU-C,5,0
2025-01-01,SKU-C,1,0
2025-01-02,SKU-C,4,0
2025-01-03,SKU-C,4,0
2025-01-04,SKU-C,10,1
2025-01-05,SKU-C,4,0
2025-01-06,SKU-C,4,0
2025-01-07,SKU-C,0,0
2025-01-08,SKU-C,12,0
2025-01-09,SKU-C,4,0
2025-01-10,SKU-C,6,0
2025-01-11,SKU-C,6,0
2025-01-12,SKU-C,11,0
2025-01-13,SKU-C,4,0
2025-01-14,SKU-C,9,1
2025-01-15,SKU-C,0,0
2025-01-16,SKU-C,3,0
2025-01-17,SKU-C,3,0
2025-01-18,SKU-C,3,0
2025-01-19,SKU-C,5,0
2025-01-20,SKU-C,2,0
2025-01-21,SKU-C,7,0
2025-01-22,SKU-C,7,0
2025-01-23,SKU-C,3,0
2025-01-24,SKU-C,4,0
2025-01-25,SKU-C,7,0
2025-01-26,SKU-C,2,0
2025-01-27,SKU-C,5,0
2025-01-28,SKU-C,4,0
2025-01-29,SKU-C,5,0
2025-01-30,SKU-C,7,1
2025-01-31,SKU-C,4,0
2025-02-01,SKU-C,1,0
2025-02-02,SKU-C,6,0
2025-02-03,SKU-C,2,0
2025-02-04,SKU-C,4,0
2025-02-05,SKU-C,4,0
2025-02-06,SKU-C,6,0
2025-02-07,SKU-C,7,1
2025-02-08,SKU-C,10,1
2025-02-09,SKU-C,9,0
2025-02-10,SKU-C,3,0
2025-02-11,SKU-C,7,0
2025-02-12,SKU-C,1,0
2025-02-13,SKU-C,4,0
2025-02-14,SKU-C,5,0
2025-02-15,SKU-C,4,0
2025-02-16,SKU-C,1,0
2025-02-17,SKU-C,1,0
2025-02-18,SKU-C,5,0
2025-02-19,SKU-C,6,0
2025-02-20,SKU-C,11,0
2025-02-21,SKU-C,5,0
2025-02-22,SKU-C,9,0
2025-02-23,SKU-C,13,1
2025-02-24,SKU-C,2,0
2025-02-25,SKU-C,1,0
2025-02-26,SKU-C,6,0
2025-02-27,SKU-C,5,0
2025-02-28,SKU-C,2,0
2025-03-01,SKU-C,11,0
2025-03-02,SKU-C,9,0
2025-03-03,SKU-C,4,0
2025-03-04,SKU-C,5,0
2025-03-05,SKU-C,4,0
2025-03-06,SKU-C,4,0
2025-03-07,SKU-C,3,0
2025-03-08,SKU-C,6,0
2025-03-09,SKU-C,2,0
2025-03-10,SKU-C,3,0
2025-03-11,SKU-C,3,0
2025-03-12,SKU-C,3,0
2025-03-13,SKU-C,2,0
2025-03-14,SKU-C,1,0
2025-03-15,SKU-C,3,0
2025-03-16,SKU-C,10,0
2025-03-17,SKU-C,1,0
2025-03-18,SKU-C,2,0
2025-03-19,SKU-C,3,0
2025-03-20,SKU-C,4,0
2025-03-21,SKU-C,4,0
2025-03-22,SKU-C,9,0
2025-03-23,SKU-C,2,0
2025-03-24,SKU-C,2,0
2025-03-25,SKU-C,1,0
2025-03-26,SKU-C,2,0
2025-03-27,SKU-C,3,0
2025-03-28,SKU-C,0,0
2025-03-29,SKU-C,8,0
2025-03-30,SKU-C,2,0
2025-03-31,SKU-C,6,0
2025-04-01,SKU-C,3,1
2025-04-02,SKU-C,1,0
2025-04-03,SKU-C,2,0
2025-04-04,SKU-C,3,0
2025-04-05,SKU-C,6,0
2025-04-06,SKU-C,8,0
2025-04-07,SKU-C,3,0
2025-04-08,SKU-C,4,0
2025-04-09,SKU-C,7,0
2025-04-10,SKU-C,1,0
2025-04-11,SKU-C,9,0
2025-04-12,SKU-C,5,0
2025-04-13,SKU-C,8,0
2025-04-14,SKU-C,4,0
2025-04-15,SKU-C,3,0
2025-04-16,SKU-C,3,0
2025-04-17,SKU-C,5,0
2025-04-18,SKU-C,5,0
2025-04-19,SKU-C,4,1
2025-04-20,SKU-C,16,1
2025-04-21,SKU-C,3,0
2025-04-22,SKU-C,4,0
2025-04-23,SKU-C,6,0
2025-04-24,SKU-C,6,0
2025-04-25,SKU-C,3,0
2025-04-26,SKU-C,4,0
2025-04-27,SKU-C,6,0
2025-04-28,SKU-C,6,0
2025-04-29,SKU-C,1,0
2025-04-30,SKU-C,2,0
2025-05-01,SKU-C,5,0
2025-05-02,SKU-C,3,0
2025-05-03,SKU-C,6,0
2025-05-04,SKU-C,5,0
2025-05-05,SKU-C,3,0
2025-05-06,SKU-C,2,0
2025-05-07,SKU-C,7,0
2025-05-08,SKU-C,0,0
2025-05-09,SKU-C,1,0
2025-05-10,SKU-C,5,0
2025-05-11,SKU-C,6,0
2025-05-12,SKU-C,1,0
2025-05-13,SKU-C,4,0
2025-05-14,SKU-C,2,0
2025-05-15,SKU-C,6,0
2025-05-16,SKU-C,4,0
2025-05-17,SKU-C,6,0
2025-05-18,SKU-C,4,0
2025-05-19,SKU-C,5,0
2025-05-20,SKU-C,4,0
2025-05-21,SKU-C,3,0
2025-05-22,SKU-C,1,0
2025-05-23,SKU-C,2,0
2025-05-24,SKU-C,1,0
2025-05-25,SKU-C,2,0
2025-05-26,SKU-C,8,0
2025-05-27,SKU-C,4,0
2025-05-28,SKU-C,4,0
2025-05-29,SKU-C,3,0
2025-05-30,SKU-C,7,1
2025-05-31,SKU-C,2,0
2025-06-01,SKU-C,3,1
2025-06-02,SKU-C,4,0
2025-06-03,SKU-C,0,0
2025-06-04,SKU-C,9,0
2025-06-05,SKU-C,4,1
2025-06-06,SKU-C,11,1
2025-06-07,SKU-C,4,0
2025-06-08,SKU-C,7,0
2025-06-09,SKU-C,1,0
2025-06-10,SKU-C,8,0
2025-06-11,SKU-C,4,0
2025-06-12,SKU-C,4,1
2025-06-13,SKU-C,2,0
2025-06-14,SKU-C,2,0
2025-06-15,SKU-C,6,0
2025-06-16,SKU-C,4,0
2025-06-17,SKU-C,6,0
2025-06-18,SKU-C,11,1
2025-06-19,SKU-C,1,0
2025-06-20,SKU-C,5,0
2025-06-21,SKU-C,2,0
2025-06-22,SKU-C,1,0
2025-06-23,SKU-C,4,0
2025-06-24,SKU-C,4,0
2025-06-25,SKU-C,7,0
2025-06-26,SKU-C,6,0
2025-06-27,SKU-C,1,0
2025-06-28,SKU-C,8,0
2025-06-29,SKU-C,3,0
2025-06-30,SKU-C,2,0
2025-07-01,SKU-C,4,0
2025-07-02,SKU-C,5,0
2025-07-03,SKU-C,8,0
2025-07-04,SKU-C,5,0
2025-07-05,SKU-C,1,0
2025-07-06,SKU-C,2,0
2025-07-07,SKU-C,2,0
2025-07-08,SKU-C,1,0
2025-07-09,SKU-C,3,0
2025-07-10,SKU-C,2,0
2025-07-11,SKU-C,4,0
2025-07-12,SKU-C,8,0
2025-07-13,SKU-C,10,0
2025-07-14,SKU-C,0,0
2025-07-15,SKU-C,0,0
2025-07-16,SKU-C,7,0
2025-07-17,SKU-C,8,0
2025-07-18,SKU-C,4,0
2025-07-19,SKU-C,3,0
2025-07-20,SKU-C,2,0
2025-07-21,SKU-C,5,0
2025-07-22,SKU-C,4,0
2025-07-23,SKU-C,5,0
2025-07-24,SKU-C,1,0
2025-07-25,SKU-C,6,0
2025-07-26,SKU-C,2,1
2025-07-27,SKU-C,6,0
2025-07-28,SKU-C,3,0
2025-07-29,SKU-C,3,0
2025-07-30,SKU-C,3,0
2025-07-31,SKU-C,5,1
2025-08-01,SKU-C,4,0
2025-08-02,SKU-C,3,0
2025-08-03,SKU-C,6,0
2025-08-04,SKU-C,2,1
2025-08-05,SKU-C,4,0
2025-08-06,SKU-C,2,0
2025-08-07,SKU-C,6,0
2025-08-08,SKU-C,4,0
2025-08-09,SKU-C,4,0
2025-08-10,SKU-C,5,0
2025-08-11,SKU-C,2,0
2025-08-12,SKU-C,8,0
2025-08-13,SKU-C,9,0
2025-08-14,SKU-C,2,0
2025-08-15,SKU-C,1,0
2025-08-16,SKU-C,11,0
2025-08-17,SKU-C,6,0
2025-08-18,SKU-C,5,0
2025-08-19,SKU-C,1,1
2025-08-20,SKU-C,1,0
2025-08-21,SKU-C,4,0
2025-08-22,SKU-C,2,0
2025-08-23,SKU-C,0,0
2025-08-24,SKU-C,6,0
2025-08-25,SKU-C,2,0
2025-08-26,SKU-C,5,1
2025-08-27,SKU-C,1,0
2025-08-28,SKU-C,4,0
2025-08-29,SKU-C,5,0
2025-08-30,SKU-C,3,0
2025-08-31,SKU-C,6,0
2025-09-01,SKU-C,2,0
2025-09-02,SKU-C,3,0
2025-09-03,SKU-C,4,0
2025-09-04,SKU-C,7,1
2025-09-05,SKU-C,3,0
2025-09-06,SKU-C,3,0
2025-09-07,SKU-C,15,1
2025-09-08,SKU-C,5,0
2025-09-09,SKU-C,5,0
2025-09-10,SKU-C,6,0
2025-09-11,SKU-C,4,0
2025-09-12,SKU-C,1,0
2025-09-13,SKU-C,5,1
2025-09-14,SKU-C,6,0
2025-09-15,SKU-C,3,0
2025-09-16,SKU-C,1,0
2025-09-17,SKU-C,4,0
2025-09-18,SKU-C,7,0
2025-09-19,SKU-C,5,0
2025-09-20,SKU-C,5,0
2025-09-21,SKU-C,4,0
2025-09-22,SKU-C,5,0
2025-09-23,SKU-C,2,0
2025-09-24,SKU-C,8,0
2025-09-25,SKU-C,0,0
2025-09-26,SKU-C,4,0
2025-09-27,SKU-C,9,0
2025-09-28,SKU-C,5,0
2025-09-29,SKU-C,2,0
2025-09-30,SKU-C,3,0
2025-10-01,SKU-C,4,0
2025-10-02,SKU-C,1,0
2025-10-03,SKU-C,11,0
2025-10-04,SKU-C,8,0
2025-10-05,SKU-C,9,1
2025-10-06,SKU-C,4,0
2025-10-07,SKU-C,4,0
2025-10-08,SKU-C,3,0
2025-10-09,SKU-C,6,1
2025-10-10,SKU-C,6,0
2025-10-11,SKU-C,2,0
2025-10-12,SKU-C,7,0
2025-10-13,SKU-C,15,0
2025-10-14,SKU-C,3,0
2025-10-15,SKU-C,2,0
2025-10-16,SKU-C,7,0
2025-10-17,SKU-C,1,0
2025-10-18,SKU-C,12,0
2025-10-19,SKU-C,2,0
2025-10-20,SKU-C,6,0
2025-10-21,SKU-C,5,1
2025-10-22,SKU-C,9,1
2025-10-23,SKU-C,10,0
2025-10-24,SKU-C,6,0
2025-10-25,SKU-C,3,0
2025-10-26,SKU-C,7,0
2025-10-27,SKU-C,6,0
2025-10-28,SKU-C,3,0
2025-10-29,SKU-C,3,0
2025-10-30,SKU-C,4,0
2025-10-31,SKU-C,4,0
2025-11-01,SKU-C,3,0
2025-11-02,SKU-C,6,0
2025-11-03,SKU-C,6,0
2025-11-04,SKU-C,9,0
2025-11-05,SKU-C,2,0
2025-11-06,SKU-C,5,0
2025-11-07,SKU-C,4,0
2025-11-08,SKU-C,5,0
2025-11-09,SKU-C,2,0
2025-11-10,SKU-C,1,0
2025-11-11,SKU-C,1,0
2025-11-12,SKU-C,5,0
2025-11-13,SKU-C,3,0
2025-11-14,SKU-C,2,0
2025-11-15,SKU-C,1,0
2025-11-16,SKU-C,3,0
2025-11-17,SKU-C,4,0
2025-11-18,SKU-C,4,0
2025-11-19,SKU-C,3,1
2025-11-20,SKU-C,5,0
2025-11-21,SKU-C,1,0
2025-11-22,SKU-C,1,0
2025-11-23,SKU-C,8,1
2025-11-24,SKU-C,3,0
2025-11-25,SKU-C,1,0
2025-11-26,SKU-C,8,0
2025-11-27,SKU-C,2,0
2025-11-28,SKU-C,1,0
2025-11-29,SKU-C,6,0
2025-11-30,SKU-C,12,0
2025-12-01,SKU-C,5,0
2025-12-02,SKU-C,4,0
2025-12-03,SKU-C,8,0
2025-12-04,SKU-C,8,0
2025-12-05,SKU-C,3,0
2025-12-06,SKU-C,4,0
2025-12-07,SKU-C,3,1
2025-12-08,SKU-C,2,1
2025-12-09,SKU-C,4,0
2025-12-10,SKU-C,3,0
2025-12-11,SKU-C,6,0
2025-12-12,SKU-C,11,0
2025-12-13,SKU-C,4,0
2025-12-14,SKU-C,9,0
2025-12-15,SKU-C,2,0
2025-12-16,SKU-C,6,0
2025-12-17,SKU-C,2,0
2025-12-18,SKU-C,2,0
2025-12-19,SKU-C,8,0
2025-12-20,SKU-C,6,0
2025-12-21,SKU-C,10,0
2025-12-22,SKU-C,2,0
2025-12-23,SKU-C,2,0
2025-12-24,SKU-C,6,0
2025-12-25,SKU-C,2,0
2025-12-26,SKU-C,3,0
2025-12-27,SKU-C,3,0
2025-12-28,SKU-C,2,0
2025-12-29,SKU-C,6,0
2025-12-30,SKU-C,2,0
2025-12-31,SKU-C,2,0
2026-01-01,SKU-C,3,0
2026-01-02,SKU-C,2,0
2026-01-03,SKU-C,8,0
2026-01-04,SKU-C,10,0
2026-01-05,SKU-C,8,1
2026-01-06,SKU-C,3,0
2026-01-07,SKU-C,2,0
2026-01-08,SKU-C,5,0
2026-01-09,SKU-C,5,0
2026-01-10,SKU-C,9,0
2026-01-11,SKU-C,5,0
2026-01-12,SKU-C,5,0
2026-01-13,SKU-C,1,0
2026-01-14,SKU-C,3,0
2026-01-15,SKU-C,6,1
2026-01-16,SKU-C,6,0
2026-01-17,SKU-C,6,0
2026-01-18,SKU-C,4,1
2026-01-19,SKU-C,4,0
2026-01-20,SKU-C,1,0
2026-01-21,SKU-C,1,0
2026-01-22,SKU-C,3,0
2026-01-23,SKU-C,4,0
2026-01-24,SKU-C,7,0
2026-01-25,SKU-C,1,0
2026-01-26,SKU-C,0,0
2026-01-27,SKU-C,4,0
2026-01-28,SKU-C,5,0
2026-01-29,SKU-C,3,0
2026-01-30,SKU-C,1,0
2026-01-31,SKU-C,4,0
2026-02-01,SKU-C,0,0
2026-02-02,SKU-C,2,0
2026-02-03,SKU-C,2,0
2026-02-04,SKU-C,4,0
2026-02-05,SKU-C,4,0
2026-02-06,SKU-C,3,0
2026-02-07,SKU-C,4,0
2026-02-08,SKU-C,4,0
2026-02-09,SKU-C,8,0
2026-02-10,SKU-C,4,0
2026-02-11,SKU-C,1,0
2026-02-12,SKU-C,3,0
2026-02-13,SKU-C,1,0
2026-02-14,SKU-C,3,0
2026-02-15,SKU-C,5,0
2026-02-16,SKU-C,3,0
2026-02-17,SKU-C,1,0
2026-02-18,SKU-C,5,0
2026-02-19,SKU-C,6,0
2026-02-20,SKU-C,6,0
2026-02-21,SKU-C,1,0
2026-02-22,SKU-C,3,0
2026-02-23,SKU-C,7,0
2026-02-24,SKU-C,8,0
2026-02-25,SKU-C,1,0
2026-02-26,SKU-C,6,0
2026-02-27,SKU-C,2,0
2026-02-28,SKU-C,7,0
2026-03-01,SKU-C,4,0
2026-03-02,SKU-C,7,0
2026-03-03,SKU-C,6,0
2026-03-04,SKU-C,0,0
2026-03-05,SKU-C,2,0
2026-03-06,SKU-C,3,0
2026-03-07,SKU-C,5,0
2026-03-08,SKU-C,4,0
2026-03-09,SKU-C,9,1
2026-03-10,SKU-C,3,0
2026-03-11,SKU-C,4,0
2026-03-12,SKU-C,8,0
2026-03-13,SKU-C,5,1
2026-03-14,SKU-C,0,0
2026-03-15,SKU-C,7,0
2026-03-16,SKU-C,3,1
2026-03-17,SKU-C,3,0
2026-03-18,SKU-C,2,0
2026-03-19,SKU-C,1,0
2026-03-20,SKU-C,4,0
2026-03-21,SKU-C,1,0
2026-03-22,SKU-C,6,0
2026-03-23,SKU-C,1,0
2026-03-24,SKU-C,5,0
2026-03-25,SKU-C,4,0
2026-03-26,SKU-C,11,0
2026-03-27,SKU-C,6,0
2026-03-28,SKU-C,1,0
2026-03-29,SKU-C,6,0
2026-03-30,SKU-C,5,0
2026-03-31,SKU-C,2,0
2026-04-01,SKU-C,5,0
2026-04-02,SKU-C,7,0
2026-04-03,SKU-C,5,0
2026-04-04,SKU-C,2,0
2026-04-05,SKU-C,2,0
2026-04-06,SKU-C,4,0
2026-04-07,SKU-C,6,0
2026-04-08,SKU-C,7,1
2026-04-09,SKU-C,7,0
2026-04-10,SKU-C,6,0
2026-04-11,SKU-C,4,0
2026-04-12,SKU-C,3,0
2026-04-13,SKU-C,3,0
2026-04-14,SKU-C,2,0
2026-04-15,SKU-C,9,0
2026-04-16,SKU-C,7,0
2026-04-17,SKU-C,3,0
2026-04-18,SKU-C,6,0
2026-04-19,SKU-C,4,0
2026-04-20,SKU-C,6,0
2026-04-21,SKU-C,15,1
2026-04-22,SKU-C,6,0
2026-04-23,SKU-C,3,0
2026-04-24,SKU-C,6,0
2026-04-25,SKU-C,5,0
2026-04-26,SKU-C,5,0
2026-04-27,SKU-C,7,0
2026-04-28,SKU-C,4,0
2026-04-29,SKU-C,1,0
2026-04-30,SKU-C,10,0
2026-05-01,SKU-C,3,0
2026-05-02,SKU-C,5,0
2026-05-03,SKU-C,6,0
2026-05-04,SKU-C,2,0
2026-05-05,SKU-C,3,0
2026-05-06,SKU-C,1,0
2026-05-07,SKU-C,6,0
2026-05-08,SKU-C,5,0
2026-05-09,SKU-C,10,1
2026-05-10,SKU-C,6,0
2026-05-11,SKU-C,3,0
2026-05-12,SKU-C,6,0
2026-05-13,SKU-C,4,0
2026-05-14,SKU-C,3,0
2026-05-15,SKU-C,1,0
2026-05-16,SKU-C,9,1
2026-05-17,SKU-C,4,0
2026-05-18,SKU-C,6,1
2026-05-19,SKU-C,1,0
2026-05-20,SKU-C,2,0
2026-05-21,SKU-C,3,0
2026-05-22,SKU-C,8,0
2026-05-23,SKU-C,7,0
2026-05-24,SKU-C,6,0
2026-05-25,SKU-C,3,1
2026-05-26,SKU-C,4,0
2026-05-27,SKU-C,4,0
2026-05-28,SKU-C,7,0
2026-05-29,SKU-C,3,0
2026-05-30,SKU-C,11,0
2026-05-31,SKU-C,2,0
2026-06-01,SKU-C,2,0
2026-06-02,SKU-C,3,0
2026-06-03,SKU-C,9,0
2026-06-04,SKU-C,6,0
2026-06-05,SKU-C,7,1
2026-06-06,SKU-C,0,0
2026-06-07,SKU-C,7,0
2026-06-08,SKU-C,5,1
2026-06-09,SKU-C,0,1
2026-06-10,SKU-C,2,0
2026-06-11,SKU-C,2,0
2026-06-12,SKU-C,5,0
2026-06-13,SKU-C,9,0
2026-06-14,SKU-C,6,0
2026-06-15,SKU-C,2,0
2026-06-16,SKU-C,3,0
2026-06-17,SKU-C,6,0
2026-06-18,SKU-C,5,0
2026-06-19,SKU-C,5,0
2026-06-20,SKU-C,9,0
2026-06-21,SKU-C,6,0
2026-06-22,SKU-C,9,0
2026-06-23,SKU-C,8,0
2026-06-24,SKU-C,7,0
2026-06-25,SKU-C,6,0
2026-06-26,SKU-C,2,0
2026-06-27,SKU-C,6,1
2026-06-28,SKU-C,6,0
2026-06-29,SKU-C,5,0
2026-06-30,SKU-C,0,0
2026-07-01,SKU-C,5,0
2026-07-02,SKU-C,1,0
2026-07-03,SKU-C,4,0
2026-07-04,SKU-C,5,0
2026-07-05,SKU-C,4,0
2026-07-06,SKU-C,3,1
2026-07-07,SKU-C,3,0
2026-07-08,SKU-C,3,1
2026-07-09,SKU-C,4,0
2026-07-10,SKU-C,7,0
2026-07-11,SKU-C,7,0
2026-07-12,SKU-C,4,0
2026-07-13,SKU-C,2,0
2026-07-14,SKU-C,5,0
2026-07-15,SKU-C,4,0
2026-07-16,SKU-C,8,0
2026-07-17,SKU-C,4,0
2026-07-18,SKU-C,0,0
2026-07-19,SKU-C,4,1
2026-07-20,SKU-C,3,0
2026-07-21,SKU-C,3,0
2026-07-22,SKU-C,4,0
2026-07-23,SKU-C,6,0
2026-07-24,SKU-C,7,0
2026-07-25,SKU-C,9,0
2026-07-26,SKU-C,5,0
2026-07-27,SKU-C,4,0
2026-07-28,SKU-C,5,0
2026-07-29,SKU-C,2,0
2026-07-30,SKU-C,3,1
2026-07-31,SKU-C,10,0
2026-08-01,SKU-C,4,0
2026-08-02,SKU-C,5,0
2026-08-03,SKU-C,4,0
2026-08-04,SKU-C,5,0
2026-08-05,SKU-C,3,0
2026-08-06,SKU-C,4,0
2026-08-07,SKU-C,5,0
2026-08-08,SKU-C,9,0
2026-08-09,SKU-C,6,1
2026-08-10,SKU-C,9,0
2026-08-11,SKU-C,5,0
2026-08-12,SKU-C,3,0
2026-08-13,SKU-C,2,0
2026-08-14,SKU-C,10,0
2026-08-15,SKU-C,7,0
2026-08-16,SKU-C,1,0
2026-08-17,SKU-C,1,0
2026-08-18,SKU-C,4,0
2026-08-19,SKU-C,1,0
2026-08-20,SKU-C,8,0
2026-08-21,SKU-C,3,0
2026-08-22,SKU-C,2,0
2026-08-23,SKU-C,3,0
2026-08-24,SKU-C,5,0
2026-08-25,SKU-C,4,0
2026-08-26,SKU-C,6,0
2026-08-27,SKU-C,1,0
2026-08-28,SKU-C,4,0
2026-08-29,SKU-C,4,0
2026-08-30,SKU-C,5,0
2026-08-31,SKU-C,3,0
2026-09-01,SKU-C,4,0
2026-09-02,SKU-C,5,0
2026-09-03,SKU-C,4,0
2026-09-04,SKU-C,4,0
2026-09-05,SKU-C,8,0
2026-09-06,SKU-C,3,0
2026-09-07,SKU-C,3,0
2026-09-08,SKU-C,5,0
2026-09-09,SKU-C,1,0
2026-09-10,SKU-C,2,0
2026-09-11,SKU-C,0,0
2026-09-12,SKU-C,4,0
2026-09-13,SKU-C,9,0
2026-09-14,SKU-C,1,0
2026-09-15,SKU-C,3,0
2026-09-16,SKU-C,2,0
2026-09-17,SKU-C,6,0
2026-09-18,SKU-C,2,0
2026-09-19,SKU-C,3,0
2026-09-20,SKU-C,6,0
2026-09-21,SKU-C,4,0
2026-09-22,SKU-C,10,0
2026-09-23,SKU-C,5,1
2026-09-24,SKU-C,6,0
2026-09-25,SKU-C,9,0
2026-09-26,SKU-C,2,0
2026-09-27,SKU-C,3,0
2026-09-28,SKU-C,3,0
2026-09-29,SKU-C,2,0
2026-09-30,SKU-C,0,0
2024-10-01,SKU-101,1,0
2024-10-02,SKU-101,15,0
2024-10-03,SKU-101,6,0
2024-10-04,SKU-101,18,0
2024-10-05,SKU-101,9,0
2024-10-06,SKU-101,9,0
2024-10-07,SKU-101,13,0
2024-10-08,SKU-101,10,0
2024-10-09,SKU-101,12,0
2024-10-10,SKU-101,6,0
2024-10-11,SKU-101,3,0
2024-10-12,SKU-101,10,0
2024-10-13,SKU-101,11,0
2024-10-14,SKU-101,5,0
2024-10-15,SKU-101,19,0
2024-10-16,SKU-101,15,1
2024-10-17,SKU-101,17,0
2024-10-18,SKU-101,30,0
2024-10-19,SKU-101,15,0
2024-10-20,SKU-101,13,0
2024-10-21,SKU-101,18,0
2024-10-22,SKU-101,12,0
2024-10-23,SKU-101,16,0
2024-10-24,SKU-101,14,0
2024-10-25,SKU-101,16,0
2024-10-26,SKU-101,6,0
2024-10-27,SKU-101,25,0
2024-10-28,SKU-101,12,1
2024-10-29,SKU-101,24,0
2024-10-30,SKU-101,17,0
2024-10-31,SKU-101,27,0
2024-11-01,SKU-101,19,0
2024-11-02,SKU-101,19,0
2024-11-03,SKU-101,26,0
2024-11-04,SKU-101,14,0
2024-11-05,SKU-101,9,0
2024-11-06,SKU-101,14,0
2024-11-07,SKU-101,6,0
2024-11-08,SKU-101,24,0
2024-11-09,SKU-101,10,0
2024-11-10,SKU-101,15,0
2024-11-11,SKU-101,7,0
2024-11-12,SKU-101,10,0
2024-11-13,SKU-101,3,0
2024-11-14,SKU-101,7,0
2024-11-15,SKU-101,4,0
2024-11-16,SKU-101,2,0
2024-11-17,SKU-101,18,0
2024-11-18,SKU-101,5,0
2024-11-19,SKU-101,12,0
2024-11-20,SKU-101,5,0
2024-11-21,SKU-101,13,0
2024-11-22,SKU-101,12,0
2024-11-23,SKU-101,20,0
2024-11-24,SKU-101,23,0
2024-11-25,SKU-101,12,0
2024-11-26,SKU-101,11,0
2024-11-27,SKU-101,14,0
2024-11-28,SKU-101,16,0
2024-11-29,SKU-101,5,0
2024-11-30,SKU-101,16,0
2024-12-01,SKU-101,26,0
2024-12-02,SKU-101,10,1
2024-12-03,SKU-101,16,0
2024-12-04,SKU-101,8,0
2024-12-05,SKU-101,3,0
2024-12-06,SKU-101,25,1
2024-12-07,SKU-101,28,0
2024-12-08,SKU-101,14,0
2024-12-09,SKU-101,8,0
2024-12-10,SKU-101,8,0
2024-12-11,SKU-101,9,0
2024-12-12,SKU-101,16,0
2024-12-13,SKU-101,19,0
2024-12-14,SKU-101,20,0
2024-12-15,SKU-101,7,0
2024-12-16,SKU-101,4,0
2024-12-17,SKU-101,14,0
2024-12-18,SKU-101,6,0
2024-12-19,SKU-101,20,0
2024-12-20,SKU-101,19,0
2024-12-21,SKU-101,25,0
2024-12-22,SKU-101,5,0
2024-12-23,SKU-101,2,0
2024-12-24,SKU-101,5,0
2024-12-25,SKU-101,10,0
2024-12-26,SKU-101,21,0
2024-12-27,SKU-101,5,0
2024-12-28,SKU-101,18,0
2024-12-29,SKU-101,22,0
2024-12-30,SKU-101,7,0
2024-12-31,SKU-101,10,1
2025-01-01,SKU-101,14,1
2025-01-02,SKU-101,14,0
2025-01-03,SKU-101,15,0
2025-01-04,SKU-101,26,1
2025-01-05,SKU-101,23,0
2025-01-06,SKU-101,5,0
2025-01-07,SKU-101,3,0
2025-01-08,SKU-101,18,0
2025-01-09,SKU-101,9,0
2025-01-10,SKU-101,23,0
2025-01-11,SKU-101,10,0
2025-01-12,SKU-101,5,0
2025-01-13,SKU-101,11,0
2025-01-14,SKU-101,11,0
2025-01-15,SKU-101,12,0
2025-01-16,SKU-101,9,0
2025-01-17,SKU-101,17,0
2025-01-18,SKU-101,10,1
2025-01-19,SKU-101,14,0
2025-01-20,SKU-101,10,0
2025-01-21,SKU-101,13,0
2025-01-22,SKU-101,4,0
2025-01-23,SKU-101,11,0
2025-01-24,SKU-101,18,0
2025-01-25,SKU-101,11,0
2025-01-26,SKU-101,29,1
2025-01-27,SKU-101,13,0
2025-01-28,SKU-101,8,0
2025-01-29,SKU-101,13,0
2025-01-30,SKU-101,5,0
2025-01-31,SKU-101,29,0
2025-02-01,SKU-101,27,0
2025-02-02,SKU-101,12,0
2025-02-03,SKU-101,17,0
2025-02-04,SKU-101,10,0
2025-02-05,SKU-101,9,0
2025-02-06,SKU-101,5,0
2025-02-07,SKU-101,14,0
2025-02-08,SKU-101,4,0
2025-02-09,SKU-101,17,0
2025-02-10,SKU-101,14,0
2025-02-11,SKU-101,7,0
2025-02-12,SKU-101,13,0
2025-02-13,SKU-101,12,0
2025-02-14,SKU-101,8,0
2025-02-15,SKU-101,8,1
2025-02-16,SKU-101,6,0
2025-02-17,SKU-101,8,0
2025-02-18,SKU-101,12,0
2025-02-19,SKU-101,6,0
2025-02-20,SKU-101,24,0
2025-02-21,SKU-101,19,0
2025-02-22,SKU-101,6,0
2025-02-23,SKU-101,21,0
2025-02-24,SKU-101,7,0
2025-02-25,SKU-101,4,0
2025-02-26,SKU-101,13,0
2025-02-27,SKU-101,7,0
2025-02-28,SKU-101,26,0
2025-03-01,SKU-101,22,0
2025-03-02,SKU-101,8,0
2025-03-03,SKU-101,25,0
2025-03-04,SKU-101,15,0
2025-03-05,SKU-101,11,0
2025-03-06,SKU-101,11,0
2025-03-07,SKU-101,11,0
2025-03-08,SKU-101,28,0
2025-03-09,SKU-101,17,0
2025-03-10,SKU-101,16,0
2025-03-11,SKU-101,19,0
2025-03-12,SKU-101,3,0
2025-03-13,SKU-101,25,1
2025-03-14,SKU-101,7,0
2025-03-15,SKU-101,16,0
2025-03-16,SKU-101,10,0
2025-03-17,SKU-101,8,0
2025-03-18,SKU-101,14,0
2025-03-19,SKU-101,14,0
2025-03-20,SKU-101,6,0
2025-03-21,SKU-101,23,0
2025-03-22,SKU-101,7,0
2025-03-23,SKU-101,18,0
2025-03-24,SKU-101,15,0
2025-03-25,SKU-101,11,0
2025-03-26,SKU-101,6,0
2025-03-27,SKU-101,5,0
2025-03-28,SKU-101,13,0
2025-03-29,SKU-101,19,0
2025-03-30,SKU-101,13,0
2025-03-31,SKU-101,16,0
2025-04-01,SKU-101,6,0
2025-04-02,SKU-101,11,0
2025-04-03,SKU-101,21,1
2025-04-04,SKU-101,9,0
2025-04-05,SKU-101,14,0
2025-04-06,SKU-101,25,1
2025-04-07,SKU-101,16,0
2025-04-08,SKU-101,8,0
2025-04-09,SKU-101,13,0
2025-04-10,SKU-101,7,0
2025-04-11,SKU-101,3,0
2025-04-12,SKU-101,15,0
2025-04-13,SKU-101,20,0
2025-04-14,SKU-101,10,0
2025-04-15,SKU-101,7,0
2025-04-16,SKU-101,10,0
2025-04-17,SKU-101,27,0
2025-04-18,SKU-101,12,0
2025-04-19,SKU-101,20,0
2025-04-20,SKU-101,15,1
2025-04-21,SKU-101,16,0
2025-04-22,SKU-101,15,0
2025-04-23,SKU-101,7,0
2025-04-24,SKU-101,11,0
2025-04-25,SKU-101,14,0
2025-04-26,SKU-101,12,1
2025-04-27,SKU-101,12,0
2025-04-28,SKU-101,6,1
2025-04-29,SKU-101,13,0
2025-04-30,SKU-101,6,0
2025-05-01,SKU-101,10,0
2025-05-02,SKU-101,12,1
2025-05-03,SKU-101,8,0
2025-05-04,SKU-101,10,0
2025-05-05,SKU-101,9,0
2025-05-06,SKU-101,11,0
2025-05-07,SKU-101,5,0
2025-05-08,SKU-101,27,0
2025-05-09,SKU-101,12,0
2025-05-10,SKU-101,16,0
2025-05-11,SKU-101,11,0
2025-05-12,SKU-101,10,0
2025-05-13,SKU-101,17,1
2025-05-14,SKU-101,7,0
2025-05-15,SKU-101,21,0
2025-05-16,SKU-101,7,0
2025-05-17,SKU-101,13,0
2025-05-18,SKU-101,22,0
2025-05-19,SKU-101,4,0
2025-05-20,SKU-101,4,0
2025-05-21,SKU-101,13,1
2025-05-22,SKU-101,9,0
2025-05-23,SKU-101,18,0
2025-05-24,SKU-101,5,0
2025-05-25,SKU-101,11,0
2025-05-26,SKU-101,5,0
2025-05-27,SKU-101,5,0
2025-05-28,SKU-101,9,0
2025-05-29,SKU-101,4,0
2025-05-30,SKU-101,11,0
2025-05-31,SKU-101,19,0
2025-06-01,SKU-101,25,0
2025-06-02,SKU-101,9,0
2025-06-03,SKU-101,11,0
2025-06-04,SKU-101,12,0
2025-06-05,SKU-101,16,1
2025-06-06,SKU-101,24,0
2025-06-07,SKU-101,29,0
2025-06-08,SKU-101,24,0
2025-06-09,SKU-101,18,0
2025-06-10,SKU-101,15,0
2025-06-11,SKU-101,14,0
2025-06-12,SKU-101,12,0
2025-06-13,SKU-101,13,0
2025-06-14,SKU-101,16,0
2025-06-15,SKU-101,26,0
2025-06-16,SKU-101,9,0
2025-06-17,SKU-101,18,0
2025-06-18,SKU-101,8,0
2025-06-19,SKU-101,5,0
2025-06-20,SKU-101,13,0
2025-06-21,SKU-101,12,0
2025-06-22,SKU-101,22,0
2025-06-23,SKU-101,13,0
2025-06-24,SKU-101,5,0
2025-06-25,SKU-101,7,0
2025-06-26,SKU-101,6,0
2025-06-27,SKU-101,33,0
2025-06-28,SKU-101,14,0
2025-06-29,SKU-101,25,0
2025-06-30,SKU-101,26,0
2025-07-01,SKU-101,16,0
2025-07-02,SKU-101,17,0
2025-07-03,SKU-101,11,0
2025-07-04,SKU-101,11,0
2025-07-05,SKU-101,18,0
2025-07-06,SKU-101,10,0
2025-07-07,SKU-101,33,0
2025-07-08,SKU-101,11,0
2025-07-09,SKU-101,15,0
2025-07-10,SKU-101,9,0
2025-07-11,SKU-101,22,0
2025-07-12,SKU-101,9,0
2025-07-13,SKU-101,23,0
2025-07-14,SKU-101,3,0
2025-07-15,SKU-101,13,0
2025-07-16,SKU-101,10,0
2025-07-17,SKU-101,21,0
2025-07-18,SKU-101,12,0
2025-07-19,SKU-101,20,0
2025-07-20,SKU-101,23,0
2025-07-21,SKU-101,10,0
2025-07-22,SKU-101,4,0
2025-07-23,SKU-101,9,0
2025-07-24,SKU-101,15,0
2025-07-25,SKU-101,11,0
2025-07-26,SKU-101,19,0
2025-07-27,SKU-101,5,0
2025-07-28,SKU-101,12,0
2025-07-29,SKU-101,10,0
2025-07-30,SKU-101,8,0
2025-07-31,SKU-101,19,0
2025-08-01,SKU-101,13,0
2025-08-02,SKU-101,21,0
2025-08-03,SKU-101,24,0
2025-08-04,SKU-101,14,0
2025-08-05,SKU-101,6,0
2025-08-06,SKU-101,4,0
2025-08-07,SKU-101,11,0
2025-08-08,SKU-101,19,0
2025-08-09,SKU-101,11,0
2025-08-10,SKU-101,7,0
2025-08-11,SKU-101,12,0
2025-08-12,SKU-101,28,1
2025-08-13,SKU-101,17,0
2025-08-14,SKU-101,11,0
2025-08-15,SKU-101,32,0
2025-08-16,SKU-101,14,0
2025-08-17,SKU-101,16,0
2025-08-18,SKU-101,11,0
2025-08-19,SKU-101,12,0
2025-08-20,SKU-101,16,0
2025-08-21,SKU-101,12,0
2025-08-22,SKU-101,7,0
2025-08-23,SKU-101,20,0
2025-08-24,SKU-101,21,0
2025-08-25,SKU-101,11,0
2025-08-26,SKU-101,5,0
2025-08-27,SKU-101,25,1
2025-08-28,SKU-101,12,0
2025-08-29,SKU-101,21,0
2025-08-30,SKU-101,3,0
2025-08-31,SKU-101,19,0
2025-09-01,SKU-101,10,1
2025-09-02,SKU-101,19,0
2025-09-03,SKU-101,24,0
2025-09-04,SKU-101,7,0
2025-09-05,SKU-101,13,0
2025-09-06,SKU-101,12,0
2025-09-07,SKU-101,24,0
2025-09-08,SKU-101,15,0
2025-09-09,SKU-101,26,0
2025-09-10,SKU-101,25,1
2025-09-11,SKU-101,12,0
2025-09-12,SKU-101,9,0
2025-09-13,SKU-101,15,0
2025-09-14,SKU-101,16,0
2025-09-15,SKU-101,6,0
2025-09-16,SKU-101,11,0
2025-09-17,SKU-101,10,0
2025-09-18,SKU-101,10,0
2025-09-19,SKU-101,7,0
2025-09-20,SKU-101,12,0
2025-09-21,SKU-101,28,1
2025-09-22,SKU-101,10,0
2025-09-23,SKU-101,8,0
2025-09-24,SKU-101,12,0
2025-09-25,SKU-101,7,0
2025-09-26,SKU-101,12,0
2025-09-27,SKU-101,20,0
2025-09-28,SKU-101,13,0
2025-09-29,SKU-101,2,0
2025-09-30,SKU-101,18,1
2025-10-01,SKU-101,11,0
2025-10-02,SKU-101,21,0
2025-10-03,SKU-101,8,0
2025-10-04,SKU-101,26,0
2025-10-05,SKU-101,20,0
2025-10-06,SKU-101,18,0
2025-10-07,SKU-101,10,0
2025-10-08,SKU-101,9,0
2025-10-09,SKU-101,10,0
2025-10-10,SKU-101,20,0
2025-10-11,SKU-101,14,0
2025-10-12,SKU-101,25,0
2025-10-13,SKU-101,11,0
2025-10-14,SKU-101,18,1
2025-10-15,SKU-101,25,1
2025-10-16,SKU-101,41,1
2025-10-17,SKU-101,15,0
2025-10-18,SKU-101,20,0
2025-10-19,SKU-101,22,0
2025-10-20,SKU-101,41,1
2025-10-21,SKU-101,40,1
2025-10-22,SKU-101,11,0
2025-10-23,SKU-101,32,0
2025-10-24,SKU-101,8,0
2025-10-25,SKU-101,9,0
2025-10-26,SKU-101,14,0
2025-10-27,SKU-101,8,0
2025-10-28,SKU-101,8,0
2025-10-29,SKU-101,18,0
2025-10-30,SKU-101,3,0
2025-10-31,SKU-101,8,0
2025-11-01,SKU-101,3,0
2025-11-02,SKU-101,9,0
2025-11-03,SKU-101,14,0
2025-11-04,SKU-101,21,1
2025-11-05,SKU-101,12,0
2025-11-06,SKU-101,9,0
2025-11-07,SKU-101,15,1
2025-11-08,SKU-101,27,0
2025-11-09,SKU-101,18,0
2025-11-10,SKU-101,6,0
2025-11-11,SKU-101,12,0
2025-11-12,SKU-101,25,0
2025-11-13,SKU-101,10,0
2025-11-14,SKU-101,11,0
2025-11-15,SKU-101,28,0
2025-11-16,SKU-101,9,0
2025-11-17,SKU-101,12,0
2025-11-18,SKU-101,4,0
2025-11-19,SKU-101,14,0
2025-11-20,SKU-101,3,0
2025-11-21,SKU-101,25,0
2025-11-22,SKU-101,9,0
2025-11-23,SKU-101,15,0
2025-11-24,SKU-101,5,0
2025-11-25,SKU-101,5,0
2025-11-26,SKU-101,10,0
2025-11-27,SKU-101,21,0
2025-11-28,SKU-101,15,0
2025-11-29,SKU-101,10,0
2025-11-30,SKU-101,10,0
2025-12-01,SKU-101,15,0
2025-12-02,SKU-101,8,0
2025-12-03,SKU-101,10,0
2025-12-04,SKU-101,14,0
2025-12-05,SKU-101,15,0
2025-12-06,SKU-101,7,0
2025-12-07,SKU-101,13,0
2025-12-08,SKU-101,13,0
2025-12-09,SKU-101,24,1
2025-12-10,SKU-101,7,0
2025-12-11,SKU-101,37,1
2025-12-12,SKU-101,14,0
2025-12-13,SKU-101,16,0
2025-12-14,SKU-101,13,0
2025-12-15,SKU-101,14,0
2025-12-16,SKU-101,11,0
2025-12-17,SKU-101,11,0
2025-12-18,SKU-101,5,0
2025-12-19,SKU-101,17,0
2025-12-20,SKU-101,16,0
2025-12-21,SKU-101,20,0
2025-12-22,SKU-101,12,0
2025-12-23,SKU-101,12,0
2025-12-24,SKU-101,20,0
2025-12-25,SKU-101,15,0
2025-12-26,SKU-101,8,0
2025-12-27,SKU-101,6,0
2025-12-28,SKU-101,31,0
2025-12-29,SKU-101,21,0
2025-12-30,SKU-101,4,0
2025-12-31,SKU-101,30,1
2026-01-01,SKU-101,16,0
2026-01-02,SKU-101,12,0
2026-01-03,SKU-101,19,0
2026-01-04,SKU-101,7,1
2026-01-05,SKU-101,8,0
2026-01-06,SKU-101,11,0
2026-01-07,SKU-101,9,0
2026-01-08,SKU-101,27,1
2026-01-09,SKU-101,22,0
2026-01-10,SKU-101,19,1
2026-01-11,SKU-101,10,0
2026-01-12,SKU-101,7,0
2026-01-13,SKU-101,15,0
2026-01-14,SKU-101,11,0
2026-01-15,SKU-101,17,0
2026-01-16,SKU-101,10,0
2026-01-17,SKU-101,22,0
2026-01-18,SKU-101,21,0
2026-01-19,SKU-101,19,0
2026-01-20,SKU-101,13,0
2026-01-21,SKU-101,16,0
2026-01-22,SKU-101,12,0
2026-01-23,SKU-101,8,0
2026-01-24,SKU-101,13,0
2026-01-25,SKU-101,10,0
2026-01-26,SKU-101,4,0
2026-01-27,SKU-101,4,0
2026-01-28,SKU-101,11,0
2026-01-29,SKU-101,12,0
2026-01-30,SKU-101,11,0
2026-01-31,SKU-101,12,0
2026-02-01,SKU-101,19,0
2026-02-02,SKU-101,24,1
2026-02-03,SKU-101,23,0
2026-02-04,SKU-101,13,0
2026-02-05,SKU-101,13,0
2026-02-06,SKU-101,17,1
2026-02-07,SKU-101,16,0
2026-02-08,SKU-101,16,0
2026-02-09,SKU-101,15,0
2026-02-10,SKU-101,21,0
2026-02-11,SKU-101,2,0
2026-02-12,SKU-101,23,0
2026-02-13,SKU-101,18,0
2026-02-14,SKU-101,22,0
2026-02-15,SKU-101,11,0
2026-02-16,SKU-101,12,0
2026-02-17,SKU-101,14,0
2026-02-18,SKU-101,18,0
2026-02-19,SKU-101,10,0
2026-02-20,SKU-101,14,0
2026-02-21,SKU-101,9,0
2026-02-22,SKU-101,7,0
2026-02-23,SKU-101,5,0
2026-02-24,SKU-101,11,0
2026-02-25,SKU-101,10,0
2026-02-26,SKU-101,14,0
2026-02-27,SKU-101,26,0
2026-02-28,SKU-101,21,0
2026-03-01,SKU-101,15,0
2026-03-02,SKU-101,1,0
2026-03-03,SKU-101,17,0
2026-03-04,SKU-101,6,0
2026-03-05,SKU-101,11,0
2026-03-06,SKU-101,11,0
2026-03-07,SKU-101,13,0
2026-03-08,SKU-101,9,0
2026-03-09,SKU-101,6,0
2026-03-10,SKU-101,10,0
2026-03-11,SKU-101,7,0
2026-03-12,SKU-101,20,0
2026-03-13,SKU-101,14,0
2026-03-14,SKU-101,13,0
2026-03-15,SKU-101,15,0
2026-03-16,SKU-101,13,0
2026-03-17,SKU-101,11,0
2026-03-18,SKU-101,3,0
2026-03-19,SKU-101,19,0
2026-03-20,SKU-101,13,0
2026-03-21,SKU-101,15,0
2026-03-22,SKU-101,19,0
2026-03-23,SKU-101,33,0
2026-03-24,SKU-101,3,0
2026-03-25,SKU-101,13,0
2026-03-26,SKU-101,9,0
2026-03-27,SKU-101,20,1
2026-03-28,SKU-101,10,0
2026-03-29,SKU-101,18,0
2026-03-30,SKU-101,7,0
2026-03-31,SKU-101,17,0
2026-04-01,SKU-101,11,0
2026-04-02,SKU-101,14,0
2026-04-03,SKU-101,18,1
2026-04-04,SKU-101,16,0
2026-04-05,SKU-101,9,0
2026-04-06,SKU-101,10,0
2026-04-07,SKU-101,7,0
2026-04-08,SKU-101,11,0
2026-04-09,SKU-101,13,0
2026-04-10,SKU-101,23,0
2026-04-11,SKU-101,23,0
2026-04-12,SKU-101,34,0
2026-04-13,SKU-101,11,0
2026-04-14,SKU-101,29,1
2026-04-15,SKU-101,20,0
2026-04-16,SKU-101,12,0
2026-04-17,SKU-101,9,0
2026-04-18,SKU-101,9,0
2026-04-19,SKU-101,11,0
2026-04-20,SKU-101,9,0
2026-04-21,SKU-101,10,0
2026-04-22,SKU-101,10,0
2026-04-23,SKU-101,9,0
2026-04-24,SKU-101,7,0
2026-04-25,SKU-101,14,0
2026-04-26,SKU-101,37,1
2026-04-27,SKU-101,5,0
2026-04-28,SKU-101,6,0
2026-04-29,SKU-101,21,0
2026-04-30,SKU-101,10,0
2026-05-01,SKU-101,14,0
2026-05-02,SKU-101,22,0
2026-05-03,SKU-101,5,0
2026-05-04,SKU-101,5,0
2026-05-05,SKU-101,8,0
2026-05-06,SKU-101,13,1
2026-05-07,SKU-101,3,0
2026-05-08,SKU-101,12,0
2026-05-09,SKU-101,30,0
2026-05-10,SKU-101,12,0
2026-05-11,SKU-101,9,0
2026-05-12,SKU-101,7,0
2026-05-13,SKU-101,12,0
2026-05-14,SKU-101,10,0
2026-05-15,SKU-101,12,0
2026-05-16,SKU-101,29,0
2026-05-17,SKU-101,28,0
2026-05-18,SKU-101,5,0
2026-05-19,SKU-101,2,0
2026-05-20,SKU-101,4,0
2026-05-21,SKU-101,7,0
2026-05-22,SKU-101,16,0
2026-05-23,SKU-101,6,0
2026-05-24,SKU-101,16,0
2026-05-25,SKU-101,7,0
2026-05-26,SKU-101,13,0
2026-05-27,SKU-101,8,0
2026-05-28,SKU-101,6,0
2026-05-29,SKU-101,20,1
2026-05-30,SKU-101,27,0
2026-05-31,SKU-101,12,0
2026-06-01,SKU-101,10,0
2026-06-02,SKU-101,6,0
2026-06-03,SKU-101,14,1
2026-06-04,SKU-101,11,0
2026-06-05,SKU-101,17,0
2026-06-06,SKU-101,12,0
2026-06-07,SKU-101,14,0
2026-06-08,SKU-101,11,0
2026-06-09,SKU-101,10,0
2026-06-10,SKU-101,17,0
2026-06-11,SKU-101,21,0
2026-06-12,SKU-101,1,0
2026-06-13,SKU-101,38,0
2026-06-14,SKU-101,16,0
2026-06-15,SKU-101,3,0
2026-06-16,SKU-101,17,0
2026-06-17,SKU-101,7,0
2026-06-18,SKU-101,13,1
2026-06-19,SKU-101,6,0
2026-06-20,SKU-101,13,0
2026-06-21,SKU-101,18,0
2026-06-22,SKU-101,11,0
2026-06-23,SKU-101,7,0
2026-06-24,SKU-101,19,1
2026-06-25,SKU-101,19,0
2026-06-26,SKU-101,17,0
2026-06-27,SKU-101,22,0
2026-06-28,SKU-101,10,0
2026-06-29,SKU-101,23,0
2026-06-30,SKU-101,14,0
2026-07-01,SKU-101,9,0
2026-07-02,SKU-101,17,0
2026-07-03,SKU-101,12,0
2026-07-04,SKU-101,20,0
2026-07-05,SKU-101,31,0
2026-07-06,SKU-101,19,0
2026-07-07,SKU-101,10,0
2026-07-08,SKU-101,9,0
2026-07-09,SKU-101,9,0
2026-07-10,SKU-101,21,1
2026-07-11,SKU-101,6,0
2026-07-12,SKU-101,34,1
2026-07-13,SKU-101,10,0
2026-07-14,SKU-101,18,0
2026-07-15,SKU-101,17,0
2026-07-16,SKU-101,11,0
2026-07-17,SKU-101,13,0
2026-07-18,SKU-101,12,0
2026-07-19,SKU-101,9,0
2026-07-20,SKU-101,10,0
2026-07-21,SKU-101,8,0
2026-07-22,SKU-101,14,0
2026-07-23,SKU-101,18,1
2026-07-24,SKU-101,14,0
2026-07-25,SKU-101,16,0
2026-07-26,SKU-101,4,0
2026-07-27,SKU-101,5,0
2026-07-28,SKU-101,14,1
2026-07-29,SKU-101,16,0
2026-07-30,SKU-101,23,0
2026-07-31,SKU-101,21,1
2026-08-01,SKU-101,22,1
2026-08-02,SKU-101,17,0
2026-08-03,SKU-101,18,1
2026-08-04,SKU-101,10,0
2026-08-05,SKU-101,7,0
2026-08-06,SKU-101,11,0
2026-08-07,SKU-101,25,0
2026-08-08,SKU-101,19,0
2026-08-09,SKU-101,20,0
2026-08-10,SKU-101,5,0
2026-08-11,SKU-101,13,0
2026-08-12,SKU-101,21,0
2026-08-13,SKU-101,11,0
2026-08-14,SKU-101,18,0
2026-08-15,SKU-101,8,0
2026-08-16,SKU-101,17,0
2026-08-17,SKU-101,11,0
2026-08-18,SKU-101,5,0
2026-08-19,SKU-101,11,1
2026-08-20,SKU-101,13,0
2026-08-21,SKU-101,17,0
2026-08-22,SKU-101,24,0
2026-08-23,SKU-101,11,0
2026-08-24,SKU-101,9,0
2026-08-25,SKU-101,21,0
2026-08-26,SKU-101,14,0
2026-08-27,SKU-101,11,0
2026-08-28,SKU-101,14,0
2026-08-29,SKU-101,19,0
2026-08-30,SKU-101,12,0
2026-08-31,SKU-101,10,1
2026-09-01,SKU-101,17,0
2026-09-02,SKU-101,24,0
2026-09-03,SKU-101,34,0
2026-09-04,SKU-101,17,0
2026-09-05,SKU-101,4,0
2026-09-06,SKU-101,20,0
2026-09-07,SKU-101,2,0
2026-09-08,SKU-101,16,0
2026-09-09,SKU-101,9,0
2026-09-10,SKU-101,10,0
2026-09-11,SKU-101,14,0
2026-09-12,SKU-101,13,0
2026-09-13,SKU-101,23,0
2026-09-14,SKU-101,8,1
2026-09-15,SKU-101,14,0
2026-09-16,SKU-101,6,0
2026-09-17,SKU-101,29,0
2026-09-18,SKU-101,16,0
2026-09-19,SKU-101,10,0
2026-09-20,SKU-101,20,0
2026-09-21,SKU-101,9,0
2026-09-22,SKU-101,4,0
2026-09-23,SKU-101,20,0
2026-09-24,SKU-101,12,0
2026-09-25,SKU-101,18,0
2026-09-26,SKU-101,18,0
2026-09-27,SKU-101,24,0
2026-09-28,SKU-101,22,0
2026-09-29,SKU-101,17,0
2026-09-30,SKU-101,11,0
2024-10-01,SKU-102,26,1
2024-10-02,SKU-102,21,1
2024-10-03,SKU-102,9,0
2024-10-04,SKU-102,13,0
2024-10-05,SKU-102,14,0
2024-10-06,SKU-102,10,0
2024-10-07,SKU-102,12,0
2024-10-08,SKU-102,14,0
2024-10-09,SKU-102,12,0
2024-10-10,SKU-102,9,0
2024-10-11,SKU-102,7,0
2024-10-12,SKU-102,14,0
2024-10-13,SKU-102,26,1
2024-10-14,SKU-102,21,0
2024-10-15,SKU-102,13,0
2024-10-16,SKU-102,22,1
2024-10-17,SKU-102,21,0
2024-10-18,SKU-102,18,1
2024-10-19,SKU-102,29,0
2024-10-20,SKU-102,44,0
2024-10-21,SKU-102,26,0
2024-10-22,SKU-102,15,0
2024-10-23,SKU-102,22,0
2024-10-24,SKU-102,19,0
2024-10-25,SKU-102,18,0
2024-10-26,SKU-102,9,0
2024-10-27,SKU-102,35,0
2024-10-28,SKU-102,30,1
2024-10-29,SKU-102,9,0
2024-10-30,SKU-102,18,0
2024-10-31,SKU-102,31,0
2024-11-01,SKU-102,7,0
2024-11-02,SKU-102,40,0
2024-11-03,SKU-102,15,0
2024-11-04,SKU-102,11,0
2024-11-05,SKU-102,15,0
2024-11-06,SKU-102,10,0
2024-11-07,SKU-102,21,0
2024-11-08,SKU-102,29,1
2024-11-09,SKU-102,10,0
2024-11-10,SKU-102,21,0
2024-11-11,SKU-102,28,0
2024-11-12,SKU-102,11,0
2024-11-13,SKU-102,4,0
2024-11-14,SKU-102,21,0
2024-11-15,SKU-102,22,0
2024-11-16,SKU-102,20,0
2024-11-17,SKU-102,20,0
2024-11-18,SKU-102,7,0
2024-11-19,SKU-102,12,0
2024-11-20,SKU-102,11,0
2024-11-21,SKU-102,7,0
2024-11-22,SKU-102,9,0
2024-11-23,SKU-102,17,0
2024-11-24,SKU-102,21,0
2024-11-25,SKU-102,23,0
2024-11-26,SKU-102,6,1
2024-11-27,SKU-102,7,0
2024-11-28,SKU-102,16,0
2024-11-29,SKU-102,13,0
2024-11-30,SKU-102,18,0
2024-12-01,SKU-102,19,0
2024-12-02,SKU-102,13,0
2024-12-03,SKU-102,17,0
2024-12-04,SKU-102,8,0
2024-12-05,SKU-102,27,0
2024-12-06,SKU-102,21,0
2024-12-07,SKU-102,7,0
2024-12-08,SKU-102,23,0
2024-12-09,SKU-102,6,0
2024-12-10,SKU-102,16,0
2024-12-11,SKU-102,22,0
2024-12-12,SKU-102,19,0
2024-12-13,SKU-102,8,0
2024-12-14,SKU-102,6,0
2024-12-15,SKU-102,13,0
2024-12-16,SKU-102,15,0
2024-12-17,SKU-102,16,0
2024-12-18,SKU-102,13,0
2024-12-19,SKU-102,5,0
2024-12-20,SKU-102,9,0
2024-12-21,SKU-102,25,0
2024-12-22,SKU-102,18,0
2024-12-23,SKU-102,10,0
2024-12-24,SKU-102,11,0
2024-12-25,SKU-102,14,0
2024-12-26,SKU-102,20,0
2024-12-27,SKU-102,12,0
2024-12-28,SKU-102,19,0
2024-12-29,SKU-102,40,0
2024-12-30,SKU-102,16,0
2024-12-31,SKU-102,15,0
2025-01-01,SKU-102,12,0
2025-01-02,SKU-102,14,0
2025-01-03,SKU-102,13,0
2025-01-04,SKU-102,3,0
2025-01-05,SKU-102,22,0
2025-01-06,SKU-102,11,0
2025-01-07,SKU-102,12,1
2025-01-08,SKU-102,12,0
2025-01-09,SKU-102,9,1
2025-01-10,SKU-102,7,0
2025-01-11,SKU-102,25,0
2025-01-12,SKU-102,12,0
2025-01-13,SKU-102,10,0
2025-01-14,SKU-102,7,0
2025-01-15,SKU-102,14,0
2025-01-16,SKU-102,5,0
2025-01-17,SKU-102,11,0
2025-01-18,SKU-102,26,0
2025-01-19,SKU-102,17,0
2025-01-20,SKU-102,13,0
2025-01-21,SKU-102,11,0
2025-01-22,SKU-102,7,0
2025-01-23,SKU-102,13,1
2025-01-24,SKU-102,9,0
2025-01-25,SKU-102,23,0
2025-01-26,SKU-102,9,0
2025-01-27,SKU-102,26,0
2025-01-28,SKU-102,13,0
2025-01-29,SKU-102,17,0
2025-01-30,SKU-102,19,0
2025-01-31,SKU-102,8,0
2025-02-01,SKU-102,12,0
2025-02-02,SKU-102,18,0
2025-02-03,SKU-102,16,0
2025-02-04,SKU-102,15,0
2025-02-05,SKU-102,12,0
2025-02-06,SKU-102,11,0
2025-02-07,SKU-102,11,0
2025-02-08,SKU-102,10,0
2025-02-09,SKU-102,22,0
2025-02-10,SKU-102,17,0
2025-02-11,SKU-102,5,0
2025-02-12,SKU-102,13,0
2025-02-13,SKU-102,18,0
2025-02-14,SKU-102,34,0
2025-02-15,SKU-102,14,0
2025-02-16,SKU-102,23,1
2025-02-17,SKU-102,6,0
2025-02-18,SKU-102,14,0
2025-02-19,SKU-102,7,0
2025-02-20,SKU-102,6,0
2025-02-21,SKU-102,18,0
2025-02-22,SKU-102,9,0
2025-02-23,SKU-102,15,0
2025-02-24,SKU-102,7,0
2025-02-25,SKU-102,16,0
2025-02-26,SKU-102,10,0
2025-02-27,SKU-102,14,0
2025-02-28,SKU-102,18,0
2025-03-01,SKU-102,17,0
2025-03-02,SKU-102,7,0
2025-03-03,SKU-102,21,0
2025-03-04,SKU-102,15,0
2025-03-05,SKU-102,15,0
2025-03-06,SKU-102,14,0
2025-03-07,SKU-102,15,0
2025-03-08,SKU-102,12,0
2025-03-09,SKU-102,13,0
2025-03-10,SKU-102,14,1
2025-03-11,SKU-102,15,0
2025-03-12,SKU-102,9,0
2025-03-13,SKU-102,17,0
2025-03-14,SKU-102,28,0
2025-03-15,SKU-102,18,0
2025-03-16,SKU-102,22,0
2025-03-17,SKU-102,11,0
2025-03-18,SKU-102,6,0
2025-03-19,SKU-102,11,0
2025-03-20,SKU-102,27,0
2025-03-21,SKU-102,14,0
2025-03-22,SKU-102,38,0
2025-03-23,SKU-102,16,0
2025-03-24,SKU-102,5,0
2025-03-25,SKU-102,11,0
2025-03-26,SKU-102,8,0
2025-03-27,SKU-102,9,0
2025-03-28,SKU-102,19,0
2025-03-29,SKU-102,15,0
2025-03-30,SKU-102,14,0
2025-03-31,SKU-102,8,0
2025-04-01,SKU-102,9,0
2025-04-02,SKU-102,27,0
2025-04-03,SKU-102,21,0
2025-04-04,SKU-102,19,1
2025-04-05,SKU-102,10,0
2025-04-06,SKU-102,29,0
2025-04-07,SKU-102,16,0
2025-04-08,SKU-102,12,1
2025-04-09,SKU-102,11,0
2025-04-10,SKU-102,7,0
2025-04-11,SKU-102,23,0
2025-04-12,SKU-102,24,0
2025-04-13,SKU-102,11,1
2025-04-14,SKU-102,25,0
2025-04-15,SKU-102,10,0
2025-04-16,SKU-102,9,0
2025-04-17,SKU-102,34,1
2025-04-18,SKU-102,23,0
2025-04-19,SKU-102,18,0
2025-04-20,SKU-102,29,0
2025-04-21,SKU-102,15,1
2025-04-22,SKU-102,7,0
2025-04-23,SKU-102,10,0
2025-04-24,SKU-102,11,0
2025-04-25,SKU-102,15,0
2025-04-26,SKU-102,16,0
2025-04-27,SKU-102,17,0
2025-04-28,SKU-102,9,0
2025-04-29,SKU-102,16,0
2025-04-30,SKU-102,9,0
2025-05-01,SKU-102,24,0
2025-05-02,SKU-102,18,0
2025-05-03,SKU-102,31,0
2025-05-04,SKU-102,18,0
2025-05-05,SKU-102,15,0
2025-05-06,SKU-102,20,0
2025-05-07,SKU-102,10,0
2025-05-08,SKU-102,11,0
2025-05-09,SKU-102,10,0
2025-05-10,SKU-102,16,0
2025-05-11,SKU-102,17,0
2025-05-12,SKU-102,16,0
2025-05-13,SKU-102,14,0
2025-05-14,SKU-102,16,0
2025-05-15,SKU-102,12,0
2025-05-16,SKU-102,25,0
2025-05-17,SKU-102,15,0
2025-05-18,SKU-102,15,0
2025-05-19,SKU-102,14,0
2025-05-20,SKU-102,24,1
2025-05-21,SKU-102,12,0
2025-05-22,SKU-102,21,0
2025-05-23,SKU-102,23,0
2025-05-24,SKU-102,22,0
2025-05-25,SKU-102,19,1
2025-05-26,SKU-102,16,0
2025-05-27,SKU-102,9,0
2025-05-28,SKU-102,23,0
2025-05-29,SKU-102,10,0
2025-05-30,SKU-102,15,0
2025-05-31,SKU-102,14,0
2025-06-01,SKU-102,14,0
2025-06-02,SKU-102,20,0
2025-06-03,SKU-102,18,0
2025-06-04,SKU-102,28,0
2025-06-05,SKU-102,10,0
2025-06-06,SKU-102,5,0
2025-06-07,SKU-102,47,0
2025-06-08,SKU-102,28,0
2025-06-09,SKU-102,6,0
2025-06-10,SKU-102,17,0
2025-06-11,SKU-102,7,0
2025-06-12,SKU-102,20,0
2025-06-13,SKU-102,12,0
2025-06-14,SKU-102,28,0
2025-06-15,SKU-102,16,0
2025-06-16,SKU-102,30,1
2025-06-17,SKU-102,18,0
2025-06-18,SKU-102,29,1
2025-06-19,SKU-102,21,0
2025-06-20,SKU-102,11,0
2025-06-21,SKU-102,15,1
2025-06-22,SKU-102,17,0
2025-06-23,SKU-102,17,0
2025-06-24,SKU-102,14,0
2025-06-25,SKU-102,13,0
2025-06-26,SKU-102,13,0
2025-06-27,SKU-102,27,0
2025-06-28,SKU-102,33,0
2025-06-29,SKU-102,8,0
2025-06-30,SKU-102,19,0
2025-07-01,SKU-102,12,0
2025-07-02,SKU-102,7,0
2025-07-03,SKU-102,30,0
2025-07-04,SKU-102,23,0
2025-07-05,SKU-102,12,0
2025-07-06,SKU-102,20,0
2025-07-07,SKU-102,12,0
2025-07-08,SKU-102,15,0
2025-07-09,SKU-102,24,0
2025-07-10,SKU-102,12,0
2025-07-11,SKU-102,13,0
2025-07-12,SKU-102,32,0
2025-07-13,SKU-102,22,0
2025-07-14,SKU-102,13,0
2025-07-15,SKU-102,14,0
2025-07-16,SKU-102,26,0
2025-07-17,SKU-102,15,0
2025-07-18,SKU-102,27,0
2025-07-19,SKU-102,17,0
2025-07-20,SKU-102,12,0
2025-07-21,SKU-102,12,0
2025-07-22,SKU-102,18,0
2025-07-23,SKU-102,13,0
2025-07-24,SKU-102,10,0
2025-07-25,SKU-102,17,0
2025-07-26,SKU-102,23,0
2025-07-27,SKU-102,19,0
2025-07-28,SKU-102,21,0
2025-07-29,SKU-102,14,0
2025-07-30,SKU-102,8,0
2025-07-31,SKU-102,11,0
2025-08-01,SKU-102,12,0
2025-08-02,SKU-102,5,0
2025-08-03,SKU-102,16,0
2025-08-04,SKU-102,11,0
2025-08-05,SKU-102,10,0
2025-08-06,SKU-102,15,0
2025-08-07,SKU-102,17,0
2025-08-08,SKU-102,16,0
2025-08-09,SKU-102,17,0
2025-08-10,SKU-102,23,0
2025-08-11,SKU-102,14,0
2025-08-12,SKU-102,13,0
2025-08-13,SKU-102,10,0
2025-08-14,SKU-102,11,0
2025-08-15,SKU-102,11,0
2025-08-16,SKU-102,35,0
2025-08-17,SKU-102,31,0
2025-08-18,SKU-102,15,0
2025-08-19,SKU-102,25,0
2025-08-20,SKU-102,15,0
2025-08-21,SKU-102,21,0
2025-08-22,SKU-102,17,0
2025-08-23,SKU-102,11,0
2025-08-24,SKU-102,15,0
2025-08-25,SKU-102,20,0
2025-08-26,SKU-102,19,0
2025-08-27,SKU-102,19,0
2025-08-28,SKU-102,13,0
2025-08-29,SKU-102,15,0
2025-08-30,SKU-102,18,0
2025-08-31,SKU-102,12,0
2025-09-01,SKU-102,21,0
2025-09-02,SKU-102,4,0
2025-09-03,SKU-102,14,0
2025-09-04,SKU-102,14,0
2025-09-05,SKU-102,18,0
2025-09-06,SKU-102,12,0
2025-09-07,SKU-102,42,0
2025-09-08,SKU-102,18,0
2025-09-09,SKU-102,20,0
2025-09-10,SKU-102,19,0
2025-09-11,SKU-102,9,0
2025-09-12,SKU-102,27,0
2025-09-13,SKU-102,27,1
2025-09-14,SKU-102,27,1
2025-09-15,SKU-102,12,0
2025-09-16,SKU-102,17,0
2025-09-17,SKU-102,11,0
2025-09-18,SKU-102,18,0
2025-09-19,SKU-102,6,0
2025-09-20,SKU-102,15,0
2025-09-21,SKU-102,15,0
2025-09-22,SKU-102,19,0
2025-09-23,SKU-102,13,0
2025-09-24,SKU-102,14,0
2025-09-25,SKU-102,23,0
2025-09-26,SKU-102,15,0
2025-09-27,SKU-102,24,0
2025-09-28,SKU-102,13,1
2025-09-29,SKU-102,21,0
2025-09-30,SKU-102,13,0
2025-10-01,SKU-102,12,0
2025-10-02,SKU-102,15,0
2025-10-03,SKU-102,15,0
2025-10-04,SKU-102,46,1
2025-10-05,SKU-102,19,0
2025-10-06,SKU-102,15,0
2025-10-07,SKU-102,33,0
2025-10-08,SKU-102,16,0
2025-10-09,SKU-102,27,0
2025-10-10,SKU-102,18,0
2025-10-11,SKU-102,29,0
2025-10-12,SKU-102,28,0
2025-10-13,SKU-102,15,0
2025-10-14,SKU-102,23,0
2025-10-15,SKU-102,16,0
2025-10-16,SKU-102,22,0
2025-10-17,SKU-102,36,0
2025-10-18,SKU-102,52,0
2025-10-19,SKU-102,43,0
2025-10-20,SKU-102,36,1
2025-10-21,SKU-102,27,1
2025-10-22,SKU-102,17,0
2025-10-23,SKU-102,14,0
2025-10-24,SKU-102,19,1
2025-10-25,SKU-102,19,0
2025-10-26,SKU-102,17,0
2025-10-27,SKU-102,11,0
2025-10-28,SKU-102,9,0
2025-10-29,SKU-102,6,0
2025-10-30,SKU-102,10,0
2025-10-31,SKU-102,16,0
2025-11-01,SKU-102,15,0
2025-11-02,SKU-102,10,0
2025-11-03,SKU-102,15,0
2025-11-04,SKU-102,11,0
2025-11-05,SKU-102,3,0
2025-11-06,SKU-102,16,0
2025-11-07,SKU-102,20,0
2025-11-08,SKU-102,34,0
2025-11-09,SKU-102,15,0
2025-11-10,SKU-102,4,0
2025-11-11,SKU-102,8,0
2025-11-12,SKU-102,7,0
2025-11-13,SKU-102,13,0
2025-11-14,SKU-102,27,1
2025-11-15,SKU-102,16,0
2025-11-16,SKU-102,19,0
2025-11-17,SKU-102,11,0
2025-11-18,SKU-102,6,0
2025-11-19,SKU-102,15,0
2025-11-20,SKU-102,12,0
2025-11-21,SKU-102,13,0
2025-11-22,SKU-102,20,0
2025-11-23,SKU-102,14,0
2025-11-24,SKU-102,24,0
2025-11-25,SKU-102,24,0
2025-11-26,SKU-102,12,0
2025-11-27,SKU-102,23,0
2025-11-28,SKU-102,13,0
2025-11-29,SKU-102,29,0
2025-11-30,SKU-102,22,0
2025-12-01,SKU-102,17,1
2025-12-02,SKU-102,18,0
2025-12-03,SKU-102,6,0
2025-12-04,SKU-102,19,0
2025-12-05,SKU-102,7,0
2025-12-06,SKU-102,21,0
2025-12-07,SKU-102,12,1
2025-12-08,SKU-102,15,0
2025-12-09,SKU-102,20,0
2025-12-10,SKU-102,6,0
2025-12-11,SKU-102,10,0
2025-12-12,SKU-102,14,0
2025-12-13,SKU-102,15,0
2025-12-14,SKU-102,34,0
2025-12-15,SKU-102,14,0
2025-12-16,SKU-102,6,0
2025-12-17,SKU-102,15,0
2025-12-18,SKU-102,15,0
2025-12-19,SKU-102,34,0
2025-12-20,SKU-102,16,0
2025-12-21,SKU-102,20,0
2025-12-22,SKU-102,5,0
2025-12-23,SKU-102,22,0
2025-12-24,SKU-102,25,0
2025-12-25,SKU-102,20,0
2025-12-26,SKU-102,13,0
2025-12-27,SKU-102,13,0
2025-12-28,SKU-102,24,0
2025-12-29,SKU-102,17,0
2025-12-30,SKU-102,25,0
2025-12-31,SKU-102,9,0
2026-01-01,SKU-102,32,0
2026-01-02,SKU-102,42,0
2026-01-03,SKU-102,26,0
2026-01-04,SKU-102,15,1
2026-01-05,SKU-102,27,0
2026-01-06,SKU-102,11,1
2026-01-07,SKU-102,7,0
2026-01-08,SKU-102,7,0
2026-01-09,SKU-102,35,0
2026-01-10,SKU-102,38,0
2026-01-11,SKU-102,26,0
2026-01-12,SKU-102,23,0
2026-01-13,SKU-102,17,0
2026-01-14,SKU-102,12,0
2026-01-15,SKU-102,21,0
2026-01-16,SKU-102,20,0
2026-01-17,SKU-102,25,1
2026-01-18,SKU-102,25,0
2026-01-19,SKU-102,8,0
2026-01-20,SKU-102,7,0
2026-01-21,SKU-102,16,0
2026-01-22,SKU-102,11,0
2026-01-23,SKU-102,17,0
2026-01-24,SKU-102,13,0
2026-01-25,SKU-102,26,0
2026-01-26,SKU-102,13,0
2026-01-27,SKU-102,9,0
2026-01-28,SKU-102,16,0
2026-01-29,SKU-102,13,0
2026-01-30,SKU-102,18,0
2026-01-31,SKU-102,7,0
2026-02-01,SKU-102,21,0
2026-02-02,SKU-102,10,0
2026-02-03,SKU-102,33,1
2026-02-04,SKU-102,15,0
2026-02-05,SKU-102,14,0
2026-02-06,SKU-102,25,0
2026-02-07,SKU-102,9,0
2026-02-08,SKU-102,41,1
2026-02-09,SKU-102,18,0
2026-02-10,SKU-102,30,0
2026-02-11,SKU-102,15,0
2026-02-12,SKU-102,9,0
2026-02-13,SKU-102,15,0
2026-02-14,SKU-102,19,0
2026-02-15,SKU-102,20,1
2026-02-16,SKU-102,27,0
2026-02-17,SKU-102,12,0
2026-02-18,SKU-102,15,0
2026-02-19,SKU-102,12,0
2026-02-20,SKU-102,24,0
2026-02-21,SKU-102,17,0
2026-02-22,SKU-102,35,0
2026-02-23,SKU-102,22,0
2026-02-24,SKU-102,22,0
2026-02-25,SKU-102,20,0
2026-02-26,SKU-102,41,0
2026-02-27,SKU-102,14,0
2026-02-28,SKU-102,15,0
2026-03-01,SKU-102,15,0
2026-03-02,SKU-102,22,0
2026-03-03,SKU-102,19,0
2026-03-04,SKU-102,2,0
2026-03-05,SKU-102,7,0
2026-03-06,SKU-102,15,0
2026-03-07,SKU-102,16,0
2026-03-08,SKU-102,10,0
2026-03-09,SKU-102,17,0
2026-03-10,SKU-102,12,0
2026-03-11,SKU-102,10,0
2026-03-12,SKU-102,10,0
2026-03-13,SKU-102,14,0
2026-03-14,SKU-102,24,0
2026-03-15,SKU-102,23,0
2026-03-16,SKU-102,25,0
2026-03-17,SKU-102,5,0
2026-03-18,SKU-102,13,0
2026-03-19,SKU-102,13,1
2026-03-20,SKU-102,14,0
2026-03-21,SKU-102,30,0
2026-03-22,SKU-102,28,0
2026-03-23,SKU-102,7,0
2026-03-24,SKU-102,10,0
2026-03-25,SKU-102,19,0
2026-03-26,SKU-102,6,0
2026-03-27,SKU-102,25,0
2026-03-28,SKU-102,33,1
2026-03-29,SKU-102,23,0
2026-03-30,SKU-102,10,0
2026-03-31,SKU-102,27,1
2026-04-01,SKU-102,15,0
2026-04-02,SKU-102,12,1
2026-04-03,SKU-102,18,0
2026-04-04,SKU-102,12,0
2026-04-05,SKU-102,20,0
2026-04-06,SKU-102,12,0
2026-04-07,SKU-102,11,0
2026-04-08,SKU-102,32,0
2026-04-09,SKU-102,6,0
2026-04-10,SKU-102,23,0
2026-04-11,SKU-102,42,1
2026-04-12,SKU-102,28,0
2026-04-13,SKU-102,13,1
2026-04-14,SKU-102,13,0
2026-04-15,SKU-102,11,0
2026-04-16,SKU-102,17,0
2026-04-17,SKU-102,10,0
2026-04-18,SKU-102,29,0
2026-04-19,SKU-102,34,0
2026-04-20,SKU-102,18,1
2026-04-21,SKU-102,8,0
2026-04-22,SKU-102,16,0
2026-04-23,SKU-102,36,1
2026-04-24,SKU-102,29,1
2026-04-25,SKU-102,14,0
2026-04-26,SKU-102,32,0
2026-04-27,SKU-102,24,0
2026-04-28,SKU-102,13,0
2026-04-29,SKU-102,6,0
2026-04-30,SKU-102,14,0
2026-05-01,SKU-102,15,0
2026-05-02,SKU-102,18,0
2026-05-03,SKU-102,9,0
2026-05-04,SKU-102,24,0
2026-05-05,SKU-102,11,0
2026-05-06,SKU-102,15,0
2026-05-07,SKU-102,9,0
2026-05-08,SKU-102,7,0
2026-05-09,SKU-102,8,0
2026-05-10,SKU-102,17,0
2026-05-11,SKU-102,22,0
2026-05-12,SKU-102,15,0
2026-05-13,SKU-102,12,0
2026-05-14,SKU-102,9,0
2026-05-15,SKU-102,15,0
2026-05-16,SKU-102,43,0
2026-05-17,SKU-102,12,0
2026-05-18,SKU-102,11,0
2026-05-19,SKU-102,7,0
2026-05-20,SKU-102,17,0
2026-05-21,SKU-102,18,0
2026-05-22,SKU-102,19,0
2026-05-23,SKU-102,14,0
2026-05-24,SKU-102,27,0
2026-05-25,SKU-102,26,1
2026-05-26,SKU-102,23,0
2026-05-27,SKU-102,24,0
2026-05-28,SKU-102,10,0
2026-05-29,SKU-102,15,0
2026-05-30,SKU-102,19,0
2026-05-31,SKU-102,14,0
2026-06-01,SKU-102,3,0
2026-06-02,SKU-102,9,0
2026-06-03,SKU-102,19,0
2026-06-04,SKU-102,10,0
2026-06-05,SKU-102,26,1
2026-06-06,SKU-102,14,0
2026-06-07,SKU-102,20,0
2026-06-08,SKU-102,9,0
2026-06-09,SKU-102,7,0
2026-06-10,SKU-102,18,0
2026-06-11,SKU-102,16,0
2026-06-12,SKU-102,19,0
2026-06-13,SKU-102,6,0
2026-06-14,SKU-102,22,0
2026-06-15,SKU-102,6,0
2026-06-16,SKU-102,6,0
2026-06-17,SKU-102,8,0
2026-06-18,SKU-102,10,0
2026-06-19,SKU-102,15,0
2026-06-20,SKU-102,19,0
2026-06-21,SKU-102,30,0
2026-06-22,SKU-102,14,0
2026-06-23,SKU-102,14,0
2026-06-24,SKU-102,18,0
2026-06-25,SKU-102,19,0
2026-06-26,SKU-102,23,1
2026-06-27,SKU-102,34,0
2026-06-28,SKU-102,24,0
2026-06-29,SKU-102,9,0
2026-06-30,SKU-102,20,0
2026-07-01,SKU-102,10,0
2026-07-02,SKU-102,15,0
2026-07-03,SKU-102,17,0
2026-07-04,SKU-102,8,0
2026-07-05,SKU-102,16,0
2026-07-06,SKU-102,11,0
2026-07-07,SKU-102,21,1
2026-07-08,SKU-102,26,0
2026-07-09,SKU-102,31,0
2026-07-10,SKU-102,8,0
2026-07-11,SKU-102,27,0
2026-07-12,SKU-102,21,0
2026-07-13,SKU-102,13,0
2026-07-14,SKU-102,9,0
2026-07-15,SKU-102,16,0
2026-07-16,SKU-102,21,0
2026-07-17,SKU-102,8,0
2026-07-18,SKU-102,6,0
2026-07-19,SKU-102,23,0
2026-07-20,SKU-102,8,0
2026-07-21,SKU-102,12,0
2026-07-22,SKU-102,11,0
2026-07-23,SKU-102,18,0
2026-07-24,SKU-102,32,0
2026-07-25,SKU-102,30,0
2026-07-26,SKU-102,12,0
2026-07-27,SKU-102,18,0
2026-07-28,SKU-102,12,0
2026-07-29,SKU-102,17,0
2026-07-30,SKU-102,9,0
2026-07-31,SKU-102,21,0
2026-08-01,SKU-102,26,0
2026-08-02,SKU-102,14,0
2026-08-03,SKU-102,10,0
2026-08-04,SKU-102,13,0
2026-08-05,SKU-102,13,0
2026-08-06,SKU-102,6,0
2026-08-07,SKU-102,8,0
2026-08-08,SKU-102,10,0
2026-08-09,SKU-102,16,0
2026-08-10,SKU-102,22,0
2026-08-11,SKU-102,11,0
2026-08-12,SKU-102,31,0
2026-08-13,SKU-102,12,0
2026-08-14,SKU-102,13,0
2026-08-15,SKU-102,19,0
2026-08-16,SKU-102,20,0
2026-08-17,SKU-102,12,0
2026-08-18,SKU-102,15,1
2026-08-19,SKU-102,21,0
2026-08-20,SKU-102,11,0
2026-08-21,SKU-102,30,0
2026-08-22,SKU-102,17,0
2026-08-23,SKU-102,23,0
2026-08-24,SKU-102,7,0
2026-08-25,SKU-102,19,1
2026-08-26,SKU-102,9,0
2026-08-27,SKU-102,13,0
2026-08-28,SKU-102,16,0
2026-08-29,SKU-102,6,0
2026-08-30,SKU-102,10,0
2026-08-31,SKU-102,18,1
2026-09-01,SKU-102,24,0
2026-09-02,SKU-102,10,0
2026-09-03,SKU-102,9,0
2026-09-04,SKU-102,26,0
2026-09-05,SKU-102,8,0
2026-09-06,SKU-102,16,0
2026-09-07,SKU-102,16,1
2026-09-08,SKU-102,13,0
2026-09-09,SKU-102,10,0
2026-09-10,SKU-102,4,0
2026-09-11,SKU-102,14,0
2026-09-12,SKU-102,10,0
2026-09-13,SKU-102,9,0
2026-09-14,SKU-102,11,0
2026-09-15,SKU-102,5,0
2026-09-16,SKU-102,9,0
2026-09-17,SKU-102,12,0
2026-09-18,SKU-102,42,1
2026-09-19,SKU-102,52,1
2026-09-20,SKU-102,16,0
2026-09-21,SKU-102,16,0
2026-09-22,SKU-102,14,0
2026-09-23,SKU-102,23,0
2026-09-24,SKU-102,29,1
2026-09-25,SKU-102,14,0
2026-09-26,SKU-102,39,1
2026-09-27,SKU-102,17,0
2026-09-28,SKU-102,6,0
2026-09-29,SKU-102,8,0
2026-09-30,SKU-102,26,1
2024-10-01,SKU-103,10,0
2024-10-02,SKU-103,11,1
2024-10-03,SKU-103,15,0
2024-10-04,SKU-103,9,0
2024-10-05,SKU-103,9,0
2024-10-06,SKU-103,13,0
2024-10-07,SKU-103,10,0
2024-10-08,SKU-103,11,0
2024-10-09,SKU-103,4,0
2024-10-10,SKU-103,10,0
2024-10-11,SKU-103,9,0
2024-10-12,SKU-103,6,0
2024-10-13,SKU-103,8,0
2024-10-14,SKU-103,14,1
2024-10-15,SKU-103,3,1
2024-10-16,SKU-103,15,1
2024-10-17,SKU-103,12,0
2024-10-18,SKU-103,23,0
2024-10-19,SKU-103,12,0
2024-10-20,SKU-103,26,0
2024-10-21,SKU-103,9,1
2024-10-22,SKU-103,12,0
2024-10-23,SKU-103,11,0
2024-10-24,SKU-103,14,0
2024-10-25,SKU-103,24,1
2024-10-26,SKU-103,15,0
2024-10-27,SKU-103,27,0
2024-10-28,SKU-103,13,0
2024-10-29,SKU-103,7,0
2024-10-30,SKU-103,19,0
2024-10-31,SKU-103,16,0
2024-11-01,SKU-103,16,0
2024-11-02,SKU-103,8,0
2024-11-03,SKU-103,14,1
2024-11-04,SKU-103,5,1
2024-11-05,SKU-103,4,0
2024-11-06,SKU-103,10,0
2024-11-07,SKU-103,11,0
2024-11-08,SKU-103,13,0
2024-11-09,SKU-103,14,0
2024-11-10,SKU-103,3,1
2024-11-11,SKU-103,6,0
2024-11-12,SKU-103,14,0
2024-11-13,SKU-103,3,0
2024-11-14,SKU-103,6,0
2024-11-15,SKU-103,12,1
2024-11-16,SKU-103,5,1
2024-11-17,SKU-103,14,0
2024-11-18,SKU-103,4,0
2024-11-19,SKU-103,8,0
2024-11-20,SKU-103,2,0
2024-11-21,SKU-103,11,0
2024-11-22,SKU-103,14,0
2024-11-23,SKU-103,4,0
2024-11-24,SKU-103,7,0
2024-11-25,SKU-103,7,0
2024-11-26,SKU-103,18,0
2024-11-27,SKU-103,2,0
2024-11-28,SKU-103,19,0
2024-11-29,SKU-103,9,1
2024-11-30,SKU-103,27,0
2024-12-01,SKU-103,7,0
2024-12-02,SKU-103,11,1
2024-12-03,SKU-103,3,0
2024-12-04,SKU-103,7,0
2024-12-05,SKU-103,13,0
2024-12-06,SKU-103,12,0
2024-12-07,SKU-103,7,0
2024-12-08,SKU-103,12,0
2024-12-09,SKU-103,1,0
2024-12-10,SKU-103,15,0
2024-12-11,SKU-103,15,0
2024-12-12,SKU-103,9,0
2024-12-13,SKU-103,8,0
2024-12-14,SKU-103,12,0
2024-12-15,SKU-103,14,0
2024-12-16,SKU-103,6,0
2024-12-17,SKU-103,4,0
2024-12-18,SKU-103,17,0
2024-12-19,SKU-103,15,0
2024-12-20,SKU-103,10,0
2024-12-21,SKU-103,27,1
2024-12-22,SKU-103,8,0
2024-12-23,SKU-103,6,0
2024-12-24,SKU-103,1,0
2024-12-25,SKU-103,8,0
2024-12-26,SKU-103,11,0
2024-12-27,SKU-103,5,0
2024-12-28,SKU-103,7,0
2024-12-29,SKU-103,6,0
2024-12-30,SKU-103,10,0
2024-12-31,SKU-103,11,0
2025-01-01,SKU-103,4,1
2025-01-02,SKU-103,4,0
2025-01-03,SKU-103,12,0
2025-01-04,SKU-103,10,0
2025-01-05,SKU-103,11,0
2025-01-06,SKU-103,8,0
2025-01-07,SKU-103,4,0
2025-01-08,SKU-103,12,0
2025-01-09,SKU-103,15,0
2025-01-10,SKU-103,8,0
2025-01-11,SKU-103,13,0
2025-01-12,SKU-103,10,0
2025-01-13,SKU-103,6,0
2025-01-14,SKU-103,4,0
2025-01-15,SKU-103,3,0
2025-01-16,SKU-103,3,0
2025-01-17,SKU-103,8,0
2025-01-18,SKU-103,11,0
2025-01-19,SKU-103,9,0
2025-01-20,SKU-103,6,0
2025-01-21,SKU-103,4,0
2025-01-22,SKU-103,6,0
2025-01-23,SKU-103,7,0
2025-01-24,SKU-103,6,0
2025-01-25,SKU-103,22,0
2025-01-26,SKU-103,13,0
2025-01-27,SKU-103,22,0
2025-01-28,SKU-103,4,0
2025-01-29,SKU-103,20,0
2025-01-30,SKU-103,15,0
2025-01-31,SKU-103,9,0
2025-02-01,SKU-103,12,0
2025-02-02,SKU-103,13,0
2025-02-03,SKU-103,8,0
2025-02-04,SKU-103,3,0
2025-02-05,SKU-103,15,0
2025-02-06,SKU-103,9,0
2025-02-07,SKU-103,16,0
2025-02-08,SKU-103,7,0
2025-02-09,SKU-103,7,0
2025-02-10,SKU-103,7,0
2025-02-11,SKU-103,4,0
2025-02-12,SKU-103,11,0
2025-02-13,SKU-103,12,0
2025-02-14,SKU-103,9,0
2025-02-15,SKU-103,12,0
2025-02-16,SKU-103,13,0
2025-02-17,SKU-103,4,0
2025-02-18,SKU-103,6,0
2025-02-19,SKU-103,9,0
2025-02-20,SKU-103,7,0
2025-02-21,SKU-103,4,0
2025-02-22,SKU-103,17,0
2025-02-23,SKU-103,12,0
2025-02-24,SKU-103,7,0
2025-02-25,SKU-103,5,0
2025-02-26,SKU-103,10,0
2025-02-27,SKU-103,7,0
2025-02-28,SKU-103,24,0
2025-03-01,SKU-103,23,0
2025-03-02,SKU-103,12,0
2025-03-03,SKU-103,7,0
2025-03-04,SKU-103,4,0
2025-03-05,SKU-103,16,0
2025-03-06,SKU-103,23,1
2025-03-07,SKU-103,14,0
2025-03-08,SKU-103,15,0
2025-03-09,SKU-103,8,0
2025-03-10,SKU-103,13,0
2025-03-11,SKU-103,4,0
2025-03-12,SKU-103,11,1
2025-03-13,SKU-103,5,0
2025-03-14,SKU-103,11,0
2025-03-15,SKU-103,12,0
2025-03-16,SKU-103,13,1
2025-03-17,SKU-103,4,0
2025-03-18,SKU-103,5,0
2025-03-19,SKU-103,20,0
2025-03-20,SKU-103,11,0
2025-03-21,SKU-103,12,0
2025-03-22,SKU-103,11,0
2025-03-23,SKU-103,6,0
2025-03-24,SKU-103,14,0
2025-03-25,SKU-103,12,0
2025-03-26,SKU-103,8,0
2025-03-27,SKU-103,8,1
2025-03-28,SKU-103,16,0
2025-03-29,SKU-103,8,0
2025-03-30,SKU-103,25,1
2025-03-31,SKU-103,11,0
2025-04-01,SKU-103,11,0
2025-04-02,SKU-103,11,0
2025-04-03,SKU-103,8,0
2025-04-04,SKU-103,10,0
2025-04-05,SKU-103,8,1
2025-04-06,SKU-103,4,0
2025-04-07,SKU-103,7,0
2025-04-08,SKU-103,7,0
2025-04-09,SKU-103,6,0
2025-04-10,SKU-103,10,1
2025-04-11,SKU-103,5,0
2025-04-12,SKU-103,12,0
2025-04-13,SKU-103,14,0
2025-04-14,SKU-103,10,0
2025-04-15,SKU-103,3,0
2025-04-16,SKU-103,8,0
2025-04-17,SKU-103,6,0
2025-04-18,SKU-103,11,0
2025-04-19,SKU-103,10,1
2025-04-20,SKU-103,7,0
2025-04-21,SKU-103,6,0
2025-04-22,SKU-103,6,0
2025-04-23,SKU-103,3,0
2025-04-24,SKU-103,10,0
2025-04-25,SKU-103,13,0
2025-04-26,SKU-103,22,0
2025-04-27,SKU-103,12,0
2025-04-28,SKU-103,5,0
2025-04-29,SKU-103,14,0
2025-04-30,SKU-103,6,0
2025-05-01,SKU-103,17,1
2025-05-02,SKU-103,8,0
2025-05-03,SKU-103,8,0
2025-05-04,SKU-103,18,0
2025-05-05,SKU-103,10,0
2025-05-06,SKU-103,6,1
2025-05-07,SKU-103,10,0
2025-05-08,SKU-103,2,0
2025-05-09,SKU-103,13,0
2025-05-10,SKU-103,8,0
2025-05-11,SKU-103,11,0
2025-05-12,SKU-103,10,0
2025-05-13,SKU-103,6,0
2025-05-14,SKU-103,13,0
2025-05-15,SKU-103,13,0
2025-05-16,SKU-103,6,0
2025-05-17,SKU-103,10,0
2025-05-18,SKU-103,4,0
2025-05-19,SKU-103,15,0
2025-05-20,SKU-103,11,0
2025-05-21,SKU-103,12,0
2025-05-22,SKU-103,11,0
2025-05-23,SKU-103,8,0
2025-05-24,SKU-103,3,0
2025-05-25,SKU-103,3,0
2025-05-26,SKU-103,12,0
2025-05-27,SKU-103,11,0
2025-05-28,SKU-103,7,0
2025-05-29,SKU-103,12,0
2025-05-30,SKU-103,9,0
2025-05-31,SKU-103,8,0
2025-06-01,SKU-103,10,0
2025-06-02,SKU-103,16,0
2025-06-03,SKU-103,18,0
2025-06-04,SKU-103,5,0
2025-06-05,SKU-103,8,0
2025-06-06,SKU-103,14,0
2025-06-07,SKU-103,6,0
2025-06-08,SKU-103,9,0
2025-06-09,SKU-103,23,1
2025-06-10,SKU-103,3,0
2025-06-11,SKU-103,13,0
2025-06-12,SKU-103,6,0
2025-06-13,SKU-103,13,0
2025-06-14,SKU-103,12,0
2025-06-15,SKU-103,12,0
2025-06-16,SKU-103,17,0
2025-06-17,SKU-103,10,0
2025-06-18,SKU-103,9,1
2025-06-19,SKU-103,7,0
2025-06-20,SKU-103,8,0
2025-06-21,SKU-103,10,0
2025-06-22,SKU-103,26,0
2025-06-23,SKU-103,2,0
2025-06-24,SKU-103,14,0
2025-06-25,SKU-103,4,0
2025-06-26,SKU-103,14,1
2025-06-27,SKU-103,5,0
2025-06-28,SKU-103,2,0
2025-06-29,SKU-103,9,0
2025-06-30,SKU-103,6,0
2025-07-01,SKU-103,9,0
2025-07-02,SKU-103,0,0
2025-07-03,SKU-103,14,0
2025-07-04,SKU-103,10,0
2025-07-05,SKU-103,13,0
2025-07-06,SKU-103,12,0
2025-07-07,SKU-103,9,0
2025-07-08,SKU-103,2,0
2025-07-09,SKU-103,16,0
2025-07-10,SKU-103,6,0
2025-07-11,SKU-103,20,0
2025-07-12,SKU-103,19,1
2025-07-13,SKU-103,13,0
2025-07-14,SKU-103,15,1
2025-07-15,SKU-103,8,0
2025-07-16,SKU-103,5,0
2025-07-17,SKU-103,11,0
2025-07-18,SKU-103,13,0
2025-07-19,SKU-103,7,1
2025-07-20,SKU-103,16,0
2025-07-21,SKU-103,7,0
2025-07-22,SKU-103,7,0
2025-07-23,SKU-103,7,1
2025-07-24,SKU-103,10,0
2025-07-25,SKU-103,16,0
2025-07-26,SKU-103,8,0
2025-07-27,SKU-103,8,0
2025-07-28,SKU-103,5,0
2025-07-29,SKU-103,16,0
2025-07-30,SKU-103,8,0
2025-07-31,SKU-103,4,0
2025-08-01,SKU-103,12,0
2025-08-02,SKU-103,5,0
2025-08-03,SKU-103,22,0
2025-08-04,SKU-103,2,0
2025-08-05,SKU-103,7,0
2025-08-06,SKU-103,3,0
2025-08-07,SKU-103,13,0
2025-08-08,SKU-103,17,0
2025-08-09,SKU-103,24,0
2025-08-10,SKU-103,17,0
2025-08-11,SKU-103,9,0
2025-08-12,SKU-103,17,0
2025-08-13,SKU-103,7,0
2025-08-14,SKU-103,15,0
2025-08-15,SKU-103,11,0
2025-08-16,SKU-103,17,0
2025-08-17,SKU-103,8,0
2025-08-18,SKU-103,20,0
2025-08-19,SKU-103,14,0
2025-08-20,SKU-103,5,0
2025-08-21,SKU-103,6,0
2025-08-22,SKU-103,17,0
2025-08-23,SKU-103,12,1
2025-08-24,SKU-103,9,0
2025-08-25,SKU-103,7,0
2025-08-26,SKU-103,5,0
2025-08-27,SKU-103,9,0
2025-08-28,SKU-103,7,0
2025-08-29,SKU-103,13,0
2025-08-30,SKU-103,7,0
2025-08-31,SKU-103,18,0
2025-09-01,SKU-103,4,0
2025-09-02,SKU-103,9,0
2025-09-03,SKU-103,13,1
2025-09-04,SKU-103,13,0
2025-09-05,SKU-103,7,0
2025-09-06,SKU-103,9,0
2025-09-07,SKU-103,22,0
2025-09-08,SKU-103,10,0
2025-09-09,SKU-103,13,0
2025-09-10,SKU-103,8,0
2025-09-11,SKU-103,18,0
2025-09-12,SKU-103,10,1
2025-09-13,SKU-103,7,0
2025-09-14,SKU-103,10,0
2025-09-15,SKU-103,4,0
2025-09-16,SKU-103,4,0
2025-09-17,SKU-103,6,0
2025-09-18,SKU-103,7,0
2025-09-19,SKU-103,21,1
2025-09-20,SKU-103,16,0
2025-09-21,SKU-103,7,0
2025-09-22,SKU-103,6,0
2025-09-23,SKU-103,8,0
2025-09-24,SKU-103,3,0
2025-09-25,SKU-103,9,0
2025-09-26,SKU-103,10,0
2025-09-27,SKU-103,10,0
2025-09-28,SKU-103,3,0
2025-09-29,SKU-103,9,1
2025-09-30,SKU-103,6,1
2025-10-01,SKU-103,9,0
2025-10-02,SKU-103,5,0
2025-10-03,SKU-103,11,0
2025-10-04,SKU-103,8,0
2025-10-05,SKU-103,10,0
2025-10-06,SKU-103,7,0
2025-10-07,SKU-103,11,0
2025-10-08,SKU-103,7,0
2025-10-09,SKU-103,7,0
2025-10-10,SKU-103,6,0
2025-10-11,SKU-103,14,0
2025-10-12,SKU-103,9,1
2025-10-13,SKU-103,6,0
2025-10-14,SKU-103,9,0
2025-10-15,SKU-103,17,0
2025-10-16,SKU-103,17,0
2025-10-17,SKU-103,10,0
2025-10-18,SKU-103,13,0
2025-10-19,SKU-103,37,0
2025-10-20,SKU-103,12,0
2025-10-21,SKU-103,11,0
2025-10-22,SKU-103,11,0
2025-10-23,SKU-103,14,0
2025-10-24,SKU-103,7,0
2025-10-25,SKU-103,5,0
2025-10-26,SKU-103,9,0
2025-10-27,SKU-103,5,0
2025-10-28,SKU-103,4,0
2025-10-29,SKU-103,1,0
2025-10-30,SKU-103,8,0
2025-10-31,SKU-103,17,1
2025-11-01,SKU-103,14,0
2025-11-02,SKU-103,14,0
2025-11-03,SKU-103,11,0
2025-11-04,SKU-103,7,1
2025-11-05,SKU-103,5,0
2025-11-06,SKU-103,12,0
2025-11-07,SKU-103,6,0
2025-11-08,SKU-103,14,0
2025-11-09,SKU-103,18,1
2025-11-10,SKU-103,9,1
2025-11-11,SKU-103,15,0
2025-11-12,SKU-103,8,0
2025-11-13,SKU-103,15,1
2025-11-14,SKU-103,7,0
2025-11-15,SKU-103,17,0
2025-11-16,SKU-103,24,1
2025-11-17,SKU-103,8,0
2025-11-18,SKU-103,18,0
2025-11-19,SKU-103,12,0
2025-11-20,SKU-103,8,1
2025-11-21,SKU-103,13,0
2025-11-22,SKU-103,14,0
2025-11-23,SKU-103,18,0
2025-11-24,SKU-103,18,1
2025-11-25,SKU-103,7,0
2025-11-26,SKU-103,13,0
2025-11-27,SKU-103,6,0
2025-11-28,SKU-103,13,0
2025-11-29,SKU-103,16,0
2025-11-30,SKU-103,13,0
2025-12-01,SKU-103,10,0
2025-12-02,SKU-103,9,0
2025-12-03,SKU-103,4,0
2025-12-04,SKU-103,4,0
2025-12-05,SKU-103,7,0
2025-12-06,SKU-103,4,0
2025-12-07,SKU-103,10,0
2025-12-08,SKU-103,13,0
2025-12-09,SKU-103,7,0
2025-12-10,SKU-103,20,0
2025-12-11,SKU-103,3,0
2025-12-12,SKU-103,22,0
2025-12-13,SKU-103,19,0
2025-12-14,SKU-103,20,0
2025-12-15,SKU-103,14,0
2025-12-16,SKU-103,6,0
2025-12-17,SKU-103,10,1
2025-12-18,SKU-103,14,0
2025-12-19,SKU-103,7,0
2025-12-20,SKU-103,6,0
2025-12-21,SKU-103,1,0
2025-12-22,SKU-103,7,0
2025-12-23,SKU-103,5,0
2025-12-24,SKU-103,8,0
2025-12-25,SKU-103,19,0
2025-12-26,SKU-103,16,0
2025-12-27,SKU-103,15,0
2025-12-28,SKU-103,16,0
2025-12-29,SKU-103,6,0
2025-12-30,SKU-103,5,0
2025-12-31,SKU-103,7,0
2026-01-01,SKU-103,3,0
2026-01-02,SKU-103,6,0
2026-01-03,SKU-103,9,0
2026-01-04,SKU-103,16,0
2026-01-05,SKU-103,7,0
2026-01-06,SKU-103,6,0
2026-01-07,SKU-103,4,0
2026-01-08,SKU-103,17,0
2026-01-09,SKU-103,8,0
2026-01-10,SKU-103,8,0
2026-01-11,SKU-103,17,0
2026-01-12,SKU-103,4,0
2026-01-13,SKU-103,14,1
2026-01-14,SKU-103,10,0
2026-01-15,SKU-103,7,0
2026-01-16,SKU-103,6,0
2026-01-17,SKU-103,7,0
2026-01-18,SKU-103,6,0
2026-01-19,SKU-103,4,0
2026-01-20,SKU-103,7,0
2026-01-21,SKU-103,5,0
2026-01-22,SKU-103,11,0
2026-01-23,SKU-103,14,0
2026-01-24,SKU-103,22,0
2026-01-25,SKU-103,11,0
2026-01-26,SKU-103,4,0
2026-01-27,SKU-103,12,0
2026-01-28,SKU-103,11,0
2026-01-29,SKU-103,21,0
2026-01-30,SKU-103,12,0
2026-01-31,SKU-103,4,0
2026-02-01,SKU-103,14,0
2026-02-02,SKU-103,8,0
2026-02-03,SKU-103,4,0
2026-02-04,SKU-103,4,0
2026-02-05,SKU-103,18,0
2026-02-06,SKU-103,7,0
2026-02-07,SKU-103,8,0
2026-02-08,SKU-103,5,0
2026-02-09,SKU-103,1,0
2026-02-10,SKU-103,14,0
2026-02-11,SKU-103,9,0
2026-02-12,SKU-103,10,0
2026-02-13,SKU-103,10,0
2026-02-14,SKU-103,3,0
2026-02-15,SKU-103,13,0
2026-02-16,SKU-103,16,0
2026-02-17,SKU-103,11,0
2026-02-18,SKU-103,10,1
2026-02-19,SKU-103,8,0
2026-02-20,SKU-103,19,0
2026-02-21,SKU-103,13,0
2026-02-22,SKU-103,18,0
2026-02-23,SKU-103,11,0
2026-02-24,SKU-103,3,0
2026-02-25,SKU-103,7,0
2026-02-26,SKU-103,8,0
2026-02-27,SKU-103,7,1
2026-02-28,SKU-103,5,0
2026-03-01,SKU-103,11,0
2026-03-02,SKU-103,7,0
2026-03-03,SKU-103,8,0
2026-03-04,SKU-103,7,0
2026-03-05,SKU-103,18,0
2026-03-06,SKU-103,13,0
2026-03-07,SKU-103,9,0
2026-03-08,SKU-103,17,0
2026-03-09,SKU-103,8,0
2026-03-10,SKU-103,16,0
2026-03-11,SKU-103,6,0
2026-03-12,SKU-103,10,0
2026-03-13,SKU-103,23,0
2026-03-14,SKU-103,23,1
2026-03-15,SKU-103,8,0
2026-03-16,SKU-103,7,0
2026-03-17,SKU-103,8,0
2026-03-18,SKU-103,2,0
2026-03-19,SKU-103,7,0
2026-03-20,SKU-103,13,0
2026-03-21,SKU-103,17,0
2026-03-22,SKU-103,11,0
2026-03-23,SKU-103,2,0
2026-03-24,SKU-103,9,0
2026-03-25,SKU-103,21,0
2026-03-26,SKU-103,9,0
2026-03-27,SKU-103,9,0
2026-03-28,SKU-103,19,0
2026-03-29,SKU-103,14,0
2026-03-30,SKU-103,11,0
2026-03-31,SKU-103,10,0
2026-04-01,SKU-103,8,0
2026-04-02,SKU-103,11,0
2026-04-03,SKU-103,10,0
2026-04-04,SKU-103,6,0
2026-04-05,SKU-103,16,0
2026-04-06,SKU-103,16,0
2026-04-07,SKU-103,11,0
2026-04-08,SKU-103,12,0
2026-04-09,SKU-103,2,0
2026-04-10,SKU-103,6,0
2026-04-11,SKU-103,8,1
2026-04-12,SKU-103,7,0
2026-04-13,SKU-103,9,0
2026-04-14,SKU-103,2,0
2026-04-15,SKU-103,1,0
2026-04-16,SKU-103,6,0
2026-04-17,SKU-103,8,0
2026-04-18,SKU-103,5,0
2026-04-19,SKU-103,4,0
2026-04-20,SKU-103,12,0
2026-04-21,SKU-103,13,0
2026-04-22,SKU-103,17,0
2026-04-23,SKU-103,6,0
2026-04-24,SKU-103,4,0
2026-04-25,SKU-103,13,0
2026-04-26,SKU-103,11,0
2026-04-27,SKU-103,11,0
2026-04-28,SKU-103,3,0
2026-04-29,SKU-103,6,0
2026-04-30,SKU-103,7,0
2026-05-01,SKU-103,7,0
2026-05-02,SKU-103,22,0
2026-05-03,SKU-103,15,0
2026-05-04,SKU-103,7,0
2026-05-05,SKU-103,24,1
2026-05-06,SKU-103,7,0
2026-05-07,SKU-103,9,0
2026-05-08,SKU-103,12,0
2026-05-09,SKU-103,10,0
2026-05-10,SKU-103,10,0
2026-05-11,SKU-103,6,0
2026-05-12,SKU-103,5,0
2026-05-13,SKU-103,8,0
2026-05-14,SKU-103,17,0
2026-05-15,SKU-103,11,0
2026-05-16,SKU-103,4,0
2026-05-17,SKU-103,17,0
2026-05-18,SKU-103,16,0
2026-05-19,SKU-103,3,0
2026-05-20,SKU-103,5,0
2026-05-21,SKU-103,3,0
2026-05-22,SKU-103,3,0
2026-05-23,SKU-103,9,0
2026-05-24,SKU-103,11,0
2026-05-25,SKU-103,3,0
2026-05-26,SKU-103,5,0
2026-05-27,SKU-103,13,0
2026-05-28,SKU-103,11,0
2026-05-29,SKU-103,16,0
2026-05-30,SKU-103,3,0
2026-05-31,SKU-103,14,0
2026-06-01,SKU-103,17,0
2026-06-02,SKU-103,9,0
2026-06-03,SKU-103,4,0
2026-06-04,SKU-103,8,0
2026-06-05,SKU-103,10,0
2026-06-06,SKU-103,10,0
2026-06-07,SKU-103,14,0
2026-06-08,SKU-103,8,0
2026-06-09,SKU-103,6,0
2026-06-10,SKU-103,8,0
2026-06-11,SKU-103,19,1
2026-06-12,SKU-103,13,0
2026-06-13,SKU-103,9,0
2026-06-14,SKU-103,14,1
2026-06-15,SKU-103,16,0
2026-06-16,SKU-103,3,0
2026-06-17,SKU-103,6,0
2026-06-18,SKU-103,7,0
2026-06-19,SKU-103,11,0
2026-06-20,SKU-103,19,0
2026-06-21,SKU-103,15,0
2026-06-22,SKU-103,8,0
2026-06-23,SKU-103,13,0
2026-06-24,SKU-103,12,0
2026-06-25,SKU-103,8,0
2026-06-26,SKU-103,14,0
2026-06-27,SKU-103,14,0
2026-06-28,SKU-103,4,0
2026-06-29,SKU-103,22,0
2026-06-30,SKU-103,2,0
2026-07-01,SKU-103,15,0
2026-07-02,SKU-103,7,0
2026-07-03,SKU-103,12,0
2026-07-04,SKU-103,20,1
2026-07-05,SKU-103,13,0
2026-07-06,SKU-103,8,0
2026-07-07,SKU-103,2,0
2026-07-08,SKU-103,9,0
2026-07-09,SKU-103,18,0
2026-07-10,SKU-103,16,0
2026-07-11,SKU-103,11,0
2026-07-12,SKU-103,12,0
2026-07-13,SKU-103,8,0
2026-07-14,SKU-103,8,0
2026-07-15,SKU-103,7,0
2026-07-16,SKU-103,10,0
2026-07-17,SKU-103,14,0
2026-07-18,SKU-103,19,1
2026-07-19,SKU-103,9,0
2026-07-20,SKU-103,16,0
2026-07-21,SKU-103,11,0
2026-07-22,SKU-103,17,0
2026-07-23,SKU-103,14,0
2026-07-24,SKU-103,11,0
2026-07-25,SKU-103,8,0
2026-07-26,SKU-103,14,0
2026-07-27,SKU-103,9,0
2026-07-28,SKU-103,8,0
2026-07-29,SKU-103,3,0
2026-07-30,SKU-103,5,0
2026-07-31,SKU-103,10,0
2026-08-01,SKU-103,12,0
2026-08-02,SKU-103,14,0
2026-08-03,SKU-103,7,0
2026-08-04,SKU-103,13,0
2026-08-05,SKU-103,3,0
2026-08-06,SKU-103,5,0
2026-08-07,SKU-103,18,0
2026-08-08,SKU-103,14,0
2026-08-09,SKU-103,13,0
2026-08-10,SKU-103,7,0
2026-08-11,SKU-103,8,0
2026-08-12,SKU-103,1,0
2026-08-13,SKU-103,6,0
2026-08-14,SKU-103,17,1
2026-08-15,SKU-103,10,0
2026-08-16,SKU-103,14,0
2026-08-17,SKU-103,5,0
2026-08-18,SKU-103,8,0
2026-08-19,SKU-103,15,0
2026-08-20,SKU-103,6,0
2026-08-21,SKU-103,6,0
2026-08-22,SKU-103,11,0
2026-08-23,SKU-103,10,0
2026-08-24,SKU-103,8,0
2026-08-25,SKU-103,14,0
2026-08-26,SKU-103,4,0
2026-08-27,SKU-103,5,0
2026-08-28,SKU-103,6,0
2026-08-29,SKU-103,9,0
2026-08-30,SKU-103,20,0
2026-08-31,SKU-103,9,0
2026-09-01,SKU-103,9,0
2026-09-02,SKU-103,5,0
2026-09-03,SKU-103,7,0
2026-09-04,SKU-103,15,0
2026-09-05,SKU-103,12,0
2026-09-06,SKU-103,6,0
2026-09-07,SKU-103,9,0
2026-09-08,SKU-103,9,0
2026-09-09,SKU-103,6,0
2026-09-10,SKU-103,16,0
2026-09-11,SKU-103,8,0
2026-09-12,SKU-103,12,1
2026-09-13,SKU-103,19,0
2026-09-14,SKU-103,7,0
2026-09-15,SKU-103,2,0
2026-09-16,SKU-103,8,0
2026-09-17,SKU-103,6,0
2026-09-18,SKU-103,13,0
2026-09-19,SKU-103,5,0
2026-09-20,SKU-103,17,0
2026-09-21,SKU-103,9,0
2026-09-22,SKU-103,12,0
2026-09-23,SKU-103,6,0
2026-09-24,SKU-103,15,0
2026-09-25,SKU-103,10,0
2026-09-26,SKU-103,8,1
2026-09-27,SKU-103,11,0
2026-09-28,SKU-103,8,0
2026-09-29,SKU-103,12,0
2026-09-30,SKU-103,19,1
2024-10-01,SKU-104,8,0
2024-10-02,SKU-104,3,0
2024-10-03,SKU-104,11,0
2024-10-04,SKU-104,6,0
2024-10-05,SKU-104,10,0
2024-10-06,SKU-104,9,0
2024-10-07,SKU-104,1,0
2024-10-08,SKU-104,7,0
2024-10-09,SKU-104,10,0
2024-10-10,SKU-104,11,0
2024-10-11,SKU-104,1,0
2024-10-12,SKU-104,5,0
2024-10-13,SKU-104,11,0
2024-10-14,SKU-104,3,0
2024-10-15,SKU-104,11,0
2024-10-16,SKU-104,1,0
2024-10-17,SKU-104,8,1
2024-10-18,SKU-104,10,0
2024-10-19,SKU-104,5,0
2024-10-20,SKU-104,13,0
2024-10-21,SKU-104,5,0
2024-10-22,SKU-104,5,0
2024-10-23,SKU-104,6,1
2024-10-24,SKU-104,7,0
2024-10-25,SKU-104,15,0
2024-10-26,SKU-104,9,0
2024-10-27,SKU-104,17,0
2024-10-28,SKU-104,9,0
2024-10-29,SKU-104,12,0
2024-10-30,SKU-104,10,0
2024-10-31,SKU-104,4,0
2024-11-01,SKU-104,9,0
2024-11-02,SKU-104,11,0
2024-11-03,SKU-104,12,1
2024-11-04,SKU-104,6,0
2024-11-05,SKU-104,3,0
2024-11-06,SKU-104,3,0
2024-11-07,SKU-104,8,1
2024-11-08,SKU-104,11,1
2024-11-09,SKU-104,7,0
2024-11-10,SKU-104,5,0
2024-11-11,SKU-104,5,0
2024-11-12,SKU-104,7,0
2024-11-13,SKU-104,9,0
2024-11-14,SKU-104,5,0
2024-11-15,SKU-104,4,0
2024-11-16,SKU-104,9,0
2024-11-17,SKU-104,9,0
2024-11-18,SKU-104,4,0
2024-11-19,SKU-104,5,0
2024-11-20,SKU-104,5,0
2024-11-21,SKU-104,7,0
2024-11-22,SKU-104,5,0
2024-11-23,SKU-104,5,0
2024-11-24,SKU-104,4,0
2024-11-25,SKU-104,2,0
2024-11-26,SKU-104,2,0
2024-11-27,SKU-104,4,0
2024-11-28,SKU-104,5,0
2024-11-29,SKU-104,2,0
2024-11-30,SKU-104,5,0
2024-12-01,SKU-104,9,0
2024-12-02,SKU-104,7,0
2024-12-03,SKU-104,9,0
2024-12-04,SKU-104,5,0
2024-12-05,SKU-104,21,0
2024-12-06,SKU-104,1,0
2024-12-07,SKU-104,9,1
2024-12-08,SKU-104,3,0
2024-12-09,SKU-104,2,0
2024-12-10,SKU-104,12,0
2024-12-11,SKU-104,6,0
2024-12-12,SKU-104,12,1
2024-12-13,SKU-104,1,0
2024-12-14,SKU-104,6,0
2024-12-15,SKU-104,9,0
2024-12-16,SKU-104,3,0
2024-12-17,SKU-104,8,0
2024-12-18,SKU-104,1,1
2024-12-19,SKU-104,4,0
2024-12-20,SKU-104,6,0
2024-12-21,SKU-104,8,0
2024-12-22,SKU-104,10,0
2024-12-23,SKU-104,7,0
2024-12-24,SKU-104,11,1
2024-12-25,SKU-104,6,0
2024-12-26,SKU-104,3,0
2024-12-27,SKU-104,3,0
2024-12-28,SKU-104,10,0
2024-12-29,SKU-104,7,1
2024-12-30,SKU-104,6,0
2024-12-31,SKU-104,8,0
2025-01-01,SKU-104,12,0
2025-01-02,SKU-104,0,0
2025-01-03,SKU-104,7,0
2025-01-04,SKU-104,8,0
2025-01-05,SKU-104,9,0
2025-01-06,SKU-104,10,0
2025-01-07,SKU-104,5,0
2025-01-08,SKU-104,7,0
2025-01-09,SKU-104,12,0
2025-01-10,SKU-104,3,0
2025-01-11,SKU-104,12,0
2025-01-12,SKU-104,6,0
2025-01-13,SKU-104,5,1
2025-01-14,SKU-104,1,0
2025-01-15,SKU-104,4,0
2025-01-16,SKU-104,4,0
2025-01-17,SKU-104,6,0
2025-01-18,SKU-104,5,0
2025-01-19,SKU-104,5,0
2025-01-20,SKU-104,8,0
2025-01-21,SKU-104,9,0
2025-01-22,SKU-104,6,0
2025-01-23,SKU-104,6,0
2025-01-24,SKU-104,7,0
2025-01-25,SKU-104,3,0
2025-01-26,SKU-104,3,0
2025-01-27,SKU-104,6,0
2025-01-28,SKU-104,3,0
2025-01-29,SKU-104,4,0
2025-01-30,SKU-104,4,0
2025-01-31,SKU-104,2,0
2025-02-01,SKU-104,5,0
2025-02-02,SKU-104,10,0
2025-02-03,SKU-104,4,1
2025-02-04,SKU-104,7,0
2025-02-05,SKU-104,1,0
2025-02-06,SKU-104,7,1
2025-02-07,SKU-104,17,0
2025-02-08,SKU-104,4,0
2025-02-09,SKU-104,3,0
2025-02-10,SKU-104,5,0
2025-02-11,SKU-104,1,0
2025-02-12,SKU-104,7,1
2025-02-13,SKU-104,5,0
2025-02-14,SKU-104,5,1
2025-02-15,SKU-104,8,0
2025-02-16,SKU-104,7,0
2025-02-17,SKU-104,6,0
2025-02-18,SKU-104,3,1
2025-02-19,SKU-104,5,0
2025-02-20,SKU-104,2,0
2025-02-21,SKU-104,7,0
2025-02-22,SKU-104,1,0
2025-02-23,SKU-104,4,1
2025-02-24,SKU-104,10,0
2025-02-25,SKU-104,7,0
2025-02-26,SKU-104,6,0
2025-02-27,SKU-104,4,0
2025-02-28,SKU-104,10,0
2025-03-01,SKU-104,2,0
2025-03-02,SKU-104,6,0
2025-03-03,SKU-104,9,0
2025-03-04,SKU-104,17,1
2025-03-05,SKU-104,0,0
2025-03-06,SKU-104,16,1
2025-03-07,SKU-104,6,0
2025-03-08,SKU-104,9,0
2025-03-09,SKU-104,8,0
2025-03-10,SKU-104,5,0
2025-03-11,SKU-104,4,0
2025-03-12,SKU-104,10,0
2025-03-13,SKU-104,7,0
2025-03-14,SKU-104,8,0
2025-03-15,SKU-104,5,0
2025-03-16,SKU-104,9,0
2025-03-17,SKU-104,7,0
2025-03-18,SKU-104,3,0
2025-03-19,SKU-104,3,0
2025-03-20,SKU-104,5,0
2025-03-21,SKU-104,16,1
2025-03-22,SKU-104,6,0
2025-03-23,SKU-104,11,0
2025-03-24,SKU-104,1,0
2025-03-25,SKU-104,9,1
2025-03-26,SKU-104,2,0
2025-03-27,SKU-104,9,0
2025-03-28,SKU-104,6,0
2025-03-29,SKU-104,8,0
2025-03-30,SKU-104,16,1
2025-03-31,SKU-104,4,0
2025-04-01,SKU-104,11,0
2025-04-02,SKU-104,5,0
2025-04-03,SKU-104,7,0
2025-04-04,SKU-104,7,0
2025-04-05,SKU-104,6,0
2025-04-06,SKU-104,5,0
2025-04-07,SKU-104,3,0
2025-04-08,SKU-104,1,0
2025-04-09,SKU-104,10,0
2025-04-10,SKU-104,5,1
2025-04-11,SKU-104,1,0
2025-04-12,SKU-104,3,0
2025-04-13,SKU-104,6,1
2025-04-14,SKU-104,7,0
2025-04-15,SKU-104,4,0
2025-04-16,SKU-104,4,0
2025-04-17,SKU-104,2,0
2025-04-18,SKU-104,7,0
2025-04-19,SKU-104,6,0
2025-04-20,SKU-104,5,0
2025-04-21,SKU-104,7,0
2025-04-22,SKU-104,5,0
2025-04-23,SKU-104,7,0
2025-04-24,SKU-104,2,0
2025-04-25,SKU-104,19,1
2025-04-26,SKU-104,9,0
2025-04-27,SKU-104,3,0
2025-04-28,SKU-104,4,0
2025-04-29,SKU-104,4,0
2025-04-30,SKU-104,3,0
2025-05-01,SKU-104,6,0
2025-05-02,SKU-104,10,0
2025-05-03,SKU-104,3,0
2025-05-04,SKU-104,12,0
2025-05-05,SKU-104,5,0
2025-05-06,SKU-104,0,0
2025-05-07,SKU-104,2,0
2025-05-08,SKU-104,2,0
2025-05-09,SKU-104,13,0
2025-05-10,SKU-104,6,0
2025-05-11,SKU-104,5,0
2025-05-12,SKU-104,5,0
2025-05-13,SKU-104,5,0
2025-05-14,SKU-104,4,1
2025-05-15,SKU-104,11,0
2025-05-16,SKU-104,3,0
2025-05-17,SKU-104,11,0
2025-05-18,SKU-104,5,0
2025-05-19,SKU-104,3,0
2025-05-20,SKU-104,6,0
2025-05-21,SKU-104,8,0
2025-05-22,SKU-104,4,0
2025-05-23,SKU-104,2,0
2025-05-24,SKU-104,9,0
2025-05-25,SKU-104,3,0
2025-05-26,SKU-104,7,0
2025-05-27,SKU-104,9,0
2025-05-28,SKU-104,2,0
2025-05-29,SKU-104,4,0
2025-05-30,SKU-104,11,0
2025-05-31,SKU-104,9,0
2025-06-01,SKU-104,9,0
2025-06-02,SKU-104,7,0
2025-06-03,SKU-104,4,0
2025-06-04,SKU-104,6,0
2025-06-05,SKU-104,4,0
2025-06-06,SKU-104,3,0
2025-06-07,SKU-104,8,0
2025-06-08,SKU-104,4,0
2025-06-09,SKU-104,5,0
2025-06-10,SKU-104,2,0
2025-06-11,SKU-104,1,1
2025-06-12,SKU-104,9,0
2025-06-13,SKU-104,1,0
2025-06-14,SKU-104,5,0
2025-06-15,SKU-104,8,0
2025-06-16,SKU-104,13,0
2025-06-17,SKU-104,7,0
2025-06-18,SKU-104,5,0
2025-06-19,SKU-104,8,0
2025-06-20,SKU-104,9,0
2025-06-21,SKU-104,6,0
2025-06-22,SKU-104,1,0
2025-06-23,SKU-104,7,0
2025-06-24,SKU-104,7,0
2025-06-25,SKU-104,9,0
2025-06-26,SKU-104,7,0
2025-06-27,SKU-104,8,0
2025-06-28,SKU-104,8,0
2025-06-29,SKU-104,7,0
2025-06-30,SKU-104,9,0
2025-07-01,SKU-104,4,0
2025-07-02,SKU-104,0,0
2025-07-03,SKU-104,12,0
2025-07-04,SKU-104,7,0
2025-07-05,SKU-104,7,0
2025-07-06,SKU-104,5,0
2025-07-07,SKU-104,2,0
2025-07-08,SKU-104,7,0
2025-07-09,SKU-104,2,0
2025-07-10,SKU-104,2,0
2025-07-11,SKU-104,2,0
2025-07-12,SKU-104,10,0
2025-07-13,SKU-104,8,0
2025-07-14,SKU-104,1,1
2025-07-15,SKU-104,4,0
2025-07-16,SKU-104,5,0
2025-07-17,SKU-104,15,0
2025-07-18,SKU-104,9,0
2025-07-19,SKU-104,1,0
2025-07-20,SKU-104,9,0
2025-07-21,SKU-104,4,0
2025-07-22,SKU-104,1,0
2025-07-23,SKU-104,7,1
2025-07-24,SKU-104,5,0
2025-07-25,SKU-104,3,0
2025-07-26,SKU-104,11,0
2025-07-27,SKU-104,10,0
2025-07-28,SKU-104,16,1
2025-07-29,SKU-104,7,0
2025-07-30,SKU-104,6,0
2025-07-31,SKU-104,9,0
2025-08-01,SKU-104,4,0
2025-08-02,SKU-104,6,0
2025-08-03,SKU-104,12,0
2025-08-04,SKU-104,6,0
2025-08-05,SKU-104,7,0
2025-08-06,SKU-104,3,0
2025-08-07,SKU-104,10,0
2025-08-08,SKU-104,14,0
2025-08-09,SKU-104,12,1
2025-08-10,SKU-104,1,0
2025-08-11,SKU-104,3,0
2025-08-12,SKU-104,8,0
2025-08-13,SKU-104,5,0
2025-08-14,SKU-104,10,0
2025-08-15,SKU-104,8,0
2025-08-16,SKU-104,2,1
2025-08-17,SKU-104,16,0
2025-08-18,SKU-104,17,0
2025-08-19,SKU-104,8,0
2025-08-20,SKU-104,4,0
2025-08-21,SKU-104,4,0
2025-08-22,SKU-104,5,0
2025-08-23,SKU-104,9,1
2025-08-24,SKU-104,7,0
2025-08-25,SKU-104,10,0
2025-08-26,SKU-104,2,0
2025-08-27,SKU-104,2,0
2025-08-28,SKU-104,2,0
2025-08-29,SKU-104,6,1
2025-08-30,SKU-104,6,0
2025-08-31,SKU-104,6,0
2025-09-01,SKU-104,14,1
2025-09-02,SKU-104,7,0
2025-09-03,SKU-104,5,1
2025-09-04,SKU-104,3,0
2025-09-05,SKU-104,5,0
2025-09-06,SKU-104,6,0
2025-09-07,SKU-104,2,0
2025-09-08,SKU-104,2,0
2025-09-09,SKU-104,4,0
2025-09-10,SKU-104,4,1
2025-09-11,SKU-104,6,0
2025-09-12,SKU-104,3,0
2025-09-13,SKU-104,8,0
2025-09-14,SKU-104,3,0
2025-09-15,SKU-104,4,0
2025-09-16,SKU-104,7,0
2025-09-17,SKU-104,10,0
2025-09-18,SKU-104,4,0
2025-09-19,SKU-104,5,0
2025-09-20,SKU-104,3,0
2025-09-21,SKU-104,4,0
2025-09-22,SKU-104,6,0
2025-09-23,SKU-104,12,0
2025-09-24,SKU-104,9,1
2025-09-25,SKU-104,7,0
2025-09-26,SKU-104,4,0
2025-09-27,SKU-104,4,0
2025-09-28,SKU-104,8,0
2025-09-29,SKU-104,5,0
2025-09-30,SKU-104,2,0
2025-10-01,SKU-104,4,0
2025-10-02,SKU-104,15,1
2025-10-03,SKU-104,4,0
2025-10-04,SKU-104,13,0
2025-10-05,SKU-104,6,0
2025-10-06,SKU-104,6,0
2025-10-07,SKU-104,1,0
2025-10-08,SKU-104,6,0
2025-10-09,SKU-104,7,0
2025-10-10,SKU-104,6,0
2025-10-11,SKU-104,6,0
2025-10-12,SKU-104,10,0
2025-10-13,SKU-104,8,0
2025-10-14,SKU-104,14,0
2025-10-15,SKU-104,7,0
2025-10-16,SKU-104,15,0
2025-10-17,SKU-104,18,0
2025-10-18,SKU-104,17,0
2025-10-19,SKU-104,2,0
2025-10-20,SKU-104,15,0
2025-10-21,SKU-104,13,0
2025-10-22,SKU-104,3,0
2025-10-23,SKU-104,4,0
2025-10-24,SKU-104,7,0
2025-10-25,SKU-104,4,1
2025-10-26,SKU-104,7,0
2025-10-27,SKU-104,3,0
2025-10-28,SKU-104,5,0
2025-10-29,SKU-104,11,1
2025-10-30,SKU-104,7,0
2025-10-31,SKU-104,9,0
2025-11-01,SKU-104,4,0
2025-11-02,SKU-104,13,1
2025-11-03,SKU-104,11,0
2025-11-04,SKU-104,3,0
2025-11-05,SKU-104,5,0
2025-11-06,SKU-104,4,0
2025-11-07,SKU-104,4,0
2025-11-08,SKU-104,5,0
2025-11-09,SKU-104,10,0
2025-11-10,SKU-104,7,0
2025-11-11,SKU-104,7,0
2025-11-12,SKU-104,5,0
2025-11-13,SKU-104,8,0
2025-11-14,SKU-104,10,0
2025-11-15,SKU-104,6,0
2025-11-16,SKU-104,7,0
2025-11-17,SKU-104,1,0
2025-11-18,SKU-104,10,0
2025-11-19,SKU-104,4,0
2025-11-20,SKU-104,6,0
2025-11-21,SKU-104,3,0
2025-11-22,SKU-104,9,0
2025-11-23,SKU-104,13,0
2025-11-24,SKU-104,4,0
2025-11-25,SKU-104,4,0
2025-11-26,SKU-104,6,0
2025-11-27,SKU-104,8,0
2025-11-28,SKU-104,4,0
2025-11-29,SKU-104,8,0
2025-11-30,SKU-104,6,0
2025-12-01,SKU-104,4,0
2025-12-02,SKU-104,2,0
2025-12-03,SKU-104,7,0
2025-12-04,SKU-104,8,0
2025-12-05,SKU-104,4,0
2025-12-06,SKU-104,7,0
2025-12-07,SKU-104,18,1
2025-12-08,SKU-104,5,1
2025-12-09,SKU-104,4,0
2025-12-10,SKU-104,2,0
2025-12-11,SKU-104,10,0
2025-12-12,SKU-104,3,0
2025-12-13,SKU-104,2,1
2025-12-14,SKU-104,9,0
2025-12-15,SKU-104,5,1
2025-12-16,SKU-104,8,0
2025-12-17,SKU-104,7,0
2025-12-18,SKU-104,2,0
2025-12-19,SKU-104,2,0
2025-12-20,SKU-104,8,0
2025-12-21,SKU-104,4,0
2025-12-22,SKU-104,6,0
2025-12-23,SKU-104,6,0
2025-12-24,SKU-104,8,0
2025-12-25,SKU-104,5,0
2025-12-26,SKU-104,3,0
2025-12-27,SKU-104,6,0
2025-12-28,SKU-104,17,0
2025-12-29,SKU-104,7,0
2025-12-30,SKU-104,3,0
2025-12-31,SKU-104,14,0
2026-01-01,SKU-104,4,0
2026-01-02,SKU-104,14,0
2026-01-03,SKU-104,7,0
2026-01-04,SKU-104,9,0
2026-01-05,SKU-104,8,0
2026-01-06,SKU-104,10,0
2026-01-07,SKU-104,4,0
2026-01-08,SKU-104,1,0
2026-01-09,SKU-104,8,0
2026-01-10,SKU-104,3,0
2026-01-11,SKU-104,11,0
2026-01-12,SKU-104,5,0
2026-01-13,SKU-104,12,0
2026-01-14,SKU-104,9,0
2026-01-15,SKU-104,7,0
2026-01-16,SKU-104,2,0
2026-01-17,SKU-104,4,0
2026-01-18,SKU-104,5,0
2026-01-19,SKU-104,8,0
2026-01-20,SKU-104,3,0
2026-01-21,SKU-104,3,0
2026-01-22,SKU-104,8,0
2026-01-23,SKU-104,6,0
2026-01-24,SKU-104,12,0
2026-01-25,SKU-104,7,0
2026-01-26,SKU-104,2,0
2026-01-27,SKU-104,9,0
2026-01-28,SKU-104,8,0
2026-01-29,SKU-104,10,0
2026-01-30,SKU-104,4,0
2026-01-31,SKU-104,3,0
2026-02-01,SKU-104,8,0
2026-02-02,SKU-104,6,0
2026-02-03,SKU-104,1,0
2026-02-04,SKU-104,7,0
2026-02-05,SKU-104,13,0
2026-02-06,SKU-104,10,0
2026-02-07,SKU-104,5,0
2026-02-08,SKU-104,8,0
2026-02-09,SKU-104,3,1
2026-02-10,SKU-104,2,0
2026-02-11,SKU-104,8,0
2026-02-12,SKU-104,5,0
2026-02-13,SKU-104,16,0
2026-02-14,SKU-104,9,0
2026-02-15,SKU-104,6,0
2026-02-16,SKU-104,5,0
2026-02-17,SKU-104,4,0
2026-02-18,SKU-104,4,0
2026-02-19,SKU-104,10,0
2026-02-20,SKU-104,4,1
2026-02-21,SKU-104,10,0
2026-02-22,SKU-104,6,0
2026-02-23,SKU-104,6,0
2026-02-24,SKU-104,5,0
2026-02-25,SKU-104,5,0
2026-02-26,SKU-104,4,0
2026-02-27,SKU-104,7,0
2026-02-28,SKU-104,8,0
2026-03-01,SKU-104,12,1
2026-03-02,SKU-104,6,0
2026-03-03,SKU-104,3,0
2026-03-04,SKU-104,1,0
2026-03-05,SKU-104,9,0
2026-03-06,SKU-104,8,0
2026-03-07,SKU-104,17,0
2026-03-08,SKU-104,9,0
2026-03-09,SKU-104,5,0
2026-03-10,SKU-104,8,0
2026-03-11,SKU-104,6,0
2026-03-12,SKU-104,7,0
2026-03-13,SKU-104,5,0
2026-03-14,SKU-104,18,1
2026-03-15,SKU-104,4,0
2026-03-16,SKU-104,2,0
2026-03-17,SKU-104,9,0
2026-03-18,SKU-104,4,0
2026-03-19,SKU-104,3,0
2026-03-20,SKU-104,10,0
2026-03-21,SKU-104,7,0
2026-03-22,SKU-104,3,0
2026-03-23,SKU-104,4,0
2026-03-24,SKU-104,10,0
2026-03-25,SKU-104,2,0
2026-03-26,SKU-104,5,0
2026-03-27,SKU-104,6,0
2026-03-28,SKU-104,7,0
2026-03-29,SKU-104,9,0
2026-03-30,SKU-104,6,0
2026-03-31,SKU-104,7,0
2026-04-01,SKU-104,2,0
2026-04-02,SKU-104,4,0
2026-04-03,SKU-104,7,0
2026-04-04,SKU-104,6,0
2026-04-05,SKU-104,13,0
2026-04-06,SKU-104,3,0
2026-04-07,SKU-104,8,0
2026-04-08,SKU-104,5,0
2026-04-09,SKU-104,12,0
2026-04-10,SKU-104,6,0
2026-04-11,SKU-104,4,0
2026-04-12,SKU-104,7,0
2026-04-13,SKU-104,4,0
2026-04-14,SKU-104,5,1
2026-04-15,SKU-104,11,0
2026-04-16,SKU-104,8,0
2026-04-17,SKU-104,4,0
2026-04-18,SKU-104,10,0
2026-04-19,SKU-104,10,0
2026-04-20,SKU-104,4,0
2026-04-21,SKU-104,4,0
2026-04-22,SKU-104,5,0
2026-04-23,SKU-104,6,0
2026-04-24,SKU-104,6,0
2026-04-25,SKU-104,2,0
2026-04-26,SKU-104,13,1
2026-04-27,SKU-104,3,0
2026-04-28,SKU-104,6,0
2026-04-29,SKU-104,9,0
2026-04-30,SKU-104,5,0
2026-05-01,SKU-104,6,0
2026-05-02,SKU-104,9,0
2026-05-03,SKU-104,5,0
2026-05-04,SKU-104,5,0
2026-05-05,SKU-104,6,0
2026-05-06,SKU-104,3,0
2026-05-07,SKU-104,9,0
2026-05-08,SKU-104,8,0
2026-05-09,SKU-104,4,0
2026-05-10,SKU-104,8,0
2026-05-11,SKU-104,9,0
2026-05-12,SKU-104,8,0
2026-05-13,SKU-104,6,0
2026-05-14,SKU-104,1,1
2026-05-15,SKU-104,8,0
2026-05-16,SKU-104,7,0
2026-05-17,SKU-104,10,0
2026-05-18,SKU-104,8,0
2026-05-19,SKU-104,11,0
2026-05-20,SKU-104,9,0
2026-05-21,SKU-104,2,0
2026-05-22,SKU-104,9,0
2026-05-23,SKU-104,4,0
2026-05-24,SKU-104,6,0
2026-05-25,SKU-104,6,0
2026-05-26,SKU-104,6,0
2026-05-27,SKU-104,2,0
2026-05-28,SKU-104,3,0
2026-05-29,SKU-104,8,0
2026-05-30,SKU-104,13,0
2026-05-31,SKU-104,6,0
2026-06-01,SKU-104,4,0
2026-06-02,SKU-104,7,1
2026-06-03,SKU-104,3,0
2026-06-04,SKU-104,7,0
2026-06-05,SKU-104,5,0
2026-06-06,SKU-104,9,0
2026-06-07,SKU-104,8,0
2026-06-08,SKU-104,4,0
2026-06-09,SKU-104,10,0
2026-06-10,SKU-104,7,1
2026-06-11,SKU-104,9,0
2026-06-12,SKU-104,3,0
2026-06-13,SKU-104,10,0
2026-06-14,SKU-104,10,0
2026-06-15,SKU-104,7,0
2026-06-16,SKU-104,2,0
2026-06-17,SKU-104,13,1
2026-06-18,SKU-104,4,0
2026-06-19,SKU-104,3,1
2026-06-20,SKU-104,12,0
2026-06-21,SKU-104,11,0
2026-06-22,SKU-104,14,1
2026-06-23,SKU-104,4,0
2026-06-24,SKU-104,2,0
2026-06-25,SKU-104,7,1
2026-06-26,SKU-104,1,0
2026-06-27,SKU-104,4,0
2026-06-28,SKU-104,2,0
2026-06-29,SKU-104,2,0
2026-06-30,SKU-104,5,0
2026-07-01,SKU-104,3,0
2026-07-02,SKU-104,4,0
2026-07-03,SKU-104,2,0
2026-07-04,SKU-104,9,1
2026-07-05,SKU-104,9,0
2026-07-06,SKU-104,13,0
2026-07-07,SKU-104,8,0
2026-07-08,SKU-104,3,0
2026-07-09,SKU-104,4,0
2026-07-10,SKU-104,5,0
2026-07-11,SKU-104,8,0
2026-07-12,SKU-104,5,0
2026-07-13,SKU-104,5,0
2026-07-14,SKU-104,10,1
2026-07-15,SKU-104,2,0
2026-07-16,SKU-104,5,0
2026-07-17,SKU-104,15,0
2026-07-18,SKU-104,7,0
2026-07-19,SKU-104,7,0
2026-07-20,SKU-104,14,1
2026-07-21,SKU-104,8,0
2026-07-22,SKU-104,9,0
2026-07-23,SKU-104,15,0
2026-07-24,SKU-104,9,0
2026-07-25,SKU-104,12,0
2026-07-26,SKU-104,9,0
2026-07-27,SKU-104,4,0
2026-07-28,SKU-104,6,1
2026-07-29,SKU-104,9,0
2026-07-30,SKU-104,4,0
2026-07-31,SKU-104,6,0
2026-08-01,SKU-104,3,0
2026-08-02,SKU-104,8,0
2026-08-03,SKU-104,6,0
2026-08-04,SKU-104,1,0
2026-08-05,SKU-104,6,0
2026-08-06,SKU-104,13,0
2026-08-07,SKU-104,7,0
2026-08-08,SKU-104,5,0
2026-08-09,SKU-104,9,0
2026-08-10,SKU-104,7,0
2026-08-11,SKU-104,4,0
2026-08-12,SKU-104,5,0
2026-08-13,SKU-104,5,0
2026-08-14,SKU-104,7,0
2026-08-15,SKU-104,11,0
2026-08-16,SKU-104,14,0
2026-08-17,SKU-104,5,0
2026-08-18,SKU-104,5,0
2026-08-19,SKU-104,6,0
2026-08-20,SKU-104,15,0
2026-08-21,SKU-104,6,0
2026-08-22,SKU-104,3,0
2026-08-23,SKU-104,12,0
2026-08-24,SKU-104,6,0
2026-08-25,SKU-104,5,0
2026-08-26,SKU-104,6,0
2026-08-27,SKU-104,8,0
2026-08-28,SKU-104,8,0
2026-08-29,SKU-104,10,0
2026-08-30,SKU-104,13,0
2026-08-31,SKU-104,10,0
2026-09-01,SKU-104,6,0
2026-09-02,SKU-104,8,0
2026-09-03,SKU-104,5,0
2026-09-04,SKU-104,6,0
2026-09-05,SKU-104,8,0
2026-09-06,SKU-104,3,0
2026-09-07,SKU-104,2,0
2026-09-08,SKU-104,10,0
2026-09-09,SKU-104,6,0
2026-09-10,SKU-104,4,0
2026-09-11,SKU-104,7,0
2026-09-12,SKU-104,7,0
2026-09-13,SKU-104,5,0
2026-09-14,SKU-104,8,0
2026-09-15,SKU-104,11,0
2026-09-16,SKU-104,5,0
2026-09-17,SKU-104,10,0
2026-09-18,SKU-104,2,0
2026-09-19,SKU-104,7,0
2026-09-20,SKU-104,6,0
2026-09-21,SKU-104,7,0
2026-09-22,SKU-104,9,0
2026-09-23,SKU-104,9,0
2026-09-24,SKU-104,0,0
2026-09-25,SKU-104,10,0
2026-09-26,SKU-104,3,0
2026-09-27,SKU-104,19,0
2026-09-28,SKU-104,13,0
2026-09-29,SKU-104,6,0
2026-09-30,SKU-104,9,0
2024-10-01,SKU-105,0,0
2024-10-02,SKU-105,0,0
2024-10-03,SKU-105,0,0
2024-10-04,SKU-105,12,0
2024-10-05,SKU-105,1,0
2024-10-06,SKU-105,2,0
2024-10-07,SKU-105,5,0
2024-10-08,SKU-105,8,0
2024-10-09,SKU-105,0,0
2024-10-10,SKU-105,2,0
2024-10-11,SKU-105,0,0
2024-10-12,SKU-105,5,0
2024-10-13,SKU-105,6,0
2024-10-14,SKU-105,1,0
2024-10-15,SKU-105,5,0
2024-10-16,SKU-105,5,0
2024-10-17,SKU-105,3,0
2024-10-18,SKU-105,6,0
2024-10-19,SKU-105,7,0
2024-10-20,SKU-105,5,0
2024-10-21,SKU-105,4,0
2024-10-22,SKU-105,2,0
2024-10-23,SKU-105,0,0
2024-10-24,SKU-105,13,1
2024-10-25,SKU-105,3,0
2024-10-26,SKU-105,10,0
2024-10-27,SKU-105,11,1
2024-10-28,SKU-105,6,0
2024-10-29,SKU-105,13,0
2024-10-30,SKU-105,4,0
2024-10-31,SKU-105,6,0
2024-11-01,SKU-105,6,1
2024-11-02,SKU-105,3,0
2024-11-03,SKU-105,8,0
2024-11-04,SKU-105,1,0
2024-11-05,SKU-105,2,0
2024-11-06,SKU-105,4,0
2024-11-07,SKU-105,2,0
2024-11-08,SKU-105,3,0
2024-11-09,SKU-105,5,0
2024-11-10,SKU-105,3,0
2024-11-11,SKU-105,1,0
2024-11-12,SKU-105,6,1
2024-11-13,SKU-105,3,0
2024-11-14,SKU-105,2,0
2024-11-15,SKU-105,2,0
2024-11-16,SKU-105,5,0
2024-11-17,SKU-105,2,0
2024-11-18,SKU-105,7,0
2024-11-19,SKU-105,6,0
2024-11-20,SKU-105,0,1
2024-11-21,SKU-105,4,0
2024-11-22,SKU-105,5,0
2024-11-23,SKU-105,1,0
2024-11-24,SKU-105,3,0
2024-11-25,SKU-105,2,0
2024-11-26,SKU-105,2,0
2024-11-27,SKU-105,4,0
2024-11-28,SKU-105,3,0
2024-11-29,SKU-105,4,0
2024-11-30,SKU-105,4,0
2024-12-01,SKU-105,12,0
2024-12-02,SKU-105,2,0
2024-12-03,SKU-105,8,0
2024-12-04,SKU-105,2,0
2024-12-05,SKU-105,0,0
2024-12-06,SKU-105,7,0
2024-12-07,SKU-105,3,0
2024-12-08,SKU-105,3,0
2024-12-09,SKU-105,10,1
2024-12-10,SKU-105,2,0
2024-12-11,SKU-105,6,0
2024-12-12,SKU-105,1,0
2024-12-13,SKU-105,2,0
2024-12-14,SKU-105,8,1
2024-12-15,SKU-105,4,0
2024-12-16,SKU-105,7,0
2024-12-17,SKU-105,3,0
2024-12-18,SKU-105,4,0
2024-12-19,SKU-105,1,0
2024-12-20,SKU-105,4,0
2024-12-21,SKU-105,7,1
2024-12-22,SKU-105,6,0
2024-12-23,SKU-105,1,0
2024-12-24,SKU-105,0,0
2024-12-25,SKU-105,1,0
2024-12-26,SKU-105,2,0
2024-12-27,SKU-105,7,0
2024-12-28,SKU-105,7,0
2024-12-29,SKU-105,0,0
2024-12-30,SKU-105,1,0
2024-12-31,SKU-105,6,0
2025-01-01,SKU-105,6,0
2025-01-02,SKU-105,2,0
2025-01-03,SKU-105,3,0
2025-01-04,SKU-105,2,0
2025-01-05,SKU-105,1,0
2025-01-06,SKU-105,0,0
2025-01-07,SKU-105,3,0
2025-01-08,SKU-105,1,0
2025-01-09,SKU-105,2,0
2025-01-10,SKU-105,6,0
2025-01-11,SKU-105,3,0
2025-01-12,SKU-105,8,0
2025-01-13,SKU-105,3,0
2025-01-14,SKU-105,2,0
2025-01-15,SKU-105,2,0
2025-01-16,SKU-105,5,0
2025-01-17,SKU-105,4,0
2025-01-18,SKU-105,6,0
2025-01-19,SKU-105,13,0
2025-01-20,SKU-105,5,0
2025-01-21,SKU-105,6,1
2025-01-22,SKU-105,2,0
2025-01-23,SKU-105,5,0
2025-01-24,SKU-105,6,0
2025-01-25,SKU-105,8,0
2025-01-26,SKU-105,3,0
2025-01-27,SKU-105,1,0
2025-01-28,SKU-105,3,0
2025-01-29,SKU-105,2,0
2025-01-30,SKU-105,4,0
2025-01-31,SKU-105,5,0
2025-02-01,SKU-105,5,0
2025-02-02,SKU-105,0,0
2025-02-03,SKU-105,1,0
2025-02-04,SKU-105,2,0
2025-02-05,SKU-105,0,0
2025-02-06,SKU-105,1,0
2025-02-07,SKU-105,4,1
2025-02-08,SKU-105,6,0
2025-02-09,SKU-105,6,0
2025-02-10,SKU-105,3,1
2025-02-11,SKU-105,2,0
2025-02-12,SKU-105,5,0
2025-02-13,SKU-105,1,0
2025-02-14,SKU-105,4,0
2025-02-15,SKU-105,6,0
2025-02-16,SKU-105,1,0
2025-02-17,SKU-105,3,0
2025-02-18,SKU-105,8,0
2025-02-19,SKU-105,10,0
2025-02-20,SKU-105,5,0
2025-02-21,SKU-105,3,0
2025-02-22,SKU-105,2,0
2025-02-23,SKU-105,4,0
2025-02-24,SKU-105,5,0
2025-02-25,SKU-105,2,0
2025-02-26,SKU-105,2,0
2025-02-27,SKU-105,4,0
2025-02-28,SKU-105,2,0
2025-03-01,SKU-105,3,0
2025-03-02,SKU-105,4,0
2025-03-03,SKU-105,2,0
2025-03-04,SKU-105,0,0
2025-03-05,SKU-105,5,0
2025-03-06,SKU-105,9,0
2025-03-07,SKU-105,5,0
2025-03-08,SKU-105,6,0
2025-03-09,SKU-105,4,0
2025-03-10,SKU-105,5,0
2025-03-11,SKU-105,4,0
2025-03-12,SKU-105,4,0
2025-03-13,SKU-105,2,0
2025-03-14,SKU-105,2,0
2025-03-15,SKU-105,2,0
2025-03-16,SKU-105,13,0
2025-03-17,SKU-105,0,0
2025-03-18,SKU-105,8,0
2025-03-19,SKU-105,5,0
2025-03-20,SKU-105,5,0
2025-03-21,SKU-105,2,0
2025-03-22,SKU-105,6,0
2025-03-23,SKU-105,3,0
2025-03-24,SKU-105,4,0
2025-03-25,SKU-105,5,0
2025-03-26,SKU-105,1,0
2025-03-27,SKU-105,5,0
2025-03-28,SKU-105,1,0
2025-03-29,SKU-105,2,0
2025-03-30,SKU-105,3,0
2025-03-31,SKU-105,7,0
2025-04-01,SKU-105,5,0
2025-04-02,SKU-105,4,0
2025-04-03,SKU-105,6,0
2025-04-04,SKU-105,2,0
2025-04-05,SKU-105,5,1
2025-04-06,SKU-105,4,0
2025-04-07,SKU-105,2,0
2025-04-08,SKU-105,4,0
2025-04-09,SKU-105,2,0
2025-04-10,SKU-105,2,0
2025-04-11,SKU-105,3,1
2025-04-12,SKU-105,4,0
2025-04-13,SKU-105,4,0
2025-04-14,SKU-105,2,0
2025-04-15,SKU-105,4,0
2025-04-16,SKU-105,7,0
2025-04-17,SKU-105,5,0
2025-04-18,SKU-105,6,0
2025-04-19,SKU-105,2,0
2025-04-20,SKU-105,8,1
2025-04-21,SKU-105,5,0
2025-04-22,SKU-105,3,0
2025-04-23,SKU-105,5,0
2025-04-24,SKU-105,9,1
2025-04-25,SKU-105,7,0
2025-04-26,SKU-105,8,0
2025-04-27,SKU-105,4,0
2025-04-28,SKU-105,1,0
2025-04-29,SKU-105,7,0
2025-04-30,SKU-105,6,0
2025-05-01,SKU-105,6,0
2025-05-02,SKU-105,2,0
2025-05-03,SKU-105,4,0
2025-05-04,SKU-105,4,0
2025-05-05,SKU-105,9,0
2025-05-06,SKU-105,4,0
2025-05-07,SKU-105,5,0
2025-05-08,SKU-105,4,0
2025-05-09,SKU-105,9,0
2025-05-10,SKU-105,4,0
2025-05-11,SKU-105,7,0
2025-05-12,SKU-105,4,0
2025-05-13,SKU-105,3,0
2025-05-14,SKU-105,5,0
2025-05-15,SKU-105,4,0
2025-05-16,SKU-105,3,0
2025-05-17,SKU-105,5,0
2025-05-18,SKU-105,3,0
2025-05-19,SKU-105,3,0
2025-05-20,SKU-105,0,0
2025-05-21,SKU-105,3,0
2025-05-22,SKU-105,4,0
2025-05-23,SKU-105,3,0
2025-05-24,SKU-105,5,0
2025-05-25,SKU-105,9,0
2025-05-26,SKU-105,2,0
2025-05-27,SKU-105,2,0
2025-05-28,SKU-105,3,0
2025-05-29,SKU-105,3,0
2025-05-30,SKU-105,4,0
2025-05-31,SKU-105,3,0
2025-06-01,SKU-105,5,0
2025-06-02,SKU-105,3,0
2025-06-03,SKU-105,6,0
2025-06-04,SKU-105,8,0
2025-06-05,SKU-105,4,0
2025-06-06,SKU-105,6,1
2025-06-07,SKU-105,3,0
2025-06-08,SKU-105,8,0
2025-06-09,SKU-105,4,0
2025-06-10,SKU-105,6,0
2025-06-11,SKU-105,10,0
2025-06-12,SKU-105,8,0
2025-06-13,SKU-105,7,0
2025-06-14,SKU-105,2,0
2025-06-15,SKU-105,3,0
2025-06-16,SKU-105,4,0
2025-06-17,SKU-105,6,0
2025-06-18,SKU-105,8,0
2025-06-19,SKU-105,5,0
2025-06-20,SKU-105,4,0
2025-06-21,SKU-105,5,0
2025-06-22,SKU-105,1,0
2025-06-23,SKU-105,3,1
2025-06-24,SKU-105,3,0
2025-06-25,SKU-105,2,0
2025-06-26,SKU-105,13,0
2025-06-27,SKU-105,1,0
2025-06-28,SKU-105,11,0
2025-06-29,SKU-105,7,0
2025-06-30,SKU-105,3,0
2025-07-01,SKU-105,3,0
2025-07-02,SKU-105,2,0
2025-07-03,SKU-105,1,0
2025-07-04,SKU-105,6,1
2025-07-05,SKU-105,6,0
2025-07-06,SKU-105,2,0
2025-07-07,SKU-105,3,0
2025-07-08,SKU-105,3,0
2025-07-09,SKU-105,5,1
2025-07-10,SKU-105,3,0
2025-07-11,SKU-105,5,0
2025-07-12,SKU-105,4,1
2025-07-13,SKU-105,2,0
2025-07-14,SKU-105,4,0
2025-07-15,SKU-105,3,1
2025-07-16,SKU-105,5,0
2025-07-17,SKU-105,4,0
2025-07-18,SKU-105,2,0
2025-07-19,SKU-105,5,1
2025-07-20,SKU-105,7,0
2025-07-21,SKU-105,4,0
2025-07-22,SKU-105,3,0
2025-07-23,SKU-105,6,0
2025-07-24,SKU-105,3,0
2025-07-25,SKU-105,3,0
2025-07-26,SKU-105,6,0
2025-07-27,SKU-105,4,0
2025-07-28,SKU-105,3,0
2025-07-29,SKU-105,4,0
2025-07-30,SKU-105,3,0
2025-07-31,SKU-105,3,0
2025-08-01,SKU-105,3,0
2025-08-02,SKU-105,1,0
2025-08-03,SKU-105,1,0
2025-08-04,SKU-105,2,0
2025-08-05,SKU-105,2,0
2025-08-06,SKU-105,3,0
2025-08-07,SKU-105,7,1
2025-08-08,SKU-105,7,0
2025-08-09,SKU-105,11,1
2025-08-10,SKU-105,6,0
2025-08-11,SKU-105,3,0
2025-08-12,SKU-105,1,0
2025-08-13,SKU-105,4,1
2025-08-14,SKU-105,4,0
2025-08-15,SKU-105,4,0
2025-08-16,SKU-105,5,0
2025-08-17,SKU-105,8,0
2025-08-18,SKU-105,2,0
2025-08-19,SKU-105,4,0
2025-08-20,SKU-105,2,0
2025-08-21,SKU-105,7,1
2025-08-22,SKU-105,2,0
2025-08-23,SKU-105,5,0
2025-08-24,SKU-105,5,0
2025-08-25,SKU-105,3,0
2025-08-26,SKU-105,2,0
2025-08-27,SKU-105,5,0
2025-08-28,SKU-105,3,0
2025-08-29,SKU-105,3,0
2025-08-30,SKU-105,2,0
2025-08-31,SKU-105,6,0
2025-09-01,SKU-105,4,0
2025-09-02,SKU-105,1,0
2025-09-03,SKU-105,1,0
2025-09-04,SKU-105,5,0
2025-09-05,SKU-105,8,0
2025-09-06,SKU-105,4,0
2025-09-07,SKU-105,7,0
2025-09-08,SKU-105,7,0
2025-09-09,SKU-105,4,0
2025-09-10,SKU-105,2,0
2025-09-11,SKU-105,4,0
2025-09-12,SKU-105,2,0
2025-09-13,SKU-105,8,0
2025-09-14,SKU-105,6,0
2025-09-15,SKU-105,2,0
2025-09-16,SKU-105,4,0
2025-09-17,SKU-105,2,0
2025-09-18,SKU-105,4,0
2025-09-19,SKU-105,6,0
2025-09-20,SKU-105,4,0
2025-09-21,SKU-105,6,0
2025-09-22,SKU-105,1,0
2025-09-23,SKU-105,6,0
2025-09-24,SKU-105,2,0
2025-09-25,SKU-105,9,1
2025-09-26,SKU-105,0,0
2025-09-27,SKU-105,3,0
2025-09-28,SKU-105,7,1
2025-09-29,SKU-105,0,0
2025-09-30,SKU-105,1,0
2025-10-01,SKU-105,3,0
2025-10-02,SKU-105,5,0
2025-10-03,SKU-105,4,0
2025-10-04,SKU-105,9,0
2025-10-05,SKU-105,2,0
2025-10-06,SKU-105,1,0
2025-10-07,SKU-105,2,0
2025-10-08,SKU-105,2,0
2025-10-09,SKU-105,3,0
2025-10-10,SKU-105,4,0
2025-10-11,SKU-105,7,0
2025-10-12,SKU-105,8,0
2025-10-13,SKU-105,5,0
2025-10-14,SKU-105,13,0
2025-10-15,SKU-105,6,0
2025-10-16,SKU-105,12,1
2025-10-17,SKU-105,11,1
2025-10-18,SKU-105,7,0
2025-10-19,SKU-105,10,0
2025-10-20,SKU-105,2,0
2025-10-21,SKU-105,17,1
2025-10-22,SKU-105,6,0
2025-10-23,SKU-105,6,0
2025-10-24,SKU-105,3,0
2025-10-25,SKU-105,4,0
2025-10-26,SKU-105,4,0
2025-10-27,SKU-105,5,0
2025-10-28,SKU-105,2,1
2025-10-29,SKU-105,2,0
2025-10-30,SKU-105,9,1
2025-10-31,SKU-105,6,0
2025-11-01,SKU-105,7,0
2025-11-02,SKU-105,7,0
2025-11-03,SKU-105,5,0
2025-11-04,SKU-105,5,0
2025-11-05,SKU-105,5,0
2025-11-06,SKU-105,6,0
2025-11-07,SKU-105,5,1
2025-11-08,SKU-105,4,0
2025-11-09,SKU-105,1,0
2025-11-10,SKU-105,5,0
2025-11-11,SKU-105,10,0
2025-11-12,SKU-105,3,0
2025-11-13,SKU-105,2,0
2025-11-14,SKU-105,5,0
2025-11-15,SKU-105,3,0
2025-11-16,SKU-105,4,0
2025-11-17,SKU-105,2,0
2025-11-18,SKU-105,4,0
2025-11-19,SKU-105,2,0
2025-11-20,SKU-105,3,1
2025-11-21,SKU-105,1,0
2025-11-22,SKU-105,8,0
2025-11-23,SKU-105,4,0
2025-11-24,SKU-105,3,0
2025-11-25,SKU-105,4,0
2025-11-26,SKU-105,2,0
2025-11-27,SKU-105,8,0
2025-11-28,SKU-105,2,0
2025-11-29,SKU-105,5,0
2025-11-30,SKU-105,5,0
2025-12-01,SKU-105,5,0
2025-12-02,SKU-105,9,0
2025-12-03,SKU-105,3,1
2025-12-04,SKU-105,9,1
2025-12-05,SKU-105,8,0
2025-12-06,SKU-105,11,1
2025-12-07,SKU-105,11,0
2025-12-08,SKU-105,6,1
2025-12-09,SKU-105,3,0
2025-12-10,SKU-105,2,0
2025-12-11,SKU-105,6,0
2025-12-12,SKU-105,4,0
2025-12-13,SKU-105,5,0
2025-12-14,SKU-105,8,0
2025-12-15,SKU-105,8,1
2025-12-16,SKU-105,7,0
2025-12-17,SKU-105,7,0
2025-12-18,SKU-105,3,0
2025-12-19,SKU-105,5,0
2025-12-20,SKU-105,8,0
2025-12-21,SKU-105,10,0
2025-12-22,SKU-105,4,0
2025-12-23,SKU-105,4,0
2025-12-24,SKU-105,3,0
2025-12-25,SKU-105,9,1
2025-12-26,SKU-105,6,1
2025-12-27,SKU-105,2,0
2025-12-28,SKU-105,7,0
2025-12-29,SKU-105,2,0
2025-12-30,SKU-105,5,0
2025-12-31,SKU-105,2,0
2026-01-01,SKU-105,5,0
2026-01-02,SKU-105,6,0
2026-01-03,SKU-105,2,0
2026-01-04,SKU-105,3,0
2026-01-05,SKU-105,3,0
2026-01-06,SKU-105,3,0
2026-01-07,SKU-105,4,0
2026-01-08,SKU-105,5,0
2026-01-09,SKU-105,1,0
2026-01-10,SKU-105,3,0
2026-01-11,SKU-105,3,0
2026-01-12,SKU-105,5,0
2026-01-13,SKU-105,6,0
2026-01-14,SKU-105,5,0
2026-01-15,SKU-105,4,0
2026-01-16,SKU-105,6,0
2026-01-17,SKU-105,4,0
2026-01-18,SKU-105,2,0
2026-01-19,SKU-105,9,0
2026-01-20,SKU-105,7,0
2026-01-21,SKU-105,2,0
2026-01-22,SKU-105,5,0
2026-01-23,SKU-105,5,0
2026-01-24,SKU-105,5,0
2026-01-25,SKU-105,5,0
2026-01-26,SKU-105,4,0
2026-01-27,SKU-105,5,0
2026-01-28,SKU-105,4,0
2026-01-29,SKU-105,2,0
2026-01-30,SKU-105,8,0
2026-01-31,SKU-105,10,0
2026-02-01,SKU-105,9,1
2026-02-02,SKU-105,0,0
2026-02-03,SKU-105,6,0
2026-02-04,SKU-105,4,0
2026-02-05,SKU-105,4,0
2026-02-06,SKU-105,4,0
2026-02-07,SKU-105,7,0
2026-02-08,SKU-105,4,0
2026-02-09,SKU-105,2,0
2026-02-10,SKU-105,2,0
2026-02-11,SKU-105,7,0
2026-02-12,SKU-105,10,0
2026-02-13,SKU-105,2,0
2026-02-14,SKU-105,10,0
2026-02-15,SKU-105,2,0
2026-02-16,SKU-105,10,0
2026-02-17,SKU-105,9,0
2026-02-18,SKU-105,2,0
2026-02-19,SKU-105,2,0
2026-02-20,SKU-105,6,0
2026-02-21,SKU-105,5,0
2026-02-22,SKU-105,7,0
2026-02-23,SKU-105,1,0
2026-02-24,SKU-105,3,0
2026-02-25,SKU-105,4,0
2026-02-26,SKU-105,5,0
2026-02-27,SKU-105,5,1
2026-02-28,SKU-105,2,0
2026-03-01,SKU-105,2,0
2026-03-02,SKU-105,9,0
2026-03-03,SKU-105,1,0
2026-03-04,SKU-105,1,0
2026-03-05,SKU-105,3,0
2026-03-06,SKU-105,2,0
2026-03-07,SKU-105,1,1
2026-03-08,SKU-105,5,0
2026-03-09,SKU-105,6,0
2026-03-10,SKU-105,1,0
2026-03-11,SKU-105,6,0
2026-03-12,SKU-105,5,1
2026-03-13,SKU-105,3,0
2026-03-14,SKU-105,3,1
2026-03-15,SKU-105,4,0
2026-03-16,SKU-105,3,0
2026-03-17,SKU-105,1,0
2026-03-18,SKU-105,6,0
2026-03-19,SKU-105,4,0
2026-03-20,SKU-105,0,0
2026-03-21,SKU-105,10,0
2026-03-22,SKU-105,2,0
2026-03-23,SKU-105,3,0
2026-03-24,SKU-105,5,0
2026-03-25,SKU-105,2,0
2026-03-26,SKU-105,1,0
2026-03-27,SKU-105,5,0
2026-03-28,SKU-105,0,0
2026-03-29,SKU-105,7,1
2026-03-30,SKU-105,1,0
2026-03-31,SKU-105,2,1
2026-04-01,SKU-105,10,0
2026-04-02,SKU-105,5,0
2026-04-03,SKU-105,2,0
2026-04-04,SKU-105,15,0
2026-04-05,SKU-105,7,0
2026-04-06,SKU-105,2,0
2026-04-07,SKU-105,0,0
2026-04-08,SKU-105,7,0
2026-04-09,SKU-105,10,0
2026-04-10,SKU-105,4,0
2026-04-11,SKU-105,3,0
2026-04-12,SKU-105,11,0
2026-04-13,SKU-105,0,1
2026-04-14,SKU-105,2,0
2026-04-15,SKU-105,4,0
2026-04-16,SKU-105,2,0
2026-04-17,SKU-105,7,0
2026-04-18,SKU-105,2,0
2026-04-19,SKU-105,9,0
2026-04-20,SKU-105,1,0
2026-04-21,SKU-105,4,0
2026-04-22,SKU-105,2,0
2026-04-23,SKU-105,1,0
2026-04-24,SKU-105,4,0
2026-04-25,SKU-105,8,0
2026-04-26,SKU-105,14,0
2026-04-27,SKU-105,8,0
2026-04-28,SKU-105,2,0
2026-04-29,SKU-105,1,0
2026-04-30,SKU-105,2,0
2026-05-01,SKU-105,4,0
2026-05-02,SKU-105,9,0
2026-05-03,SKU-105,5,0
2026-05-04,SKU-105,9,0
2026-05-05,SKU-105,0,0
2026-05-06,SKU-105,6,0
2026-05-07,SKU-105,3,0
2026-05-08,SKU-105,2,0
2026-05-09,SKU-105,5,0
2026-05-10,SKU-105,4,0
2026-05-11,SKU-105,2,0
2026-05-12,SKU-105,3,0
2026-05-13,SKU-105,3,1
2026-05-14,SKU-105,0,0
2026-05-15,SKU-105,2,0
2026-05-16,SKU-105,7,0
2026-05-17,SKU-105,4,0
2026-05-18,SKU-105,1,0
2026-05-19,SKU-105,2,0
2026-05-20,SKU-105,4,0
2026-05-21,SKU-105,8,0
2026-05-22,SKU-105,2,0
2026-05-23,SKU-105,8,0
2026-05-24,SKU-105,6,0
2026-05-25,SKU-105,1,0
2026-05-26,SKU-105,14,0
2026-05-27,SKU-105,5,0
2026-05-28,SKU-105,9,0
2026-05-29,SKU-105,2,0
2026-05-30,SKU-105,2,0
2026-05-31,SKU-105,3,0
2026-06-01,SKU-105,3,0
2026-06-02,SKU-105,3,1
2026-06-03,SKU-105,3,0
2026-06-04,SKU-105,4,0
2026-06-05,SKU-105,1,0
2026-06-06,SKU-105,3,0
2026-06-07,SKU-105,5,0
2026-06-08,SKU-105,6,0
2026-06-09,SKU-105,5,0
2026-06-10,SKU-105,7,1
2026-06-11,SKU-105,2,0
2026-06-12,SKU-105,5,0
2026-06-13,SKU-105,0,0
2026-06-14,SKU-105,8,0
2026-06-15,SKU-105,5,0
2026-06-16,SKU-105,2,0
2026-06-17,SKU-105,4,0
2026-06-18,SKU-105,4,0
2026-06-19,SKU-105,7,0
2026-06-20,SKU-105,7,0
2026-06-21,SKU-105,3,0
2026-06-22,SKU-105,2,0
2026-06-23,SKU-105,2,0
2026-06-24,SKU-105,4,0
2026-06-25,SKU-105,4,0
2026-06-26,SKU-105,1,0
2026-06-27,SKU-105,5,0
2026-06-28,SKU-105,10,0
2026-06-29,SKU-105,2,0
2026-06-30,SKU-105,1,0
2026-07-01,SKU-105,5,0
2026-07-02,SKU-105,2,0
2026-07-03,SKU-105,2,0
2026-07-04,SKU-105,2,0
2026-07-05,SKU-105,3,0
2026-07-06,SKU-105,6,0
2026-07-07,SKU-105,0,0
2026-07-08,SKU-105,3,0
2026-07-09,SKU-105,6,0
2026-07-10,SKU-105,4,0
2026-07-11,SKU-105,5,0
2026-07-12,SKU-105,14,1
2026-07-13,SKU-105,5,0
2026-07-14,SKU-105,2,0
2026-07-15,SKU-105,3,0
2026-07-16,SKU-105,4,0
2026-07-17,SKU-105,6,0
2026-07-18,SKU-105,7,0
2026-07-19,SKU-105,7,0
2026-07-20,SKU-105,2,0
2026-07-21,SKU-105,5,0
2026-07-22,SKU-105,8,0
2026-07-23,SKU-105,7,0
2026-07-24,SKU-105,5,0
2026-07-25,SKU-105,13,0
2026-07-26,SKU-105,4,0
2026-07-27,SKU-105,2,0
2026-07-28,SKU-105,5,0
2026-07-29,SKU-105,1,0
2026-07-30,SKU-105,6,0
2026-07-31,SKU-105,2,1
2026-08-01,SKU-105,4,0
2026-08-02,SKU-105,0,0
2026-08-03,SKU-105,1,0
2026-08-04,SKU-105,5,0
2026-08-05,SKU-105,1,1
2026-08-06,SKU-105,5,0
2026-08-07,SKU-105,3,0
2026-08-08,SKU-105,4,0
2026-08-09,SKU-105,6,0
2026-08-10,SKU-105,2,1
2026-08-11,SKU-105,1,0
2026-08-12,SKU-105,4,0
2026-08-13,SKU-105,11,0
2026-08-14,SKU-105,3,0
2026-08-15,SKU-105,3,0
2026-08-16,SKU-105,5,0
2026-08-17,SKU-105,3,0
2026-08-18,SKU-105,7,0
2026-08-19,SKU-105,1,0
2026-08-20,SKU-105,2,0
2026-08-21,SKU-105,4,0
2026-08-22,SKU-105,5,0
2026-08-23,SKU-105,4,0
2026-08-24,SKU-105,3,0
2026-08-25,SKU-105,7,0
2026-08-26,SKU-105,3,0
2026-08-27,SKU-105,2,0
2026-08-28,SKU-105,4,0
2026-08-29,SKU-105,1,0
2026-08-30,SKU-105,5,0
2026-08-31,SKU-105,1,0
2026-09-01,SKU-105,5,0
2026-09-02,SKU-105,3,0
2026-09-03,SKU-105,4,1
2026-09-04,SKU-105,3,0
2026-09-05,SKU-105,2,0
2026-09-06,SKU-105,8,0
2026-09-07,SKU-105,3,0
2026-09-08,SKU-105,4,0
2026-09-09,SKU-105,5,1
2026-09-10,SKU-105,1,1
2026-09-11,SKU-105,7,0
2026-09-12,SKU-105,6,0
2026-09-13,SKU-105,6,0
2026-09-14,SKU-105,2,0
2026-09-15,SKU-105,1,0
2026-09-16,SKU-105,2,0
2026-09-17,SKU-105,2,0
2026-09-18,SKU-105,6,0
2026-09-19,SKU-105,3,0
2026-09-20,SKU-105,4,0
2026-09-21,SKU-105,2,0
2026-09-22,SKU-105,4,0
2026-09-23,SKU-105,1,0
2026-09-24,SKU-105,7,0
2026-09-25,SKU-105,4,0
2026-09-26,SKU-105,5,0
2026-09-27,SKU-105,5,0
2026-09-28,SKU-105,1,0
2026-09-29,SKU-105,6,0
2026-09-30,SKU-105,0,0
2024-10-01,SKU-106,20,0
2024-10-02,SKU-106,8,0
2024-10-03,SKU-106,23,0
2024-10-04,SKU-106,18,0
2024-10-05,SKU-106,31,0
2024-10-06,SKU-106,27,0
2024-10-07,SKU-106,19,0
2024-10-08,SKU-106,20,0
2024-10-09,SKU-106,16,0
2024-10-10,SKU-106,32,0
2024-10-11,SKU-106,10,0
2024-10-12,SKU-106,19,0
2024-10-13,SKU-106,23,1
2024-10-14,SKU-106,19,0
2024-10-15,SKU-106,22,0
2024-10-16,SKU-106,16,0
2024-10-17,SKU-106,27,0
2024-10-18,SKU-106,25,0
2024-10-19,SKU-106,51,0
2024-10-20,SKU-106,45,0
2024-10-21,SKU-106,16,0
2024-10-22,SKU-106,29,0
2024-10-23,SKU-106,36,1
2024-10-24,SKU-106,21,0
2024-10-25,SKU-106,13,0
2024-10-26,SKU-106,38,0
2024-10-27,SKU-106,26,0
2024-10-28,SKU-106,24,0
2024-10-29,SKU-106,31,0
2024-10-30,SKU-106,70,1
2024-10-31,SKU-106,43,0
2024-11-01,SKU-106,53,0
2024-11-02,SKU-106,8,0
2024-11-03,SKU-106,30,0
2024-11-04,SKU-106,17,0
2024-11-05,SKU-106,17,0
2024-11-06,SKU-106,21,0
2024-11-07,SKU-106,11,0
2024-11-08,SKU-106,14,0
2024-11-09,SKU-106,41,0
2024-11-10,SKU-106,30,0
2024-11-11,SKU-106,19,0
2024-11-12,SKU-106,10,0
2024-11-13,SKU-106,22,0
2024-11-14,SKU-106,19,0
2024-11-15,SKU-106,16,0
2024-11-16,SKU-106,31,0
2024-11-17,SKU-106,28,0
2024-11-18,SKU-106,8,0
2024-11-19,SKU-106,19,0
2024-11-20,SKU-106,19,0
2024-11-21,SKU-106,31,0
2024-11-22,SKU-106,33,0
2024-11-23,SKU-106,22,0
2024-11-24,SKU-106,4,0
2024-11-25,SKU-106,29,0
2024-11-26,SKU-106,24,0
2024-11-27,SKU-106,25,0
2024-11-28,SKU-106,14,0
2024-11-29,SKU-106,19,0
2024-11-30,SKU-106,38,0
2024-12-01,SKU-106,26,0
2024-12-02,SKU-106,12,0
2024-12-03,SKU-106,13,0
2024-12-04,SKU-106,22,0
2024-12-05,SKU-106,13,0
2024-12-06,SKU-106,15,0
2024-12-07,SKU-106,22,0
2024-12-08,SKU-106,21,0
2024-12-09,SKU-106,26,1
2024-12-10,SKU-106,12,0
2024-12-11,SKU-106,23,0
2024-12-12,SKU-106,15,0
2024-12-13,SKU-106,19,0
2024-12-14,SKU-106,33,0
2024-12-15,SKU-106,27,0
2024-12-16,SKU-106,6,0
2024-12-17,SKU-106,27,0
2024-12-18,SKU-106,18,0
2024-12-19,SKU-106,22,0
2024-12-20,SKU-106,15,0
2024-12-21,SKU-106,23,0
2024-12-22,SKU-106,22,0
2024-12-23,SKU-106,20,0
2024-12-24,SKU-106,26,0
2024-12-25,SKU-106,13,0
2024-12-26,SKU-106,14,0
2024-12-27,SKU-106,1,0
2024-12-28,SKU-106,47,0
2024-12-29,SKU-106,27,0
2024-12-30,SKU-106,14,0
2024-12-31,SKU-106,11,0
2025-01-01,SKU-106,15,0
2025-01-02,SKU-106,8,0
2025-01-03,SKU-106,11,0
2025-01-04,SKU-106,19,0
2025-01-05,SKU-106,18,0
2025-01-06,SKU-106,11,0
2025-01-07,SKU-106,17,0
2025-01-08,SKU-106,35,0
2025-01-09,SKU-106,25,0
2025-01-10,SKU-106,16,0
2025-01-11,SKU-106,6,0
2025-01-12,SKU-106,19,0
2025-01-13,SKU-106,21,0
2025-01-14,SKU-106,22,0
2025-01-15,SKU-106,6,0
2025-01-16,SKU-106,9,0
2025-01-17,SKU-106,3,0
2025-01-18,SKU-106,27,0
2025-01-19,SKU-106,27,0
2025-01-20,SKU-106,24,0
2025-01-21,SKU-106,15,0
2025-01-22,SKU-106,18,0
2025-01-23,SKU-106,38,0
2025-01-24,SKU-106,8,0
2025-01-25,SKU-106,13,0
2025-01-26,SKU-106,28,0
2025-01-27,SKU-106,17,0
2025-01-28,SKU-106,17,0
2025-01-29,SKU-106,34,0
2025-01-30,SKU-106,23,0
2025-01-31,SKU-106,16,0
2025-02-01,SKU-106,18,0
2025-02-02,SKU-106,37,0
2025-02-03,SKU-106,14,0
2025-02-04,SKU-106,18,0
2025-02-05,SKU-106,9,0
2025-02-06,SKU-106,41,1
2025-02-07,SKU-106,16,0
2025-02-08,SKU-106,22,0
2025-02-09,SKU-106,49,0
2025-02-10,SKU-106,18,0
2025-02-11,SKU-106,27,1
2025-02-12,SKU-106,12,0
2025-02-13,SKU-106,19,0
2025-02-14,SKU-106,22,1
2025-02-15,SKU-106,28,0
2025-02-16,SKU-106,15,0
2025-02-17,SKU-106,6,0
2025-02-18,SKU-106,15,0
2025-02-19,SKU-106,21,0
2025-02-20,SKU-106,20,0
2025-02-21,SKU-106,20,0
2025-02-22,SKU-106,24,0
2025-02-23,SKU-106,18,0
2025-02-24,SKU-106,13,0
2025-02-25,SKU-106,28,0
2025-02-26,SKU-106,13,0
2025-02-27,SKU-106,25,1
2025-02-28,SKU-106,19,0
2025-03-01,SKU-106,23,0
2025-03-02,SKU-106,58,0
2025-03-03,SKU-106,8,0
2025-03-04,SKU-106,17,0
2025-03-05,SKU-106,26,0
2025-03-06,SKU-106,27,0
2025-03-07,SKU-106,23,0
2025-03-08,SKU-106,10,0
2025-03-09,SKU-106,33,1
2025-03-10,SKU-106,24,0
2025-03-11,SKU-106,9,0
2025-03-12,SKU-106,21,0
2025-03-13,SKU-106,21,0
2025-03-14,SKU-106,17,0
2025-03-15,SKU-106,15,0
2025-03-16,SKU-106,15,0
2025-03-17,SKU-106,24,0
2025-03-18,SKU-106,18,1
2025-03-19,SKU-106,13,0
2025-03-20,SKU-106,12,0
2025-03-21,SKU-106,13,0
2025-03-22,SKU-106,16,0
2025-03-23,SKU-106,35,0
2025-03-24,SKU-106,13,0
2025-03-25,SKU-106,22,0
2025-03-26,SKU-106,15,0
2025-03-27,SKU-106,14,0
2025-03-28,SKU-106,13,0
2025-03-29,SKU-106,38,0
2025-03-30,SKU-106,30,0
2025-03-31,SKU-106,29,0
2025-04-01,SKU-106,19,0
2025-04-02,SKU-106,9,0
2025-04-03,SKU-106,18,0
2025-04-04,SKU-106,12,0
2025-04-05,SKU-106,35,0
2025-04-06,SKU-106,48,0
2025-04-07,SKU-106,12,0
2025-04-08,SKU-106,15,0
2025-04-09,SKU-106,24,0
2025-04-10,SKU-106,22,0
2025-04-11,SKU-106,8,0
2025-04-12,SKU-106,18,0
2025-04-13,SKU-106,32,0
2025-04-14,SKU-106,16,0
2025-04-15,SKU-106,24,0
2025-04-16,SKU-106,16,0
2025-04-17,SKU-106,14,0
2025-04-18,SKU-106,22,0
2025-04-19,SKU-106,31,0
2025-04-20,SKU-106,46,0
2025-04-21,SKU-106,14,0
2025-04-22,SKU-106,17,0
2025-04-23,SKU-106,18,0
2025-04-24,SKU-106,4,0
2025-04-25,SKU-106,35,1
2025-04-26,SKU-106,39,0
2025-04-27,SKU-106,14,0
2025-04-28,SKU-106,13,0
2025-04-29,SKU-106,17,0
2025-04-30,SKU-106,27,0
2025-05-01,SKU-106,10,0
2025-05-02,SKU-106,17,0
2025-05-03,SKU-106,28,0
2025-05-04,SKU-106,18,0
2025-05-05,SKU-106,19,0
2025-05-06,SKU-106,23,0
2025-05-07,SKU-106,12,0
2025-05-08,SKU-106,10,0
2025-05-09,SKU-106,23,0
2025-05-10,SKU-106,22,1
2025-05-11,SKU-106,25,0
2025-05-12,SKU-106,16,0
2025-05-13,SKU-106,21,0
2025-05-14,SKU-106,20,0
2025-05-15,SKU-106,27,0
2025-05-16,SKU-106,23,0
2025-05-17,SKU-106,26,0
2025-05-18,SKU-106,15,0
2025-05-19,SKU-106,28,0
2025-05-20,SKU-106,16,0
2025-05-21,SKU-106,10,0
2025-05-22,SKU-106,8,0
2025-05-23,SKU-106,22,0
2025-05-24,SKU-106,21,0
2025-05-25,SKU-106,17,0
2025-05-26,SKU-106,18,0
2025-05-27,SKU-106,11,0
2025-05-28,SKU-106,37,0
2025-05-29,SKU-106,20,0
2025-05-30,SKU-106,12,0
2025-05-31,SKU-106,13,0
2025-06-01,SKU-106,40,0
2025-06-02,SKU-106,16,0
2025-06-03,SKU-106,9,0
2025-06-04,SKU-106,10,0
2025-06-05,SKU-106,23,0
2025-06-06,SKU-106,25,0
2025-06-07,SKU-106,27,0
2025-06-08,SKU-106,19,0
2025-06-09,SKU-106,31,0
2025-06-10,SKU-106,17,1
2025-06-11,SKU-106,14,0
2025-06-12,SKU-106,16,0
2025-06-13,SKU-106,27,0
2025-06-14,SKU-106,25,0
2025-06-15,SKU-106,25,0
2025-06-16,SKU-106,22,0
2025-06-17,SKU-106,19,0
2025-06-18,SKU-106,40,0
2025-06-19,SKU-106,17,0
2025-06-20,SKU-106,15,0
2025-06-21,SKU-106,18,0
2025-06-22,SKU-106,14,0
2025-06-23,SKU-106,13,0
2025-06-24,SKU-106,19,0
2025-06-25,SKU-106,24,0
2025-06-26,SKU-106,36,0
2025-06-27,SKU-106,20,0
2025-06-28,SKU-106,50,0
2025-06-29,SKU-106,46,0
2025-06-30,SKU-106,8,0
2025-07-01,SKU-106,18,1
2025-07-02,SKU-106,18,0
2025-07-03,SKU-106,16,0
2025-07-04,SKU-106,30,0
2025-07-05,SKU-106,16,0
2025-07-06,SKU-106,34,0
2025-07-07,SKU-106,10,0
2025-07-08,SKU-106,16,0
2025-07-09,SKU-106,34,0
2025-07-10,SKU-106,18,0
2025-07-11,SKU-106,18,0
2025-07-12,SKU-106,31,0
2025-07-13,SKU-106,14,0
2025-07-14,SKU-106,18,0
2025-07-15,SKU-106,13,0
2025-07-16,SKU-106,15,0
2025-07-17,SKU-106,29,0
2025-07-18,SKU-106,11,0
2025-07-19,SKU-106,14,0
2025-07-20,SKU-106,16,0
2025-07-21,SKU-106,19,0
2025-07-22,SKU-106,9,0
2025-07-23,SKU-106,19,0
2025-07-24,SKU-106,9,0
2025-07-25,SKU-106,19,0
2025-07-26,SKU-106,29,0
2025-07-27,SKU-106,14,0
2025-07-28,SKU-106,18,0
2025-07-29,SKU-106,8,0
2025-07-30,SKU-106,19,0
2025-07-31,SKU-106,19,0
2025-08-01,SKU-106,22,0
2025-08-02,SKU-106,22,0
2025-08-03,SKU-106,16,0
2025-08-04,SKU-106,33,1
2025-08-05,SKU-106,23,0
2025-08-06,SKU-106,26,0
2025-08-07,SKU-106,46,1
2025-08-08,SKU-106,19,0
2025-08-09,SKU-106,20,0
2025-08-10,SKU-106,9,0
2025-08-11,SKU-106,19,0
2025-08-12,SKU-106,14,0
2025-08-13,SKU-106,11,0
2025-08-14,SKU-106,11,0
2025-08-15,SKU-106,37,0
2025-08-16,SKU-106,12,1
2025-08-17,SKU-106,31,0
2025-08-18,SKU-106,8,0
2025-08-19,SKU-106,14,1
2025-08-20,SKU-106,20,0
2025-08-21,SKU-106,25,0
2025-08-22,SKU-106,31,0
2025-08-23,SKU-106,15,0
2025-08-24,SKU-106,12,0
2025-08-25,SKU-106,9,0
2025-08-26,SKU-106,9,0
2025-08-27,SKU-106,13,0
2025-08-28,SKU-106,17,0
2025-08-29,SKU-106,24,1
2025-08-30,SKU-106,39,0
2025-08-31,SKU-106,25,0
2025-09-01,SKU-106,13,0
2025-09-02,SKU-106,33,0
2025-09-03,SKU-106,27,0
2025-09-04,SKU-106,19,0
2025-09-05,SKU-106,16,0
2025-09-06,SKU-106,15,0
2025-09-07,SKU-106,17,0
2025-09-08,SKU-106,7,0
2025-09-09,SKU-106,13,0
2025-09-10,SKU-106,18,0
2025-09-11,SKU-106,30,0
2025-09-12,SKU-106,18,0
2025-09-13,SKU-106,34,0
2025-09-14,SKU-106,15,0
2025-09-15,SKU-106,23,0
2025-09-16,SKU-106,11,0
2025-09-17,SKU-106,21,0
2025-09-18,SKU-106,11,1
2025-09-19,SKU-106,26,0
2025-09-20,SKU-106,25,0
2025-09-21,SKU-106,20,0
2025-09-22,SKU-106,23,0
2025-09-23,SKU-106,16,0
2025-09-24,SKU-106,34,0
2025-09-25,SKU-106,12,0
2025-09-26,SKU-106,32,0
2025-09-27,SKU-106,32,0
2025-09-28,SKU-106,28,0
2025-09-29,SKU-106,31,0
2025-09-30,SKU-106,13,0
2025-10-01,SKU-106,15,0
2025-10-02,SKU-106,30,0
2025-10-03,SKU-106,17,0
2025-10-04,SKU-106,18,0
2025-10-05,SKU-106,40,0
2025-10-06,SKU-106,21,0
2025-10-07,SKU-106,22,0
2025-10-08,SKU-106,10,0
2025-10-09,SKU-106,28,0
2025-10-10,SKU-106,25,0
2025-10-11,SKU-106,19,0
2025-10-12,SKU-106,42,0
2025-10-13,SKU-106,33,0
2025-10-14,SKU-106,28,0
2025-10-15,SKU-106,37,1
2025-10-16,SKU-106,29,0
2025-10-17,SKU-106,38,0
2025-10-18,SKU-106,31,0
2025-10-19,SKU-106,11,0
2025-10-20,SKU-106,29,0
2025-10-21,SKU-106,30,0
2025-10-22,SKU-106,13,0
2025-10-23,SKU-106,3,0
2025-10-24,SKU-106,30,1
2025-10-25,SKU-106,49,0
2025-10-26,SKU-106,42,0
2025-10-27,SKU-106,12,0
2025-10-28,SKU-106,14,0
2025-10-29,SKU-106,19,0
2025-10-30,SKU-106,21,0
2025-10-31,SKU-106,33,1
2025-11-01,SKU-106,50,0
2025-11-02,SKU-106,37,0
2025-11-03,SKU-106,16,0
2025-11-04,SKU-106,13,0
2025-11-05,SKU-106,20,0
2025-11-06,SKU-106,22,0
2025-11-07,SKU-106,24,0
2025-11-08,SKU-106,27,0
2025-11-09,SKU-106,23,0
2025-11-10,SKU-106,9,0
2025-11-11,SKU-106,19,0
2025-11-12,SKU-106,15,0
2025-11-13,SKU-106,19,0
2025-11-14,SKU-106,16,0
2025-11-15,SKU-106,28,0
2025-11-16,SKU-106,24,0
2025-11-17,SKU-106,9,0
2025-11-18,SKU-106,15,0
2025-11-19,SKU-106,25,0
2025-11-20,SKU-106,15,0
2025-11-21,SKU-106,26,1
2025-11-22,SKU-106,16,0
2025-11-23,SKU-106,12,0
2025-11-24,SKU-106,20,0
2025-11-25,SKU-106,28,0
2025-11-26,SKU-106,27,0
2025-11-27,SKU-106,21,0
2025-11-28,SKU-106,20,0
2025-11-29,SKU-106,19,0
2025-11-30,SKU-106,21,0
2025-12-01,SKU-106,6,0
2025-12-02,SKU-106,22,0
2025-12-03,SKU-106,18,0
2025-12-04,SKU-106,19,0
2025-12-05,SKU-106,21,0
2025-12-06,SKU-106,38,0
2025-12-07,SKU-106,27,0
2025-12-08,SKU-106,7,0
2025-12-09,SKU-106,8,0
2025-12-10,SKU-106,11,0
2025-12-11,SKU-106,28,0
2025-12-12,SKU-106,21,0
2025-12-13,SKU-106,26,0
2025-12-14,SKU-106,36,0
2025-12-15,SKU-106,26,0
2025-12-16,SKU-106,23,0
2025-12-17,SKU-106,24,0
2025-12-18,SKU-106,24,0
2025-12-19,SKU-106,16,0
2025-12-20,SKU-106,33,0
2025-12-21,SKU-106,22,1
2025-12-22,SKU-106,13,0
2025-12-23,SKU-106,19,0
2025-12-24,SKU-106,31,0
2025-12-25,SKU-106,21,0
2025-12-26,SKU-106,21,0
2025-12-27,SKU-106,39,0
2025-12-28,SKU-106,8,0
2025-12-29,SKU-106,19,0
2025-12-30,SKU-106,15,0
2025-12-31,SKU-106,7,0
2026-01-01,SKU-106,25,0
2026-01-02,SKU-106,27,0
2026-01-03,SKU-106,26,0
2026-01-04,SKU-106,19,0
2026-01-05,SKU-106,21,0
2026-01-06,SKU-106,8,0
2026-01-07,SKU-106,19,0
2026-01-08,SKU-106,12,0
2026-01-09,SKU-106,29,0
2026-01-10,SKU-106,30,0
2026-01-11,SKU-106,44,0
2026-01-12,SKU-106,11,0
2026-01-13,SKU-106,47,0
2026-01-14,SKU-106,22,0
2026-01-15,SKU-106,7,0
2026-01-16,SKU-106,15,0
2026-01-17,SKU-106,32,0
2026-01-18,SKU-106,23,0
2026-01-19,SKU-106,23,0
2026-01-20,SKU-106,20,0
2026-01-21,SKU-106,3,0
2026-01-22,SKU-106,37,0
2026-01-23,SKU-106,28,0
2026-01-24,SKU-106,31,0
2026-01-25,SKU-106,20,0
2026-01-26,SKU-106,22,0
2026-01-27,SKU-106,23,0
2026-01-28,SKU-106,19,0
2026-01-29,SKU-106,28,0
2026-01-30,SKU-106,29,0
2026-01-31,SKU-106,15,0
2026-02-01,SKU-106,38,0
2026-02-02,SKU-106,16,0
2026-02-03,SKU-106,12,0
2026-02-04,SKU-106,23,0
2026-02-05,SKU-106,26,0
2026-02-06,SKU-106,18,1
2026-02-07,SKU-106,23,1
2026-02-08,SKU-106,25,0
2026-02-09,SKU-106,16,0
2026-02-10,SKU-106,13,0
2026-02-11,SKU-106,22,0
2026-02-12,SKU-106,20,0
2026-02-13,SKU-106,25,1
2026-02-14,SKU-106,22,0
2026-02-15,SKU-106,13,0
2026-02-16,SKU-106,14,0
2026-02-17,SKU-106,11,0
2026-02-18,SKU-106,16,0
2026-02-19,SKU-106,14,0
2026-02-20,SKU-106,16,0
2026-02-21,SKU-106,27,0
2026-02-22,SKU-106,22,0
2026-02-23,SKU-106,19,0
2026-02-24,SKU-106,14,1
2026-02-25,SKU-106,23,0
2026-02-26,SKU-106,21,0
2026-02-27,SKU-106,18,0
2026-02-28,SKU-106,21,0
2026-03-01,SKU-106,15,0
2026-03-02,SKU-106,14,0
2026-03-03,SKU-106,24,0
2026-03-04,SKU-106,14,0
2026-03-05,SKU-106,13,0
2026-03-06,SKU-106,6,0
2026-03-07,SKU-106,34,0
2026-03-08,SKU-106,43,1
2026-03-09,SKU-106,6,0
2026-03-10,SKU-106,9,0
2026-03-11,SKU-106,16,0
2026-03-12,SKU-106,13,0
2026-03-13,SKU-106,23,0
2026-03-14,SKU-106,27,0
2026-03-15,SKU-106,27,0
2026-03-16,SKU-106,22,0
2026-03-17,SKU-106,14,0
2026-03-18,SKU-106,24,1
2026-03-19,SKU-106,20,0
2026-03-20,SKU-106,21,0
2026-03-21,SKU-106,8,0
2026-03-22,SKU-106,24,0
2026-03-23,SKU-106,18,0
2026-03-24,SKU-106,9,0
2026-03-25,SKU-106,27,1
2026-03-26,SKU-106,17,0
2026-03-27,SKU-106,17,0
2026-03-28,SKU-106,21,0
2026-03-29,SKU-106,28,0
2026-03-30,SKU-106,19,0
2026-03-31,SKU-106,15,0
2026-04-01,SKU-106,7,0
2026-04-02,SKU-106,34,0
2026-04-03,SKU-106,29,0
2026-04-04,SKU-106,32,0
2026-04-05,SKU-106,35,0
2026-04-06,SKU-106,21,0
2026-04-07,SKU-106,14,0
2026-04-08,SKU-106,17,0
2026-04-09,SKU-106,36,0
2026-04-10,SKU-106,21,0
2026-04-11,SKU-106,29,1
2026-04-12,SKU-106,32,0
2026-04-13,SKU-106,24,1
2026-04-14,SKU-106,20,0
2026-04-15,SKU-106,16,0
2026-04-16,SKU-106,38,1
2026-04-17,SKU-106,20,0
2026-04-18,SKU-106,32,0
2026-04-19,SKU-106,34,0
2026-04-20,SKU-106,18,0
2026-04-21,SKU-106,13,0
2026-04-22,SKU-106,13,0
2026-04-23,SKU-106,30,0
2026-04-24,SKU-106,19,0
2026-04-25,SKU-106,15,0
2026-04-26,SKU-106,15,0
2026-04-27,SKU-106,18,1
2026-04-28,SKU-106,19,0
2026-04-29,SKU-106,18,0
2026-04-30,SKU-106,23,0
2026-05-01,SKU-106,42,0
2026-05-02,SKU-106,40,0
2026-05-03,SKU-106,33,0
2026-05-04,SKU-106,15,0
2026-05-05,SKU-106,25,0
2026-05-06,SKU-106,15,0
2026-05-07,SKU-106,17,0
2026-05-08,SKU-106,17,0
2026-05-09,SKU-106,15,0
2026-05-10,SKU-106,33,0
2026-05-11,SKU-106,18,0
2026-05-12,SKU-106,12,0
2026-05-13,SKU-106,12,0
2026-05-14,SKU-106,19,0
2026-05-15,SKU-106,29,0
2026-05-16,SKU-106,19,0
2026-05-17,SKU-106,25,0
2026-05-18,SKU-106,8,0
2026-05-19,SKU-106,20,0
2026-05-20,SKU-106,22,0
2026-05-21,SKU-106,21,0
2026-05-22,SKU-106,36,0
2026-05-23,SKU-106,34,0
2026-05-24,SKU-106,34,0
2026-05-25,SKU-106,27,0
2026-05-26,SKU-106,29,0
2026-05-27,SKU-106,19,0
2026-05-28,SKU-106,22,0
2026-05-29,SKU-106,27,0
2026-05-30,SKU-106,22,0
2026-05-31,SKU-106,26,0
2026-06-01,SKU-106,17,0
2026-06-02,SKU-106,19,1
2026-06-03,SKU-106,15,0
2026-06-04,SKU-106,18,0
2026-06-05,SKU-106,19,0
2026-06-06,SKU-106,33,0
2026-06-07,SKU-106,32,0
2026-06-08,SKU-106,34,0
2026-06-09,SKU-106,9,0
2026-06-10,SKU-106,9,0
2026-06-11,SKU-106,14,0
2026-06-12,SKU-106,23,0
2026-06-13,SKU-106,21,0
2026-06-14,SKU-106,21,0
2026-06-15,SKU-106,15,0
2026-06-16,SKU-106,18,0
2026-06-17,SKU-106,15,0
2026-06-18,SKU-106,17,0
2026-06-19,SKU-106,19,0
2026-06-20,SKU-106,28,0
2026-06-21,SKU-106,40,0
2026-06-22,SKU-106,17,0
2026-06-23,SKU-106,14,0
2026-06-24,SKU-106,12,0
2026-06-25,SKU-106,24,0
2026-06-26,SKU-106,17,0
2026-06-27,SKU-106,50,1
2026-06-28,SKU-106,10,0
2026-06-29,SKU-106,24,0
2026-06-30,SKU-106,13,0
2026-07-01,SKU-106,17,0
2026-07-02,SKU-106,40,0
2026-07-03,SKU-106,24,0
2026-07-04,SKU-106,21,0
2026-07-05,SKU-106,38,0
2026-07-06,SKU-106,23,0
2026-07-07,SKU-106,16,0
2026-07-08,SKU-106,12,0
2026-07-09,SKU-106,29,0
2026-07-10,SKU-106,24,0
2026-07-11,SKU-106,36,0
2026-07-12,SKU-106,23,0
2026-07-13,SKU-106,31,0
2026-07-14,SKU-106,14,0
2026-07-15,SKU-106,38,1
2026-07-16,SKU-106,17,0
2026-07-17,SKU-106,22,0
2026-07-18,SKU-106,21,0
2026-07-19,SKU-106,40,0
2026-07-20,SKU-106,22,0
2026-07-21,SKU-106,28,0
2026-07-22,SKU-106,11,0
2026-07-23,SKU-106,8,0
2026-07-24,SKU-106,21,1
2026-07-25,SKU-106,19,0
2026-07-26,SKU-106,27,0
2026-07-27,SKU-106,37,0
2026-07-28,SKU-106,15,0
2026-07-29,SKU-106,25,0
2026-07-30,SKU-106,31,0
2026-07-31,SKU-106,18,0
2026-08-01,SKU-106,21,0
2026-08-02,SKU-106,20,0
2026-08-03,SKU-106,26,0
2026-08-04,SKU-106,14,0
2026-08-05,SKU-106,12,0
2026-08-06,SKU-106,21,0
2026-08-07,SKU-106,19,0
2026-08-08,SKU-106,29,0
2026-08-09,SKU-106,40,0
2026-08-10,SKU-106,10,0
2026-08-11,SKU-106,16,0
2026-08-12,SKU-106,20,0
2026-08-13,SKU-106,26,0
2026-08-14,SKU-106,21,0
2026-08-15,SKU-106,45,0
2026-08-16,SKU-106,32,0
2026-08-17,SKU-106,14,0
2026-08-18,SKU-106,21,0
2026-08-19,SKU-106,11,0
2026-08-20,SKU-106,23,0
2026-08-21,SKU-106,40,1
2026-08-22,SKU-106,48,0
2026-08-23,SKU-106,20,0
2026-08-24,SKU-106,23,0
2026-08-25,SKU-106,11,0
2026-08-26,SKU-106,21,0
2026-08-27,SKU-106,17,0
2026-08-28,SKU-106,24,0
2026-08-29,SKU-106,43,0
2026-08-30,SKU-106,40,0
2026-08-31,SKU-106,25,0
2026-09-01,SKU-106,28,1
2026-09-02,SKU-106,22,0
2026-09-03,SKU-106,23,0
2026-09-04,SKU-106,16,0
2026-09-05,SKU-106,32,0
2026-09-06,SKU-106,27,0
2026-09-07,SKU-106,26,0
2026-09-08,SKU-106,11,0
2026-09-09,SKU-106,25,1
2026-09-10,SKU-106,17,0
2026-09-11,SKU-106,36,0
2026-09-12,SKU-106,27,0
2026-09-13,SKU-106,23,0
2026-09-14,SKU-106,8,0
2026-09-15,SKU-106,21,0
2026-09-16,SKU-106,24,0
2026-09-17,SKU-106,14,0
2026-09-18,SKU-106,20,0
2026-09-19,SKU-106,41,0
2026-09-20,SKU-106,29,0
2026-09-21,SKU-106,15,0
2026-09-22,SKU-106,24,0
2026-09-23,SKU-106,13,0
2026-09-24,SKU-106,30,0
2026-09-25,SKU-106,19,0
2026-09-26,SKU-106,19,1
2026-09-27,SKU-106,18,0
2026-09-28,SKU-106,27,0
2026-09-29,SKU-106,21,0
2026-09-30,SKU-106,14,0
2024-10-01,SKU-107,3,0
2024-10-02,SKU-107,2,0
2024-10-03,SKU-107,8,0
2024-10-04,SKU-107,3,0
2024-10-05,SKU-107,8,0
2024-10-06,SKU-107,3,0
2024-10-07,SKU-107,11,0
2024-10-08,SKU-107,13,0
2024-10-09,SKU-107,6,0
2024-10-10,SKU-107,8,0
2024-10-11,SKU-107,8,0
2024-10-12,SKU-107,4,0
2024-10-13,SKU-107,4,0
2024-10-14,SKU-107,5,0
2024-10-15,SKU-107,16,1
2024-10-16,SKU-107,7,0
2024-10-17,SKU-107,2,0
2024-10-18,SKU-107,9,0
2024-10-19,SKU-107,19,0
2024-10-20,SKU-107,7,0
2024-10-21,SKU-107,3,0
2024-10-22,SKU-107,8,0
2024-10-23,SKU-107,14,0
2024-10-24,SKU-107,15,0
2024-10-25,SKU-107,23,1
2024-10-26,SKU-107,8,0
2024-10-27,SKU-107,13,0
2024-10-28,SKU-107,12,0
2024-10-29,SKU-107,14,0
2024-10-30,SKU-107,6,0
2024-10-31,SKU-107,11,0
2024-11-01,SKU-107,12,0
2024-11-02,SKU-107,7,0
2024-11-03,SKU-107,18,0
2024-11-04,SKU-107,6,1
2024-11-05,SKU-107,8,0
2024-11-06,SKU-107,4,0
2024-11-07,SKU-107,10,0
2024-11-08,SKU-107,4,0
2024-11-09,SKU-107,11,0
2024-11-10,SKU-107,17,1
2024-11-11,SKU-107,1,0
2024-11-12,SKU-107,8,0
2024-11-13,SKU-107,10,0
2024-11-14,SKU-107,19,0
2024-11-15,SKU-107,4,0
2024-11-16,SKU-107,14,0
2024-11-17,SKU-107,7,0
2024-11-18,SKU-107,5,0
2024-11-19,SKU-107,7,1
2024-11-20,SKU-107,5,1
2024-11-21,SKU-107,9,0
2024-11-22,SKU-107,4,0
2024-11-23,SKU-107,6,0
2024-11-24,SKU-107,17,0
2024-11-25,SKU-107,5,0
2024-11-26,SKU-107,5,0
2024-11-27,SKU-107,4,1
2024-11-28,SKU-107,5,0
2024-11-29,SKU-107,3,0
2024-11-30,SKU-107,3,0
2024-12-01,SKU-107,9,0
2024-12-02,SKU-107,5,0
2024-12-03,SKU-107,13,0
2024-12-04,SKU-107,7,0
2024-12-05,SKU-107,1,0
2024-12-06,SKU-107,6,0
2024-12-07,SKU-107,16,0
2024-12-08,SKU-107,12,0
2024-12-09,SKU-107,1,0
2024-12-10,SKU-107,8,0
2024-12-11,SKU-107,3,0
2024-12-12,SKU-107,13,0
2024-12-13,SKU-107,7,0
2024-12-14,SKU-107,10,0
2024-12-15,SKU-107,10,0
2024-12-16,SKU-107,5,1
2024-12-17,SKU-107,7,0
2024-12-18,SKU-107,6,1
2024-12-19,SKU-107,8,0
2024-12-20,SKU-107,12,0
2024-12-21,SKU-107,14,1
2024-12-22,SKU-107,11,1
2024-12-23,SKU-107,18,0
2024-12-24,SKU-107,7,1
2024-12-25,SKU-107,11,0
2024-12-26,SKU-107,4,0
2024-12-27,SKU-107,13,0
2024-12-28,SKU-107,8,0
2024-12-29,SKU-107,13,0
2024-12-30,SKU-107,8,1
2024-12-31,SKU-107,1,0
2025-01-01,SKU-107,19,0
2025-01-02,SKU-107,21,1
2025-01-03,SKU-107,3,0
2025-01-04,SKU-107,10,0
2025-01-05,SKU-107,8,0
2025-01-06,SKU-107,7,0
2025-01-07,SKU-107,7,0
2025-01-08,SKU-107,8,0
2025-01-09,SKU-107,13,1
2025-01-10,SKU-107,10,0
2025-01-11,SKU-107,9,0
2025-01-12,SKU-107,12,0
2025-01-13,SKU-107,4,0
2025-01-14,SKU-107,8,0
2025-01-15,SKU-107,9,0
2025-01-16,SKU-107,4,0
2025-01-17,SKU-107,5,0
2025-01-18,SKU-107,6,0
2025-01-19,SKU-107,8,0
2025-01-20,SKU-107,9,0
2025-01-21,SKU-107,7,0
2025-01-22,SKU-107,6,0
2025-01-23,SKU-107,7,0
2025-01-24,SKU-107,6,0
2025-01-25,SKU-107,8,0
2025-01-26,SKU-107,17,0
2025-01-27,SKU-107,2,0
2025-01-28,SKU-107,15,0
2025-01-29,SKU-107,5,0
2025-01-30,SKU-107,4,0
2025-01-31,SKU-107,3,0
2025-02-01,SKU-107,2,0
2025-02-02,SKU-107,19,0
2025-02-03,SKU-107,8,0
2025-02-04,SKU-107,2,0
2025-02-05,SKU-107,14,0
2025-02-06,SKU-107,9,0
2025-02-07,SKU-107,4,0
2025-02-08,SKU-107,8,0
2025-02-09,SKU-107,13,0
2025-02-10,SKU-107,4,0
2025-02-11,SKU-107,3,0
2025-02-12,SKU-107,12,0
2025-02-13,SKU-107,7,0
2025-02-14,SKU-107,12,0
2025-02-15,SKU-107,15,0
2025-02-16,SKU-107,4,0
2025-02-17,SKU-107,4,0
2025-02-18,SKU-107,9,0
2025-02-19,SKU-107,6,0
2025-02-20,SKU-107,7,0
2025-02-21,SKU-107,9,0
2025-02-22,SKU-107,8,0
2025-02-23,SKU-107,12,0
2025-02-24,SKU-107,6,0
2025-02-25,SKU-107,3,0
2025-02-26,SKU-107,10,0
2025-02-27,SKU-107,7,0
2025-02-28,SKU-107,7,0
2025-03-01,SKU-107,21,0
2025-03-02,SKU-107,8,0
2025-03-03,SKU-107,1,0
2025-03-04,SKU-107,2,0
2025-03-05,SKU-107,9,0
2025-03-06,SKU-107,3,0
2025-03-07,SKU-107,5,0
2025-03-08,SKU-107,7,0
2025-03-09,SKU-107,8,0
2025-03-10,SKU-107,4,0
2025-03-11,SKU-107,2,0
2025-03-12,SKU-107,8,0
2025-03-13,SKU-107,6,0
2025-03-14,SKU-107,8,0
2025-03-15,SKU-107,11,0
2025-03-16,SKU-107,7,0
2025-03-17,SKU-107,10,0
2025-03-18,SKU-107,10,0
2025-03-19,SKU-107,6,0
2025-03-20,SKU-107,3,0
2025-03-21,SKU-107,9,0
2025-03-22,SKU-107,16,0
2025-03-23,SKU-107,6,0
2025-03-24,SKU-107,5,0
2025-03-25,SKU-107,6,0
2025-03-26,SKU-107,6,0
2025-03-27,SKU-107,5,0
2025-03-28,SKU-107,6,0
2025-03-29,SKU-107,13,1
2025-03-30,SKU-107,8,0
2025-03-31,SKU-107,6,0
2025-04-01,SKU-107,25,0
2025-04-02,SKU-107,3,0
2025-04-03,SKU-107,5,0
2025-04-04,SKU-107,4,0
2025-04-05,SKU-107,19,0
2025-04-06,SKU-107,8,0
2025-04-07,SKU-107,6,0
2025-04-08,SKU-107,5,0
2025-04-09,SKU-107,5,0
2025-04-10,SKU-107,8,0
2025-04-11,SKU-107,13,0
2025-04-12,SKU-107,10,0
2025-04-13,SKU-107,10,0
2025-04-14,SKU-107,15,0
2025-04-15,SKU-107,4,0
2025-04-16,SKU-107,11,0
2025-04-17,SKU-107,11,1
2025-04-18,SKU-107,8,0
2025-04-19,SKU-107,8,0
2025-04-20,SKU-107,11,1
2025-04-21,SKU-107,9,1
2025-04-22,SKU-107,7,0
2025-04-23,SKU-107,7,0
2025-04-24,SKU-107,8,0
2025-04-25,SKU-107,5,0
2025-04-26,SKU-107,6,0
2025-04-27,SKU-107,18,0
2025-04-28,SKU-107,12,0
2025-04-29,SKU-107,5,0
2025-04-30,SKU-107,2,0
2025-05-01,SKU-107,13,0
2025-05-02,SKU-107,4,0
2025-05-03,SKU-107,17,0
2025-05-04,SKU-107,10,0
2025-05-05,SKU-107,6,0
2025-05-06,SKU-107,14,0
2025-05-07,SKU-107,1,0
2025-05-08,SKU-107,7,0
2025-05-09,SKU-107,8,0
2025-05-10,SKU-107,5,0
2025-05-11,SKU-107,11,0
2025-05-12,SKU-107,2,0
2025-05-13,SKU-107,6,0
2025-05-14,SKU-107,10,0
2025-05-15,SKU-107,9,0
2025-05-16,SKU-107,7,0
2025-05-17,SKU-107,16,0
2025-05-18,SKU-107,12,0
2025-05-19,SKU-107,3,0
2025-05-20,SKU-107,6,0
2025-05-21,SKU-107,13,0
2025-05-22,SKU-107,8,0
2025-05-23,SKU-107,4,0
2025-05-24,SKU-107,8,0
2025-05-25,SKU-107,8,0
2025-05-26,SKU-107,4,0
2025-05-27,SKU-107,0,0
2025-05-28,SKU-107,7,0
2025-05-29,SKU-107,5,0
2025-05-30,SKU-107,4,0
2025-05-31,SKU-107,23,0
2025-06-01,SKU-107,7,0
2025-06-02,SKU-107,2,0
2025-06-03,SKU-107,13,0
2025-06-04,SKU-107,7,0
2025-06-05,SKU-107,6,0
2025-06-06,SKU-107,12,0
2025-06-07,SKU-107,17,0
2025-06-08,SKU-107,4,0
2025-06-09,SKU-107,3,0
2025-06-10,SKU-107,4,0
2025-06-11,SKU-107,11,1
2025-06-12,SKU-107,3,0
2025-06-13,SKU-107,2,0
2025-06-14,SKU-107,5,0
2025-06-15,SKU-107,3,0
2025-06-16,SKU-107,12,0
2025-06-17,SKU-107,5,0
2025-06-18,SKU-107,5,0
2025-06-19,SKU-107,10,0
2025-06-20,SKU-107,0,0
2025-06-21,SKU-107,5,0
2025-06-22,SKU-107,4,0
2025-06-23,SKU-107,6,0
2025-06-24,SKU-107,6,0
2025-06-25,SKU-107,4,0
2025-06-26,SKU-107,7,0
2025-06-27,SKU-107,8,0
2025-06-28,SKU-107,11,0
2025-06-29,SKU-107,4,0
2025-06-30,SKU-107,6,0
2025-07-01,SKU-107,9,1
2025-07-02,SKU-107,8,0
2025-07-03,SKU-107,3,0
2025-07-04,SKU-107,7,0
2025-07-05,SKU-107,5,0
2025-07-06,SKU-107,6,0
2025-07-07,SKU-107,5,0
2025-07-08,SKU-107,6,0
2025-07-09,SKU-107,4,0
2025-07-10,SKU-107,3,0
2025-07-11,SKU-107,8,0
2025-07-12,SKU-107,7,0
2025-07-13,SKU-107,22,0
2025-07-14,SKU-107,7,0
2025-07-15,SKU-107,8,0
2025-07-16,SKU-107,13,0
2025-07-17,SKU-107,10,0
2025-07-18,SKU-107,6,0
2025-07-19,SKU-107,4,0
2025-07-20,SKU-107,31,1
2025-07-21,SKU-107,7,0
2025-07-22,SKU-107,8,0
2025-07-23,SKU-107,6,0
2025-07-24,SKU-107,7,0
2025-07-25,SKU-107,5,0
2025-07-26,SKU-107,9,0
2025-07-27,SKU-107,15,0
2025-07-28,SKU-107,6,0
2025-07-29,SKU-107,5,0
2025-07-30,SKU-107,12,0
2025-07-31,SKU-107,19,0
2025-08-01,SKU-107,12,0
2025-08-02,SKU-107,15,0
2025-08-03,SKU-107,21,0
2025-08-04,SKU-107,9,0
2025-08-05,SKU-107,12,0
2025-08-06,SKU-107,8,0
2025-08-07,SKU-107,3,0
2025-08-08,SKU-107,12,0
2025-08-09,SKU-107,14,0
2025-08-10,SKU-107,13,0
2025-08-11,SKU-107,4,0
2025-08-12,SKU-107,14,0
2025-08-13,SKU-107,9,0
2025-08-14,SKU-107,5,0
2025-08-15,SKU-107,12,0
2025-08-16,SKU-107,6,0
2025-08-17,SKU-107,19,0
2025-08-18,SKU-107,5,0
2025-08-19,SKU-107,7,0
2025-08-20,SKU-107,8,0
2025-08-21,SKU-107,23,1
2025-08-22,SKU-107,10,0
2025-08-23,SKU-107,8,0
2025-08-24,SKU-107,8,0
2025-08-25,SKU-107,6,0
2025-08-26,SKU-107,14,0
2025-08-27,SKU-107,16,0
2025-08-28,SKU-107,13,0
2025-08-29,SKU-107,9,0
2025-08-30,SKU-107,14,0
2025-08-31,SKU-107,2,0
2025-09-01,SKU-107,12,0
2025-09-02,SKU-107,6,0
2025-09-03,SKU-107,6,0
2025-09-04,SKU-107,8,0
2025-09-05,SKU-107,13,0
2025-09-06,SKU-107,10,0
2025-09-07,SKU-107,8,1
2025-09-08,SKU-107,7,0
2025-09-09,SKU-107,8,0
2025-09-10,SKU-107,6,0
2025-09-11,SKU-107,5,0
2025-09-12,SKU-107,9,0
2025-09-13,SKU-107,4,0
2025-09-14,SKU-107,21,0
2025-09-15,SKU-107,9,0
2025-09-16,SKU-107,3,0
2025-09-17,SKU-107,4,0
2025-09-18,SKU-107,2,0
2025-09-19,SKU-107,5,0
2025-09-20,SKU-107,8,0
2025-09-21,SKU-107,11,0
2025-09-22,SKU-107,6,0
2025-09-23,SKU-107,6,0
2025-09-24,SKU-107,7,0
2025-09-25,SKU-107,6,0
2025-09-26,SKU-107,9,0
2025-09-27,SKU-107,5,0
2025-09-28,SKU-107,12,0
2025-09-29,SKU-107,14,0
2025-09-30,SKU-107,15,1
2025-10-01,SKU-107,4,0
2025-10-02,SKU-107,8,0
2025-10-03,SKU-107,3,0
2025-10-04,SKU-107,14,0
2025-10-05,SKU-107,11,0
2025-10-06,SKU-107,9,0
2025-10-07,SKU-107,4,0
2025-10-08,SKU-107,6,0
2025-10-09,SKU-107,17,1
2025-10-10,SKU-107,20,0
2025-10-11,SKU-107,15,0
2025-10-12,SKU-107,12,0
2025-10-13,SKU-107,12,0
2025-10-14,SKU-107,12,0
2025-10-15,SKU-107,21,1
2025-10-16,SKU-107,10,0
2025-10-17,SKU-107,12,1
2025-10-18,SKU-107,27,0
2025-10-19,SKU-107,7,0
2025-10-20,SKU-107,16,0
2025-10-21,SKU-107,11,1
2025-10-22,SKU-107,0,0
2025-10-23,SKU-107,4,0
2025-10-24,SKU-107,4,0
2025-10-25,SKU-107,11,0
2025-10-26,SKU-107,17,0
2025-10-27,SKU-107,5,1
2025-10-28,SKU-107,4,0
2025-10-29,SKU-107,6,0
2025-10-30,SKU-107,11,0
2025-10-31,SKU-107,10,0
2025-11-01,SKU-107,18,0
2025-11-02,SKU-107,7,0
2025-11-03,SKU-107,4,0
2025-11-04,SKU-107,6,0
2025-11-05,SKU-107,11,0
2025-11-06,SKU-107,5,0
2025-11-07,SKU-107,10,0
2025-11-08,SKU-107,11,0
2025-11-09,SKU-107,20,0
2025-11-10,SKU-107,1,0
2025-11-11,SKU-107,11,0
2025-11-12,SKU-107,7,0
2025-11-13,SKU-107,17,0
2025-11-14,SKU-107,8,0
2025-11-15,SKU-107,5,0
2025-11-16,SKU-107,13,0
2025-11-17,SKU-107,5,0
2025-11-18,SKU-107,9,0
2025-11-19,SKU-107,4,0
2025-11-20,SKU-107,8,0
2025-11-21,SKU-107,6,0
2025-11-22,SKU-107,6,0
2025-11-23,SKU-107,18,0
2025-11-24,SKU-107,4,0
2025-11-25,SKU-107,2,0
2025-11-26,SKU-107,10,0
2025-11-27,SKU-107,2,0
2025-11-28,SKU-107,8,0
2025-11-29,SKU-107,11,0
2025-11-30,SKU-107,13,0
2025-12-01,SKU-107,15,0
2025-12-02,SKU-107,5,0
2025-12-03,SKU-107,2,0
2025-12-04,SKU-107,3,0
2025-12-05,SKU-107,7,0
2025-12-06,SKU-107,9,1
2025-12-07,SKU-107,11,0
2025-12-08,SKU-107,4,0
2025-12-09,SKU-107,6,0
2025-12-10,SKU-107,9,0
2025-12-11,SKU-107,11,0
2025-12-12,SKU-107,6,0
2025-12-13,SKU-107,17,0
2025-12-14,SKU-107,11,0
2025-12-15,SKU-107,14,0
2025-12-16,SKU-107,4,0
2025-12-17,SKU-107,12,0
2025-12-18,SKU-107,10,0
2025-12-19,SKU-107,13,0
2025-12-20,SKU-107,7,0
2025-12-21,SKU-107,8,0
2025-12-22,SKU-107,15,0
2025-12-23,SKU-107,9,0
2025-12-24,SKU-107,7,0
2025-12-25,SKU-107,7,0
2025-12-26,SKU-107,12,0
2025-12-27,SKU-107,14,0
2025-12-28,SKU-107,5,0
2025-12-29,SKU-107,23,0
2025-12-30,SKU-107,8,0
2025-12-31,SKU-107,5,0
2026-01-01,SKU-107,8,0
2026-01-02,SKU-107,6,0
2026-01-03,SKU-107,8,0
2026-01-04,SKU-107,8,0
2026-01-05,SKU-107,8,0
2026-01-06,SKU-107,8,0
2026-01-07,SKU-107,3,0
2026-01-08,SKU-107,8,0
2026-01-09,SKU-107,9,0
2026-01-10,SKU-107,8,0
2026-01-11,SKU-107,21,1
2026-01-12,SKU-107,14,1
2026-01-13,SKU-107,3,0
2026-01-14,SKU-107,8,0
2026-01-15,SKU-107,14,0
2026-01-16,SKU-107,13,0
2026-01-17,SKU-107,6,0
2026-01-18,SKU-107,21,0
2026-01-19,SKU-107,5,0
2026-01-20,SKU-107,12,0
2026-01-21,SKU-107,11,0
2026-01-22,SKU-107,5,0
2026-01-23,SKU-107,26,1
2026-01-24,SKU-107,12,0
2026-01-25,SKU-107,9,0
2026-01-26,SKU-107,9,0
2026-01-27,SKU-107,8,0
2026-01-28,SKU-107,5,0
2026-01-29,SKU-107,7,0
2026-01-30,SKU-107,3,0
2026-01-31,SKU-107,3,1
2026-02-01,SKU-107,9,0
2026-02-02,SKU-107,4,0
2026-02-03,SKU-107,8,0
2026-02-04,SKU-107,13,0
2026-02-05,SKU-107,12,0
2026-02-06,SKU-107,9,0
2026-02-07,SKU-107,16,0
2026-02-08,SKU-107,12,0
2026-02-09,SKU-107,9,0
2026-02-10,SKU-107,1,0
2026-02-11,SKU-107,13,0
2026-02-12,SKU-107,6,0
2026-02-13,SKU-107,6,0
2026-02-14,SKU-107,19,0
2026-02-15,SKU-107,26,1
2026-02-16,SKU-107,9,0
2026-02-17,SKU-107,11,0
2026-02-18,SKU-107,2,0
2026-02-19,SKU-107,8,0
2026-02-20,SKU-107,6,0
2026-02-21,SKU-107,10,0
2026-02-22,SKU-107,6,0
2026-02-23,SKU-107,8,0
2026-02-24,SKU-107,9,0
2026-02-25,SKU-107,3,0
2026-02-26,SKU-107,7,0
2026-02-27,SKU-107,7,0
2026-02-28,SKU-107,5,0
2026-03-01,SKU-107,13,0
2026-03-02,SKU-107,11,0
2026-03-03,SKU-107,9,0
2026-03-04,SKU-107,8,0
2026-03-05,SKU-107,10,0
2026-03-06,SKU-107,7,0
2026-03-07,SKU-107,6,1
2026-03-08,SKU-107,13,0
2026-03-09,SKU-107,9,0
2026-03-10,SKU-107,7,0
2026-03-11,SKU-107,8,0
2026-03-12,SKU-107,6,0
2026-03-13,SKU-107,7,1
2026-03-14,SKU-107,4,0
2026-03-15,SKU-107,3,0
2026-03-16,SKU-107,8,0
2026-03-17,SKU-107,4,0
2026-03-18,SKU-107,8,0
2026-03-19,SKU-107,7,0
2026-03-20,SKU-107,7,0
2026-03-21,SKU-107,4,0
2026-03-22,SKU-107,4,0
2026-03-23,SKU-107,11,0
2026-03-24,SKU-107,13,0
2026-03-25,SKU-107,8,0
2026-03-26,SKU-107,10,0
2026-03-27,SKU-107,14,0
2026-03-28,SKU-107,14,1
2026-03-29,SKU-107,18,0
2026-03-30,SKU-107,12,0
2026-03-31,SKU-107,6,0
2026-04-01,SKU-107,13,0
2026-04-02,SKU-107,12,0
2026-04-03,SKU-107,6,0
2026-04-04,SKU-107,11,0
2026-04-05,SKU-107,9,0
2026-04-06,SKU-107,6,0
2026-04-07,SKU-107,5,0
2026-04-08,SKU-107,9,0
2026-04-09,SKU-107,10,0
2026-04-10,SKU-107,18,0
2026-04-11,SKU-107,16,1
2026-04-12,SKU-107,3,0
2026-04-13,SKU-107,5,0
2026-04-14,SKU-107,6,0
2026-04-15,SKU-107,6,0
2026-04-16,SKU-107,7,0
2026-04-17,SKU-107,11,0
2026-04-18,SKU-107,16,0
2026-04-19,SKU-107,13,0
2026-04-20,SKU-107,10,0
2026-04-21,SKU-107,3,0
2026-04-22,SKU-107,10,0
2026-04-23,SKU-107,7,0
2026-04-24,SKU-107,12,0
2026-04-25,SKU-107,8,0
2026-04-26,SKU-107,19,0
2026-04-27,SKU-107,4,0
2026-04-28,SKU-107,6,0
2026-04-29,SKU-107,12,0
2026-04-30,SKU-107,11,0
2026-05-01,SKU-107,10,0
2026-05-02,SKU-107,17,1
2026-05-03,SKU-107,7,0
2026-05-04,SKU-107,9,0
2026-05-05,SKU-107,1,0
2026-05-06,SKU-107,9,0
2026-05-07,SKU-107,7,0
2026-05-08,SKU-107,21,0
2026-05-09,SKU-107,20,0
2026-05-10,SKU-107,6,0
2026-05-11,SKU-107,11,0
2026-05-12,SKU-107,3,0
2026-05-13,SKU-107,11,0
2026-05-14,SKU-107,22,0
2026-05-15,SKU-107,2,0
2026-05-16,SKU-107,11,0
2026-05-17,SKU-107,7,0
2026-05-18,SKU-107,5,0
2026-05-19,SKU-107,3,0
2026-05-20,SKU-107,12,0
2026-05-21,SKU-107,8,0
2026-05-22,SKU-107,9,0
2026-05-23,SKU-107,27,0
2026-05-24,SKU-107,11,0
2026-05-25,SKU-107,4,0
2026-05-26,SKU-107,11,0
2026-05-27,SKU-107,6,0
2026-05-28,SKU-107,8,0
2026-05-29,SKU-107,9,0
2026-05-30,SKU-107,4,0
2026-05-31,SKU-107,4,0
2026-06-01,SKU-107,7,0
2026-06-02,SKU-107,5,0
2026-06-03,SKU-107,14,0
2026-06-04,SKU-107,12,0
2026-06-05,SKU-107,3,0
2026-06-06,SKU-107,16,0
2026-06-07,SKU-107,12,0
2026-06-08,SKU-107,11,0
2026-06-09,SKU-107,3,0
2026-06-10,SKU-107,7,0
2026-06-11,SKU-107,4,0
2026-06-12,SKU-107,7,0
2026-06-13,SKU-107,7,0
2026-06-14,SKU-107,9,0
2026-06-15,SKU-107,6,1
2026-06-16,SKU-107,9,0
2026-06-17,SKU-107,6,0
2026-06-18,SKU-107,4,0
2026-06-19,SKU-107,11,0
2026-06-20,SKU-107,13,0
2026-06-21,SKU-107,12,0
2026-06-22,SKU-107,6,0
2026-06-23,SKU-107,7,0
2026-06-24,SKU-107,4,0
2026-06-25,SKU-107,7,0
2026-06-26,SKU-107,17,0
2026-06-27,SKU-107,2,0
2026-06-28,SKU-107,11,0
2026-06-29,SKU-107,5,1
2026-06-30,SKU-107,2,0
2026-07-01,SKU-107,3,0
2026-07-02,SKU-107,15,0
2026-07-03,SKU-107,10,0
2026-07-04,SKU-107,15,0
2026-07-05,SKU-107,7,1
2026-07-06,SKU-107,9,0
2026-07-07,SKU-107,1,0
2026-07-08,SKU-107,8,1
2026-07-09,SKU-107,12,0
2026-07-10,SKU-107,12,0
2026-07-11,SKU-107,20,0
2026-07-12,SKU-107,13,0
2026-07-13,SKU-107,7,0
2026-07-14,SKU-107,13,0
2026-07-15,SKU-107,15,0
2026-07-16,SKU-107,7,0
2026-07-17,SKU-107,20,0
2026-07-18,SKU-107,17,0
2026-07-19,SKU-107,7,0
2026-07-20,SKU-107,2,0
2026-07-21,SKU-107,5,1
2026-07-22,SKU-107,14,1
2026-07-23,SKU-107,13,0
2026-07-24,SKU-107,13,0
2026-07-25,SKU-107,3,0
2026-07-26,SKU-107,19,0
2026-07-27,SKU-107,6,1
2026-07-28,SKU-107,7,0
2026-07-29,SKU-107,10,0
2026-07-30,SKU-107,2,0
2026-07-31,SKU-107,7,0
2026-08-01,SKU-107,9,0
2026-08-02,SKU-107,11,0
2026-08-03,SKU-107,2,0
2026-08-04,SKU-107,12,0
2026-08-05,SKU-107,6,0
2026-08-06,SKU-107,10,1
2026-08-07,SKU-107,10,0
2026-08-08,SKU-107,8,0
2026-08-09,SKU-107,19,0
2026-08-10,SKU-107,3,0
2026-08-11,SKU-107,5,0
2026-08-12,SKU-107,9,0
2026-08-13,SKU-107,15,0
2026-08-14,SKU-107,9,0
2026-08-15,SKU-107,18,0
2026-08-16,SKU-107,10,0
2026-08-17,SKU-107,6,0
2026-08-18,SKU-107,11,0
2026-08-19,SKU-107,3,0
2026-08-20,SKU-107,9,0
2026-08-21,SKU-107,14,0
2026-08-22,SKU-107,9,0
2026-08-23,SKU-107,26,1
2026-08-24,SKU-107,11,0
2026-08-25,SKU-107,18,0
2026-08-26,SKU-107,11,0
2026-08-27,SKU-107,7,0
2026-08-28,SKU-107,13,1
2026-08-29,SKU-107,5,0
2026-08-30,SKU-107,6,0
2026-08-31,SKU-107,12,1
2026-09-01,SKU-107,7,0
2026-09-02,SKU-107,7,0
2026-09-03,SKU-107,7,0
2026-09-04,SKU-107,1,0
2026-09-05,SKU-107,4,0
2026-09-06,SKU-107,12,0
2026-09-07,SKU-107,4,0
2026-09-08,SKU-107,11,0
2026-09-09,SKU-107,6,0
2026-09-10,SKU-107,4,0
2026-09-11,SKU-107,12,0
2026-09-12,SKU-107,13,0
2026-09-13,SKU-107,6,0
2026-09-14,SKU-107,4,0
2026-09-15,SKU-107,4,0
2026-09-16,SKU-107,9,0
2026-09-17,SKU-107,7,0
2026-09-18,SKU-107,2,0
2026-09-19,SKU-107,9,0
2026-09-20,SKU-107,7,0
2026-09-21,SKU-107,2,0
2026-09-22,SKU-107,0,0
2026-09-23,SKU-107,13,1
2026-09-24,SKU-107,20,0
2026-09-25,SKU-107,11,0
2026-09-26,SKU-107,9,0
2026-09-27,SKU-107,6,1
2026-09-28,SKU-107,9,0
2026-09-29,SKU-107,12,0
2026-09-30,SKU-107,14,0
2024-10-01,SKU-108,3,0
2024-10-02,SKU-108,6,0
2024-10-03,SKU-108,12,0
2024-10-04,SKU-108,25,0
2024-10-05,SKU-108,17,0
2024-10-06,SKU-108,15,0
2024-10-07,SKU-108,4,0
2024-10-08,SKU-108,11,0
2024-10-09,SKU-108,9,1
2024-10-10,SKU-108,9,0
2024-10-11,SKU-108,5,0
2024-10-12,SKU-108,8,0
2024-10-13,SKU-108,0,0
2024-10-14,SKU-108,3,0
2024-10-15,SKU-108,10,0
2024-10-16,SKU-108,5,0
2024-10-17,SKU-108,7,0
2024-10-18,SKU-108,7,0
2024-10-19,SKU-108,24,0
2024-10-20,SKU-108,35,0
2024-10-21,SKU-108,8,0
2024-10-22,SKU-108,5,0
2024-10-23,SKU-108,18,0
2024-10-24,SKU-108,13,0
2024-10-25,SKU-108,17,1
2024-10-26,SKU-108,23,0
2024-10-27,SKU-108,14,0
2024-10-28,SKU-108,9,1
2024-10-29,SKU-108,18,0
2024-10-30,SKU-108,5,0
2024-10-31,SKU-108,6,0
2024-11-01,SKU-108,13,0
2024-11-02,SKU-108,17,0
2024-11-03,SKU-108,14,0
2024-11-04,SKU-108,13,1
2024-11-05,SKU-108,13,0
2024-11-06,SKU-108,7,1
2024-11-07,SKU-108,10,0
2024-11-08,SKU-108,14,0
2024-11-09,SKU-108,22,0
2024-11-10,SKU-108,26,0
2024-11-11,SKU-108,6,0
2024-11-12,SKU-108,13,0
2024-11-13,SKU-108,4,0
2024-11-14,SKU-108,3,0
2024-11-15,SKU-108,10,0
2024-11-16,SKU-108,14,0
2024-11-17,SKU-108,17,0
2024-11-18,SKU-108,4,0
2024-11-19,SKU-108,19,0
2024-11-20,SKU-108,20,0
2024-11-21,SKU-108,4,0
2024-11-22,SKU-108,11,0
2024-11-23,SKU-108,21,0
2024-11-24,SKU-108,17,0
2024-11-25,SKU-108,15,0
2024-11-26,SKU-108,13,0
2024-11-27,SKU-108,13,1
2024-11-28,SKU-108,21,0
2024-11-29,SKU-108,18,0
2024-11-30,SKU-108,36,0
2024-12-01,SKU-108,9,0
2024-12-02,SKU-108,13,1
2024-12-03,SKU-108,5,0
2024-12-04,SKU-108,4,0
2024-12-05,SKU-108,7,0
2024-12-06,SKU-108,8,0
2024-12-07,SKU-108,13,0
2024-12-08,SKU-108,14,0
2024-12-09,SKU-108,13,0
2024-12-10,SKU-108,8,0
2024-12-11,SKU-108,7,0
2024-12-12,SKU-108,2,0
2024-12-13,SKU-108,6,0
2024-12-14,SKU-108,8,0
2024-12-15,SKU-108,11,0
2024-12-16,SKU-108,10,0
2024-12-17,SKU-108,4,0
2024-12-18,SKU-108,8,0
2024-12-19,SKU-108,6,0
2024-12-20,SKU-108,21,0
2024-12-21,SKU-108,21,1
2024-12-22,SKU-108,15,0
2024-12-23,SKU-108,5,0
2024-12-24,SKU-108,4,0
2024-12-25,SKU-108,6,0
2024-12-26,SKU-108,11,0
2024-12-27,SKU-108,8,1
2024-12-28,SKU-108,15,0
2024-12-29,SKU-108,17,0
2024-12-30,SKU-108,10,0
2024-12-31,SKU-108,13,0
2025-01-01,SKU-108,7,0
2025-01-02,SKU-108,10,0
2025-01-03,SKU-108,7,0
2025-01-04,SKU-108,12,0
2025-01-05,SKU-108,12,0
2025-01-06,SKU-108,4,0
2025-01-07,SKU-108,8,0
2025-01-08,SKU-108,7,0
2025-01-09,SKU-108,6,0
2025-01-10,SKU-108,11,0
2025-01-11,SKU-108,10,0
2025-01-12,SKU-108,10,0
2025-01-13,SKU-108,11,0
2025-01-14,SKU-108,6,0
2025-01-15,SKU-108,10,0
2025-01-16,SKU-108,6,1
2025-01-17,SKU-108,8,0
2025-01-18,SKU-108,15,0
2025-01-19,SKU-108,13,0
2025-01-20,SKU-108,20,0
2025-01-21,SKU-108,8,0
2025-01-22,SKU-108,9,0
2025-01-23,SKU-108,15,0
2025-01-24,SKU-108,26,0
2025-01-25,SKU-108,13,0
2025-01-26,SKU-108,16,1
2025-01-27,SKU-108,10,1
2025-01-28,SKU-108,16,0
2025-01-29,SKU-108,10,0
2025-01-30,SKU-108,4,0
2025-01-31,SKU-108,15,0
2025-02-01,SKU-108,4,0
2025-02-02,SKU-108,13,0
2025-02-03,SKU-108,16,0
2025-02-04,SKU-108,4,0
2025-02-05,SKU-108,11,0
2025-02-06,SKU-108,13,0
2025-02-07,SKU-108,6,0
2025-02-08,SKU-108,3,0
2025-02-09,SKU-108,11,0
2025-02-10,SKU-108,9,0
2025-02-11,SKU-108,12,0
2025-02-12,SKU-108,9,0
2025-02-13,SKU-108,9,0
2025-02-14,SKU-108,10,0
2025-02-15,SKU-108,16,0
2025-02-16,SKU-108,14,0
2025-02-17,SKU-108,8,0
2025-02-18,SKU-108,6,0
2025-02-19,SKU-108,20,0
2025-02-20,SKU-108,0,0
2025-02-21,SKU-108,15,0
2025-02-22,SKU-108,15,0
2025-02-23,SKU-108,29,0
2025-02-24,SKU-108,14,0
2025-02-25,SKU-108,8,0
2025-02-26,SKU-108,1,0
2025-02-27,SKU-108,11,0
2025-02-28,SKU-108,8,0
2025-03-01,SKU-108,14,0
2025-03-02,SKU-108,20,1
2025-03-03,SKU-108,6,0
2025-03-04,SKU-108,12,0
2025-03-05,SKU-108,7,0
2025-03-06,SKU-108,5,0
2025-03-07,SKU-108,10,0
2025-03-08,SKU-108,7,0
2025-03-09,SKU-108,15,0
2025-03-10,SKU-108,15,0
2025-03-11,SKU-108,6,0
2025-03-12,SKU-108,12,0
2025-03-13,SKU-108,8,0
2025-03-14,SKU-108,14,0
2025-03-15,SKU-108,8,0
2025-03-16,SKU-108,7,0
2025-03-17,SKU-108,13,0
2025-03-18,SKU-108,8,0
2025-03-19,SKU-108,15,0
2025-03-20,SKU-108,12,1
2025-03-21,SKU-108,14,0
2025-03-22,SKU-108,20,0
2025-03-23,SKU-108,18,0
2025-03-24,SKU-108,19,1
2025-03-25,SKU-108,6,0
2025-03-26,SKU-108,32,1
2025-03-27,SKU-108,8,0
2025-03-28,SKU-108,14,0
2025-03-29,SKU-108,11,0
2025-03-30,SKU-108,8,0
2025-03-31,SKU-108,11,0
2025-04-01,SKU-108,12,0
2025-04-02,SKU-108,6,0
2025-04-03,SKU-108,6,0
2025-04-04,SKU-108,11,0
2025-04-05,SKU-108,10,0
2025-04-06,SKU-108,11,0
2025-04-07,SKU-108,10,0
2025-04-08,SKU-108,3,0
2025-04-09,SKU-108,10,0
2025-04-10,SKU-108,7,0
2025-04-11,SKU-108,7,0
2025-04-12,SKU-108,6,0
2025-04-13,SKU-108,12,0
2025-04-14,SKU-108,10,1
2025-04-15,SKU-108,2,0
2025-04-16,SKU-108,5,0
2025-04-17,SKU-108,10,0
2025-04-18,SKU-108,16,0
2025-04-19,SKU-108,5,0
2025-04-20,SKU-108,22,0
2025-04-21,SKU-108,13,0
2025-04-22,SKU-108,7,0
2025-04-23,SKU-108,5,0
2025-04-24,SKU-108,9,0
2025-04-25,SKU-108,10,0
2025-04-26,SKU-108,17,0
2025-04-27,SKU-108,15,0
2025-04-28,SKU-108,10,0
2025-04-29,SKU-108,21,0
2025-04-30,SKU-108,3,0
2025-05-01,SKU-108,12,0
2025-05-02,SKU-108,10,0
2025-05-03,SKU-108,21,1
2025-05-04,SKU-108,18,0
2025-05-05,SKU-108,13,0
2025-05-06,SKU-108,27,0
2025-05-07,SKU-108,11,0
2025-05-08,SKU-108,16,0
2025-05-09,SKU-108,11,0
2025-05-10,SKU-108,10,0
2025-05-11,SKU-108,13,0
2025-05-12,SKU-108,4,0
2025-05-13,SKU-108,12,0
2025-05-14,SKU-108,7,0
2025-05-15,SKU-108,11,0
2025-05-16,SKU-108,3,0
2025-05-17,SKU-108,16,0
2025-05-18,SKU-108,16,0
2025-05-19,SKU-108,13,0
2025-05-20,SKU-108,12,0
2025-05-21,SKU-108,14,0
2025-05-22,SKU-108,15,0
2025-05-23,SKU-108,8,0
2025-05-24,SKU-108,11,0
2025-05-25,SKU-108,12,0
2025-05-26,SKU-108,10,0
2025-05-27,SKU-108,7,0
2025-05-28,SKU-108,9,0
2025-05-29,SKU-108,5,0
2025-05-30,SKU-108,14,0
2025-05-31,SKU-108,7,0
2025-06-01,SKU-108,9,0
2025-06-02,SKU-108,17,0
2025-06-03,SKU-108,5,0
2025-06-04,SKU-108,2,0
2025-06-05,SKU-108,10,0
2025-06-06,SKU-108,7,0
2025-06-07,SKU-108,14,0
2025-06-08,SKU-108,8,0
2025-06-09,SKU-108,6,0
2025-06-10,SKU-108,4,0
2025-06-11,SKU-108,6,0
2025-06-12,SKU-108,8,0
2025-06-13,SKU-108,7,0
2025-06-14,SKU-108,15,0
2025-06-15,SKU-108,7,0
2025-06-16,SKU-108,10,0
2025-06-17,SKU-108,11,0
2025-06-18,SKU-108,15,0
2025-06-19,SKU-108,12,0
2025-06-20,SKU-108,9,0
2025-06-21,SKU-108,25,0
2025-06-22,SKU-108,18,0
2025-06-23,SKU-108,8,0
2025-06-24,SKU-108,6,0
2025-06-25,SKU-108,10,0
2025-06-26,SKU-108,14,0
2025-06-27,SKU-108,6,0
2025-06-28,SKU-108,8,0
2025-06-29,SKU-108,8,0
2025-06-30,SKU-108,11,0
2025-07-01,SKU-108,3,0
2025-07-02,SKU-108,6,0
2025-07-03,SKU-108,8,0
2025-07-04,SKU-108,10,0
2025-07-05,SKU-108,21,0
2025-07-06,SKU-108,9,0
2025-07-07,SKU-108,8,0
2025-07-08,SKU-108,11,0
2025-07-09,SKU-108,8,0
2025-07-10,SKU-108,5,0
2025-07-11,SKU-108,7,0
2025-07-12,SKU-108,15,0
2025-07-13,SKU-108,4,0
2025-07-14,SKU-108,4,0
2025-07-15,SKU-108,3,0
2025-07-16,SKU-108,6,0
2025-07-17,SKU-108,8,0
2025-07-18,SKU-108,16,0
2025-07-19,SKU-108,7,0
2025-07-20,SKU-108,13,0
2025-07-21,SKU-108,10,0
2025-07-22,SKU-108,13,0
2025-07-23,SKU-108,11,0
2025-07-24,SKU-108,13,0
2025-07-25,SKU-108,7,0
2025-07-26,SKU-108,7,0
2025-07-27,SKU-108,18,1
2025-07-28,SKU-108,9,0
2025-07-29,SKU-108,10,0
2025-07-30,SKU-108,4,0
2025-07-31,SKU-108,6,0
2025-08-01,SKU-108,11,0
2025-08-02,SKU-108,9,0
2025-08-03,SKU-108,13,0
2025-08-04,SKU-108,8,0
2025-08-05,SKU-108,19,0
2025-08-06,SKU-108,2,0
2025-08-07,SKU-108,5,0
2025-08-08,SKU-108,14,0
2025-08-09,SKU-108,15,0
2025-08-10,SKU-108,26,1
2025-08-11,SKU-108,6,0
2025-08-12,SKU-108,11,0
2025-08-13,SKU-108,16,0
2025-08-14,SKU-108,5,0
2025-08-15,SKU-108,11,0
2025-08-16,SKU-108,10,0
2025-08-17,SKU-108,7,0
2025-08-18,SKU-108,11,0
2025-08-19,SKU-108,3,0
2025-08-20,SKU-108,8,0
2025-08-21,SKU-108,7,0
2025-08-22,SKU-108,12,0
2025-08-23,SKU-108,13,0
2025-08-24,SKU-108,14,0
2025-08-25,SKU-108,16,0
2025-08-26,SKU-108,6,0
2025-08-27,SKU-108,16,0
2025-08-28,SKU-108,10,0
2025-08-29,SKU-108,22,0
2025-08-30,SKU-108,19,0
2025-08-31,SKU-108,11,0
2025-09-01,SKU-108,11,0
2025-09-02,SKU-108,13,0
2025-09-03,SKU-108,8,1
2025-09-04,SKU-108,14,1
2025-09-05,SKU-108,14,0
2025-09-06,SKU-108,3,0
2025-09-07,SKU-108,12,0
2025-09-08,SKU-108,10,1
2025-09-09,SKU-108,2,0
2025-09-10,SKU-108,12,0
2025-09-11,SKU-108,9,0
2025-09-12,SKU-108,10,0
2025-09-13,SKU-108,10,0
2025-09-14,SKU-108,10,0
2025-09-15,SKU-108,14,0
2025-09-16,SKU-108,11,0
2025-09-17,SKU-108,11,0
2025-09-18,SKU-108,2,0
2025-09-19,SKU-108,11,0
2025-09-20,SKU-108,13,0
2025-09-21,SKU-108,14,0
2025-09-22,SKU-108,9,0
2025-09-23,SKU-108,16,0
2025-09-24,SKU-108,14,0
2025-09-25,SKU-108,6,0
2025-09-26,SKU-108,16,0
2025-09-27,SKU-108,15,0
2025-09-28,SKU-108,11,0
2025-09-29,SKU-108,6,0
2025-09-30,SKU-108,22,0
2025-10-01,SKU-108,9,0
2025-10-02,SKU-108,10,0
2025-10-03,SKU-108,15,0
2025-10-04,SKU-108,25,0
2025-10-05,SKU-108,17,0
2025-10-06,SKU-108,8,0
2025-10-07,SKU-108,5,0
2025-10-08,SKU-108,32,1
2025-10-09,SKU-108,15,0
2025-10-10,SKU-108,16,0
2025-10-11,SKU-108,16,0
2025-10-12,SKU-108,31,1
2025-10-13,SKU-108,12,0
2025-10-14,SKU-108,15,0
2025-10-15,SKU-108,11,0
2025-10-16,SKU-108,8,0
2025-10-17,SKU-108,16,0
2025-10-18,SKU-108,25,0
2025-10-19,SKU-108,18,0
2025-10-20,SKU-108,28,0
2025-10-21,SKU-108,20,0
2025-10-22,SKU-108,8,0
2025-10-23,SKU-108,11,0
2025-10-24,SKU-108,13,0
2025-10-25,SKU-108,11,0
2025-10-26,SKU-108,11,0
2025-10-27,SKU-108,10,0
2025-10-28,SKU-108,5,0
2025-10-29,SKU-108,12,0
2025-10-30,SKU-108,22,0
2025-10-31,SKU-108,10,0
2025-11-01,SKU-108,10,0
2025-11-02,SKU-108,3,0
2025-11-03,SKU-108,12,0
2025-11-04,SKU-108,9,0
2025-11-05,SKU-108,5,0
2025-11-06,SKU-108,4,0
2025-11-07,SKU-108,16,0
2025-11-08,SKU-108,9,1
2025-11-09,SKU-108,16,0
2025-11-10,SKU-108,3,0
2025-11-11,SKU-108,16,0
2025-11-12,SKU-108,30,1
2025-11-13,SKU-108,1,0
2025-11-14,SKU-108,2,0
2025-11-15,SKU-108,13,0
2025-11-16,SKU-108,31,0
2025-11-17,SKU-108,4,0
2025-11-18,SKU-108,10,0
2025-11-19,SKU-108,9,0
2025-11-20,SKU-108,21,1
2025-11-21,SKU-108,3,0
2025-11-22,SKU-108,11,0
2025-11-23,SKU-108,9,0
2025-11-24,SKU-108,7,0
2025-11-25,SKU-108,4,0
2025-11-26,SKU-108,6,0
2025-11-27,SKU-108,7,0
2025-11-28,SKU-108,5,0
2025-11-29,SKU-108,28,0
2025-11-30,SKU-108,33,0
2025-12-01,SKU-108,15,0
2025-12-02,SKU-108,13,0
2025-12-03,SKU-108,6,0
2025-12-04,SKU-108,8,0
2025-12-05,SKU-108,12,0
2025-12-06,SKU-108,18,0
2025-12-07,SKU-108,9,0
2025-12-08,SKU-108,5,0
2025-12-09,SKU-108,13,0
2025-12-10,SKU-108,15,0
2025-12-11,SKU-108,2,0
2025-12-12,SKU-108,21,1
2025-12-13,SKU-108,15,1
2025-12-14,SKU-108,8,0
2025-12-15,SKU-108,6,0
2025-12-16,SKU-108,6,0
2025-12-17,SKU-108,15,0
2025-12-18,SKU-108,9,0
2025-12-19,SKU-108,9,0
2025-12-20,SKU-108,8,0
2025-12-21,SKU-108,12,0
2025-12-22,SKU-108,3,0
2025-12-23,SKU-108,8,0
2025-12-24,SKU-108,10,0
2025-12-25,SKU-108,14,0
2025-12-26,SKU-108,9,0
2025-12-27,SKU-108,7,0
2025-12-28,SKU-108,8,1
2025-12-29,SKU-108,9,0
2025-12-30,SKU-108,2,0
2025-12-31,SKU-108,7,0
2026-01-01,SKU-108,12,0
2026-01-02,SKU-108,16,0
2026-01-03,SKU-108,26,0
2026-01-04,SKU-108,11,0
2026-01-05,SKU-108,2,0
2026-01-06,SKU-108,17,0
2026-01-07,SKU-108,12,0
2026-01-08,SKU-108,10,0
2026-01-09,SKU-108,21,0
2026-01-10,SKU-108,13,0
2026-01-11,SKU-108,28,0
2026-01-12,SKU-108,15,0
2026-01-13,SKU-108,12,1
2026-01-14,SKU-108,14,0
2026-01-15,SKU-108,9,0
2026-01-16,SKU-108,16,0
2026-01-17,SKU-108,20,0
2026-01-18,SKU-108,10,0
2026-01-19,SKU-108,3,0
2026-01-20,SKU-108,9,1
2026-01-21,SKU-108,13,0
2026-01-22,SKU-108,5,0
2026-01-23,SKU-108,21,0
2026-01-24,SKU-108,22,0
2026-01-25,SKU-108,11,0
2026-01-26,SKU-108,5,0
2026-01-27,SKU-108,4,0
2026-01-28,SKU-108,18,0
2026-01-29,SKU-108,10,0
2026-01-30,SKU-108,9,0
2026-01-31,SKU-108,16,0
2026-02-01,SKU-108,9,0
2026-02-02,SKU-108,8,0
2026-02-03,SKU-108,5,0
2026-02-04,SKU-108,12,0
2026-02-05,SKU-108,3,0
2026-02-06,SKU-108,13,0
2026-02-07,SKU-108,15,0
2026-02-08,SKU-108,10,0
2026-02-09,SKU-108,12,0
2026-02-10,SKU-108,10,0
2026-02-11,SKU-108,7,0
2026-02-12,SKU-108,7,0
2026-02-13,SKU-108,5,0
2026-02-14,SKU-108,25,0
2026-02-15,SKU-108,31,0
2026-02-16,SKU-108,5,0
2026-02-17,SKU-108,6,1
2026-02-18,SKU-108,11,0
2026-02-19,SKU-108,4,0
2026-02-20,SKU-108,12,0
2026-02-21,SKU-108,17,0
2026-02-22,SKU-108,16,0
2026-02-23,SKU-108,7,0
2026-02-24,SKU-108,9,0
2026-02-25,SKU-108,19,0
2026-02-26,SKU-108,8,0
2026-02-27,SKU-108,13,0
2026-02-28,SKU-108,28,0
2026-03-01,SKU-108,7,0
2026-03-02,SKU-108,14,0
2026-03-03,SKU-108,14,0
2026-03-04,SKU-108,8,1
2026-03-05,SKU-108,6,0
2026-03-06,SKU-108,10,0
2026-03-07,SKU-108,12,0
2026-03-08,SKU-108,15,0
2026-03-09,SKU-108,15,0
2026-03-10,SKU-108,9,0
2026-03-11,SKU-108,22,1
2026-03-12,SKU-108,3,0
2026-03-13,SKU-108,6,0
2026-03-14,SKU-108,7,0
2026-03-15,SKU-108,7,0
2026-03-16,SKU-108,8,0
2026-03-17,SKU-108,8,0
2026-03-18,SKU-108,5,0
2026-03-19,SKU-108,5,0
2026-03-20,SKU-108,11,0
2026-03-21,SKU-108,20,0
2026-03-22,SKU-108,8,0
2026-03-23,SKU-108,20,0
2026-03-24,SKU-108,1,0
2026-03-25,SKU-108,11,0
2026-03-26,SKU-108,7,0
2026-03-27,SKU-108,11,0
2026-03-28,SKU-108,6,0
2026-03-29,SKU-108,18,0
2026-03-30,SKU-108,10,0
2026-03-31,SKU-108,7,0
2026-04-01,SKU-108,8,0
2026-04-02,SKU-108,3,0
2026-04-03,SKU-108,15,0
2026-04-04,SKU-108,15,0
2026-04-05,SKU-108,10,0
2026-04-06,SKU-108,7,0
2026-04-07,SKU-108,4,0
2026-04-08,SKU-108,4,0
2026-04-09,SKU-108,17,0
2026-04-10,SKU-108,7,0
2026-04-11,SKU-108,19,0
2026-04-12,SKU-108,16,0
2026-04-13,SKU-108,6,0
2026-04-14,SKU-108,3,0
2026-04-15,SKU-108,16,0
2026-04-16,SKU-108,13,0
2026-04-17,SKU-108,7,0
2026-04-18,SKU-108,9,0
2026-04-19,SKU-108,14,0
2026-04-20,SKU-108,9,0
2026-04-21,SKU-108,10,0
2026-04-22,SKU-108,10,0
2026-04-23,SKU-108,10,0
2026-04-24,SKU-108,11,0
2026-04-25,SKU-108,11,0
2026-04-26,SKU-108,6,0
2026-04-27,SKU-108,6,0
2026-04-28,SKU-108,12,0
2026-04-29,SKU-108,5,0
2026-04-30,SKU-108,12,0
2026-05-01,SKU-108,5,1
2026-05-02,SKU-108,7,0
2026-05-03,SKU-108,12,0
2026-05-04,SKU-108,3,0
2026-05-05,SKU-108,17,0
2026-05-06,SKU-108,10,0
2026-05-07,SKU-108,11,0
2026-05-08,SKU-108,9,0
2026-05-09,SKU-108,5,0
2026-05-10,SKU-108,16,0
2026-05-11,SKU-108,8,0
2026-05-12,SKU-108,16,0
2026-05-13,SKU-108,4,0
2026-05-14,SKU-108,3,0
2026-05-15,SKU-108,7,0
2026-05-16,SKU-108,18,0
2026-05-17,SKU-108,15,0
2026-05-18,SKU-108,3,0
2026-05-19,SKU-108,9,0
2026-05-20,SKU-108,11,0
2026-05-21,SKU-108,11,0
2026-05-22,SKU-108,9,0
2026-05-23,SKU-108,18,1
2026-05-24,SKU-108,10,0
2026-05-25,SKU-108,22,0
2026-05-26,SKU-108,12,0
2026-05-27,SKU-108,15,0
2026-05-28,SKU-108,10,0
2026-05-29,SKU-108,14,0
2026-05-30,SKU-108,6,0
2026-05-31,SKU-108,14,0
2026-06-01,SKU-108,8,0
2026-06-02,SKU-108,15,0
2026-06-03,SKU-108,6,0
2026-06-04,SKU-108,10,0
2026-06-05,SKU-108,8,0
2026-06-06,SKU-108,25,0
2026-06-07,SKU-108,15,0
2026-06-08,SKU-108,8,0
2026-06-09,SKU-108,6,0
2026-06-10,SKU-108,20,0
2026-06-11,SKU-108,11,0
2026-06-12,SKU-108,13,0
2026-06-13,SKU-108,19,0
2026-06-14,SKU-108,15,0
2026-06-15,SKU-108,13,0
2026-06-16,SKU-108,20,0
2026-06-17,SKU-108,12,0
2026-06-18,SKU-108,7,0
2026-06-19,SKU-108,6,0
2026-06-20,SKU-108,17,0
2026-06-21,SKU-108,11,0
2026-06-22,SKU-108,7,0
2026-06-23,SKU-108,10,0
2026-06-24,SKU-108,8,0
2026-06-25,SKU-108,14,0
2026-06-26,SKU-108,7,0
2026-06-27,SKU-108,18,0
2026-06-28,SKU-108,18,0
2026-06-29,SKU-108,15,0
2026-06-30,SKU-108,9,0
2026-07-01,SKU-108,15,0
2026-07-02,SKU-108,6,0
2026-07-03,SKU-108,7,0
2026-07-04,SKU-108,11,0
2026-07-05,SKU-108,13,0
2026-07-06,SKU-108,18,0
2026-07-07,SKU-108,10,0
2026-07-08,SKU-108,7,0
2026-07-09,SKU-108,6,0
2026-07-10,SKU-108,8,1
2026-07-11,SKU-108,9,0
2026-07-12,SKU-108,15,0
2026-07-13,SKU-108,16,0
2026-07-14,SKU-108,8,0
2026-07-15,SKU-108,9,0
2026-07-16,SKU-108,7,0
2026-07-17,SKU-108,11,0
2026-07-18,SKU-108,6,0
2026-07-19,SKU-108,9,0
2026-07-20,SKU-108,3,0
2026-07-21,SKU-108,16,1
2026-07-22,SKU-108,2,0
2026-07-23,SKU-108,5,0
2026-07-24,SKU-108,6,0
2026-07-25,SKU-108,12,0
2026-07-26,SKU-108,16,1
2026-07-27,SKU-108,11,0
2026-07-28,SKU-108,13,0
2026-07-29,SKU-108,11,0
2026-07-30,SKU-108,29,0
2026-07-31,SKU-108,6,0
2026-08-01,SKU-108,7,0
2026-08-02,SKU-108,13,0
2026-08-03,SKU-108,12,0
2026-08-04,SKU-108,12,0
2026-08-05,SKU-108,7,0
2026-08-06,SKU-108,18,0
2026-08-07,SKU-108,10,0
2026-08-08,SKU-108,13,0
2026-08-09,SKU-108,25,0
2026-08-10,SKU-108,12,0
2026-08-11,SKU-108,7,0
2026-08-12,SKU-108,6,0
2026-08-13,SKU-108,13,0
2026-08-14,SKU-108,10,0
2026-08-15,SKU-108,12,0
2026-08-16,SKU-108,24,0
2026-08-17,SKU-108,17,0
2026-08-18,SKU-108,17,1
2026-08-19,SKU-108,13,0
2026-08-20,SKU-108,8,0
2026-08-21,SKU-108,23,0
2026-08-22,SKU-108,15,0
2026-08-23,SKU-108,11,0
2026-08-24,SKU-108,18,1
2026-08-25,SKU-108,14,0
2026-08-26,SKU-108,6,0
2026-08-27,SKU-108,10,0
2026-08-28,SKU-108,11,0
2026-08-29,SKU-108,7,0
2026-08-30,SKU-108,17,0
2026-08-31,SKU-108,8,0
2026-09-01,SKU-108,8,0
2026-09-02,SKU-108,7,0
2026-09-03,SKU-108,11,0
2026-09-04,SKU-108,7,0
2026-09-05,SKU-108,12,0
2026-09-06,SKU-108,19,0
2026-09-07,SKU-108,12,0
2026-09-08,SKU-108,5,0
2026-09-09,SKU-108,7,0
2026-09-10,SKU-108,34,0
2026-09-11,SKU-108,7,1
2026-09-12,SKU-108,19,0
2026-09-13,SKU-108,10,0
2026-09-14,SKU-108,8,0
2026-09-15,SKU-108,8,0
2026-09-16,SKU-108,16,0
2026-09-17,SKU-108,11,0
2026-09-18,SKU-108,4,0
2026-09-19,SKU-108,10,0
2026-09-20,SKU-108,21,0
2026-09-21,SKU-108,12,0
2026-09-22,SKU-108,17,0
2026-09-23,SKU-108,6,0
2026-09-24,SKU-108,12,0
2026-09-25,SKU-108,7,0
2026-09-26,SKU-108,30,0
2026-09-27,SKU-108,16,0
2026-09-28,SKU-108,10,0
2026-09-29,SKU-108,13,1
2026-09-30,SKU-108,6,0
2024-10-01,SKU-109,7,0
2024-10-02,SKU-109,7,0
2024-10-03,SKU-109,7,0
2024-10-04,SKU-109,7,0
2024-10-05,SKU-109,13,0
2024-10-06,SKU-109,7,0
2024-10-07,SKU-109,9,0
2024-10-08,SKU-109,0,0
2024-10-09,SKU-109,3,0
2024-10-10,SKU-109,5,0
2024-10-11,SKU-109,13,0
2024-10-12,SKU-109,19,0
2024-10-13,SKU-109,11,0
2024-10-14,SKU-109,10,0
2024-10-15,SKU-109,8,0
2024-10-16,SKU-109,11,0
2024-10-17,SKU-109,3,0
2024-10-18,SKU-109,5,0
2024-10-19,SKU-109,18,0
2024-10-20,SKU-109,10,0
2024-10-21,SKU-109,8,0
2024-10-22,SKU-109,3,0
2024-10-23,SKU-109,10,0
2024-10-24,SKU-109,8,0
2024-10-25,SKU-109,2,0
2024-10-26,SKU-109,11,0
2024-10-27,SKU-109,5,0
2024-10-28,SKU-109,11,0
2024-10-29,SKU-109,5,0
2024-10-30,SKU-109,4,0
2024-10-31,SKU-109,9,0
2024-11-01,SKU-109,1,0
2024-11-02,SKU-109,10,0
2024-11-03,SKU-109,15,1
2024-11-04,SKU-109,1,0
2024-11-05,SKU-109,8,0
2024-11-06,SKU-109,10,0
2024-11-07,SKU-109,9,0
2024-11-08,SKU-109,11,0
2024-11-09,SKU-109,10,0
2024-11-10,SKU-109,11,0
2024-11-11,SKU-109,17,1
2024-11-12,SKU-109,4,0
2024-11-13,SKU-109,2,0
2024-11-14,SKU-109,2,0
2024-11-15,SKU-109,9,0
2024-11-16,SKU-109,9,0
2024-11-17,SKU-109,4,0
2024-11-18,SKU-109,12,0
2024-11-19,SKU-109,6,1
2024-11-20,SKU-109,5,0
2024-11-21,SKU-109,3,0
2024-11-22,SKU-109,7,0
2024-11-23,SKU-109,2,0
2024-11-24,SKU-109,15,0
2024-11-25,SKU-109,8,0
2024-11-26,SKU-109,10,0
2024-11-27,SKU-109,6,0
2024-11-28,SKU-109,4,0
2024-11-29,SKU-109,6,0
2024-11-30,SKU-109,5,0
2024-12-01,SKU-109,12,0
2024-12-02,SKU-109,4,0
2024-12-03,SKU-109,6,1
2024-12-04,SKU-109,4,0
2024-12-05,SKU-109,7,0
2024-12-06,SKU-109,7,0
2024-12-07,SKU-109,7,0
2024-12-08,SKU-109,6,0
2024-12-09,SKU-109,8,0
2024-12-10,SKU-109,8,0
2024-12-11,SKU-109,2,0
2024-12-12,SKU-109,17,1
2024-12-13,SKU-109,4,0
2024-12-14,SKU-109,5,0
2024-12-15,SKU-109,5,0
2024-12-16,SKU-109,3,0
2024-12-17,SKU-109,6,0
2024-12-18,SKU-109,8,0
2024-12-19,SKU-109,11,0
2024-12-20,SKU-109,0,0
2024-12-21,SKU-109,8,0
2024-12-22,SKU-109,5,0
2024-12-23,SKU-109,1,1
2024-12-24,SKU-109,2,0
2024-12-25,SKU-109,8,0
2024-12-26,SKU-109,7,0
2024-12-27,SKU-109,10,0
2024-12-28,SKU-109,12,0
2024-12-29,SKU-109,5,0
2024-12-30,SKU-109,1,0
2024-12-31,SKU-109,5,0
2025-01-01,SKU-109,12,0
2025-01-02,SKU-109,10,0
2025-01-03,SKU-109,7,0
2025-01-04,SKU-109,13,0
2025-01-05,SKU-109,0,0
2025-01-06,SKU-109,8,0
2025-01-07,SKU-109,4,0
2025-01-08,SKU-109,3,0
2025-01-09,SKU-109,4,0
2025-01-10,SKU-109,9,0
2025-01-11,SKU-109,7,0
2025-01-12,SKU-109,6,0
2025-01-13,SKU-109,8,0
2025-01-14,SKU-109,5,0
2025-01-15,SKU-109,4,0
2025-01-16,SKU-109,4,0
2025-01-17,SKU-109,2,0
2025-01-18,SKU-109,4,0
2025-01-19,SKU-109,9,0
2025-01-20,SKU-109,11,0
2025-01-21,SKU-109,3,0
2025-01-22,SKU-109,12,0
2025-01-23,SKU-109,3,0
2025-01-24,SKU-109,8,0
2025-01-25,SKU-109,6,0
2025-01-26,SKU-109,15,0
2025-01-27,SKU-109,12,0
2025-01-28,SKU-109,4,0
2025-01-29,SKU-109,3,0
2025-01-30,SKU-109,12,0
2025-01-31,SKU-109,9,0
2025-02-01,SKU-109,5,0
2025-02-02,SKU-109,11,0
2025-02-03,SKU-109,3,0
2025-02-04,SKU-109,13,0
2025-02-05,SKU-109,12,0
2025-02-06,SKU-109,8,0
2025-02-07,SKU-109,7,0
2025-02-08,SKU-109,15,0
2025-02-09,SKU-109,15,0
2025-02-10,SKU-109,8,0
2025-02-11,SKU-109,7,0
2025-02-12,SKU-109,5,0
2025-02-13,SKU-109,3,0
2025-02-14,SKU-109,11,0
2025-02-15,SKU-109,4,0
2025-02-16,SKU-109,12,0
2025-02-17,SKU-109,6,0
2025-02-18,SKU-109,7,0
2025-02-19,SKU-109,3,0
2025-02-20,SKU-109,2,0
2025-02-21,SKU-109,4,0
2025-02-22,SKU-109,2,0
2025-02-23,SKU-109,6,0
2025-02-24,SKU-109,8,0
2025-02-25,SKU-109,11,0
2025-02-26,SKU-109,2,0
2025-02-27,SKU-109,7,0
2025-02-28,SKU-109,0,0
2025-03-01,SKU-109,9,0
2025-03-02,SKU-109,11,0
2025-03-03,SKU-109,3,0
2025-03-04,SKU-109,8,0
2025-03-05,SKU-109,10,0
2025-03-06,SKU-109,7,0
2025-03-07,SKU-109,4,0
2025-03-08,SKU-109,8,0
2025-03-09,SKU-109,5,0
2025-03-10,SKU-109,3,0
2025-03-11,SKU-109,5,0
2025-03-12,SKU-109,7,0
2025-03-13,SKU-109,8,0
2025-03-14,SKU-109,9,0
2025-03-15,SKU-109,6,0
2025-03-16,SKU-109,10,1
2025-03-17,SKU-109,7,0
2025-03-18,SKU-109,3,0
2025-03-19,SKU-109,2,0
2025-03-20,SKU-109,10,1
2025-03-21,SKU-109,9,0
2025-03-22,SKU-109,6,1
2025-03-23,SKU-109,4,0
2025-03-24,SKU-109,6,0
2025-03-25,SKU-109,6,0
2025-03-26,SKU-109,7,0
2025-03-27,SKU-109,5,0
2025-03-28,SKU-109,6,0
2025-03-29,SKU-109,17,0
2025-03-30,SKU-109,14,1
2025-03-31,SKU-109,3,0
2025-04-01,SKU-109,4,0
2025-04-02,SKU-109,4,0
2025-04-03,SKU-109,8,0
2025-04-04,SKU-109,4,0
2025-04-05,SKU-109,10,0
2025-04-06,SKU-109,16,0
2025-04-07,SKU-109,7,0
2025-04-08,SKU-109,4,0
2025-04-09,SKU-109,13,1
2025-04-10,SKU-109,8,0
2025-04-11,SKU-109,9,0
2025-04-12,SKU-109,7,0
2025-04-13,SKU-109,7,0
2025-04-14,SKU-109,3,0
2025-04-15,SKU-109,1,0
2025-04-16,SKU-109,13,0
2025-04-17,SKU-109,8,0
2025-04-18,SKU-109,6,0
2025-04-19,SKU-109,7,0
2025-04-20,SKU-109,9,0
2025-04-21,SKU-109,6,0
2025-04-22,SKU-109,5,0
2025-04-23,SKU-109,2,0
2025-04-24,SKU-109,3,0
2025-04-25,SKU-109,9,0
2025-04-26,SKU-109,5,0
2025-04-27,SKU-109,7,1
2025-04-28,SKU-109,0,0
2025-04-29,SKU-109,8,0
2025-04-30,SKU-109,1,0
2025-05-01,SKU-109,1,0
2025-05-02,SKU-109,1,0
2025-05-03,SKU-109,3,0
2025-05-04,SKU-109,9,0
2025-05-05,SKU-109,4,0
2025-05-06,SKU-109,4,0
2025-05-07,SKU-109,4,0
2025-05-08,SKU-109,2,0
2025-05-09,SKU-109,4,0
2025-05-10,SKU-109,3,0
2025-05-11,SKU-109,4,0
2025-05-12,SKU-109,3,0
2025-05-13,SKU-109,7,0
2025-05-14,SKU-109,2,0
2025-05-15,SKU-109,6,0
2025-05-16,SKU-109,7,0
2025-05-17,SKU-109,9,0
2025-05-18,SKU-109,5,0
2025-05-19,SKU-109,1,0
2025-05-20,SKU-109,9,0
2025-05-21,SKU-109,6,1
2025-05-22,SKU-109,2,0
2025-05-23,SKU-109,2,0
2025-05-24,SKU-109,4,0
2025-05-25,SKU-109,6,0
2025-05-26,SKU-109,4,0
2025-05-27,SKU-109,7,0
2025-05-28,SKU-109,2,0
2025-05-29,SKU-109,5,0
2025-05-30,SKU-109,1,0
2025-05-31,SKU-109,11,0
2025-06-01,SKU-109,9,0
2025-06-02,SKU-109,7,0
2025-06-03,SKU-109,2,0
2025-06-04,SKU-109,7,0
2025-06-05,SKU-109,0,0
2025-06-06,SKU-109,2,0
2025-06-07,SKU-109,2,0
2025-06-08,SKU-109,4,0
2025-06-09,SKU-109,9,1
2025-06-10,SKU-109,5,0
2025-06-11,SKU-109,5,0
2025-06-12,SKU-109,4,0
2025-06-13,SKU-109,4,0
2025-06-14,SKU-109,4,0
2025-06-15,SKU-109,11,0
2025-06-16,SKU-109,6,0
2025-06-17,SKU-109,9,1
2025-06-18,SKU-109,2,0
2025-06-19,SKU-109,1,0
2025-06-20,SKU-109,10,1
2025-06-21,SKU-109,2,0
2025-06-22,SKU-109,7,0
2025-06-23,SKU-109,2,0
2025-06-24,SKU-109,4,0
2025-06-25,SKU-109,6,0
2025-06-26,SKU-109,5,0
2025-06-27,SKU-109,4,0
2025-06-28,SKU-109,6,0
2025-06-29,SKU-109,18,1
2025-06-30,SKU-109,3,0
2025-07-01,SKU-109,2,0
2025-07-02,SKU-109,3,0
2025-07-03,SKU-109,7,0
2025-07-04,SKU-109,6,0
2025-07-05,SKU-109,5,0
2025-07-06,SKU-109,9,0
2025-07-07,SKU-109,5,0
2025-07-08,SKU-109,2,0
2025-07-09,SKU-109,6,0
2025-07-10,SKU-109,6,0
2025-07-11,SKU-109,2,0
2025-07-12,SKU-109,9,0
2025-07-13,SKU-109,9,0
2025-07-14,SKU-109,14,0
2025-07-15,SKU-109,6,0
2025-07-16,SKU-109,9,0
2025-07-17,SKU-109,5,0
2025-07-18,SKU-109,12,0
2025-07-19,SKU-109,8,0
2025-07-20,SKU-109,10,1
2025-07-21,SKU-109,2,0
2025-07-22,SKU-109,7,0
2025-07-23,SKU-109,8,0
2025-07-24,SKU-109,6,0
2025-07-25,SKU-109,11,0
2025-07-26,SKU-109,11,0
2025-07-27,SKU-109,4,0
2025-07-28,SKU-109,6,0
2025-07-29,SKU-109,6,0
2025-07-30,SKU-109,7,1
2025-07-31,SKU-109,1,0
2025-08-01,SKU-109,5,0
2025-08-02,SKU-109,14,0
2025-08-03,SKU-109,5,0
2025-08-04,SKU-109,6,0
2025-08-05,SKU-109,2,0
2025-08-06,SKU-109,1,0
2025-08-07,SKU-109,8,0
2025-08-08,SKU-109,3,0
2025-08-09,SKU-109,11,0
2025-08-10,SKU-109,9,0
2025-08-11,SKU-109,4,0
2025-08-12,SKU-109,4,0
2025-08-13,SKU-109,5,0
2025-08-14,SKU-109,8,0
2025-08-15,SKU-109,11,0
2025-08-16,SKU-109,12,0
2025-08-17,SKU-109,16,0
2025-08-18,SKU-109,7,1
2025-08-19,SKU-109,6,0
2025-08-20,SKU-109,6,0
2025-08-21,SKU-109,6,0
2025-08-22,SKU-109,3,0
2025-08-23,SKU-109,13,0
2025-08-24,SKU-109,1,0
2025-08-25,SKU-109,4,0
2025-08-26,SKU-109,2,0
2025-08-27,SKU-109,7,1
2025-08-28,SKU-109,0,0
2025-08-29,SKU-109,2,0
2025-08-30,SKU-109,12,1
2025-08-31,SKU-109,13,0
2025-09-01,SKU-109,6,0
2025-09-02,SKU-109,2,0
2025-09-03,SKU-109,10,0
2025-09-04,SKU-109,5,0
2025-09-05,SKU-109,9,1
2025-09-06,SKU-109,4,0
2025-09-07,SKU-109,4,0
2025-09-08,SKU-109,5,0
2025-09-09,SKU-109,5,0
2025-09-10,SKU-109,4,0
2025-09-11,SKU-109,4,0
2025-09-12,SKU-109,1,0
2025-09-13,SKU-109,5,0
2025-09-14,SKU-109,8,0
2025-09-15,SKU-109,4,0
2025-09-16,SKU-109,4,0
2025-09-17,SKU-109,3,0
2025-09-18,SKU-109,4,0
2025-09-19,SKU-109,7,0
2025-09-20,SKU-109,6,1
2025-09-21,SKU-109,7,0
2025-09-22,SKU-109,3,0
2025-09-23,SKU-109,6,0
2025-09-24,SKU-109,4,0
2025-09-25,SKU-109,6,1
2025-09-26,SKU-109,2,0
2025-09-27,SKU-109,2,0
2025-09-28,SKU-109,9,0
2025-09-29,SKU-109,5,0
2025-09-30,SKU-109,5,0
2025-10-01,SKU-109,24,0
2025-10-02,SKU-109,10,1
2025-10-03,SKU-109,11,0
2025-10-04,SKU-109,12,0
2025-10-05,SKU-109,4,0
2025-10-06,SKU-109,13,0
2025-10-07,SKU-109,9,0
2025-10-08,SKU-109,8,0
2025-10-09,SKU-109,13,0
2025-10-10,SKU-109,4,0
2025-10-11,SKU-109,7,0
2025-10-12,SKU-109,16,0
2025-10-13,SKU-109,6,0
2025-10-14,SKU-109,5,0
2025-10-15,SKU-109,5,0
2025-10-16,SKU-109,5,0
2025-10-17,SKU-109,5,0
2025-10-18,SKU-109,9,0
2025-10-19,SKU-109,7,0
2025-10-20,SKU-109,6,0
2025-10-21,SKU-109,5,0
2025-10-22,SKU-109,6,0
2025-10-23,SKU-109,7,0
2025-10-24,SKU-109,5,0
2025-10-25,SKU-109,4,0
2025-10-26,SKU-109,9,0
2025-10-27,SKU-109,9,1
2025-10-28,SKU-109,4,0
2025-10-29,SKU-109,10,0
2025-10-30,SKU-109,8,0
2025-10-31,SKU-109,4,0
2025-11-01,SKU-109,12,0
2025-11-02,SKU-109,11,0
2025-11-03,SKU-109,13,0
2025-11-04,SKU-109,3,0
2025-11-05,SKU-109,8,0
2025-11-06,SKU-109,6,0
2025-11-07,SKU-109,8,0
2025-11-08,SKU-109,4,0
2025-11-09,SKU-109,10,0
2025-11-10,SKU-109,0,0
2025-11-11,SKU-109,6,0
2025-11-12,SKU-109,4,0
2025-11-13,SKU-109,5,0
2025-11-14,SKU-109,6,0
2025-11-15,SKU-109,12,0
2025-11-16,SKU-109,8,0
2025-11-17,SKU-109,1,0
2025-11-18,SKU-109,10,0
2025-11-19,SKU-109,7,0
2025-11-20,SKU-109,4,0
2025-11-21,SKU-109,9,0
2025-11-22,SKU-109,4,0
2025-11-23,SKU-109,15,1
2025-11-24,SKU-109,9,0
2025-11-25,SKU-109,5,0
2025-11-26,SKU-109,6,0
2025-11-27,SKU-109,7,0
2025-11-28,SKU-109,10,0
2025-11-29,SKU-109,10,0
2025-11-30,SKU-109,6,0
2025-12-01,SKU-109,7,0
2025-12-02,SKU-109,10,0
2025-12-03,SKU-109,3,0
2025-12-04,SKU-109,9,0
2025-12-05,SKU-109,5,0
2025-12-06,SKU-109,13,0
2025-12-07,SKU-109,3,0
2025-12-08,SKU-109,8,0
2025-12-09,SKU-109,5,0
2025-12-10,SKU-109,5,0
2025-12-11,SKU-109,13,0
2025-12-12,SKU-109,5,0
2025-12-13,SKU-109,3,0
2025-12-14,SKU-109,8,0
2025-12-15,SKU-109,5,0
2025-12-16,SKU-109,12,0
2025-12-17,SKU-109,5,0
2025-12-18,SKU-109,4,0
2025-12-19,SKU-109,1,0
2025-12-20,SKU-109,5,0
2025-12-21,SKU-109,12,1
2025-12-22,SKU-109,7,1
2025-12-23,SKU-109,10,0
2025-12-24,SKU-109,7,0
2025-12-25,SKU-109,5,0
2025-12-26,SKU-109,7,0
2025-12-27,SKU-109,11,0
2025-12-28,SKU-109,14,0
2025-12-29,SKU-109,4,0
2025-12-30,SKU-109,6,0
2025-12-31,SKU-109,10,0
2026-01-01,SKU-109,8,0
2026-01-02,SKU-109,2,0
2026-01-03,SKU-109,7,0
2026-01-04,SKU-109,9,0
2026-01-05,SKU-109,8,0
2026-01-06,SKU-109,10,0
2026-01-07,SKU-109,2,0
2026-01-08,SKU-109,12,1
2026-01-09,SKU-109,10,0
2026-01-10,SKU-109,6,0
2026-01-11,SKU-109,3,0
2026-01-12,SKU-109,6,0
2026-01-13,SKU-109,3,0
2026-01-14,SKU-109,8,0
2026-01-15,SKU-109,0,0
2026-01-16,SKU-109,8,1
2026-01-17,SKU-109,7,0
2026-01-18,SKU-109,7,0
2026-01-19,SKU-109,9,0
2026-01-20,SKU-109,3,0
2026-01-21,SKU-109,7,1
2026-01-22,SKU-109,6,0
2026-01-23,SKU-109,1,0
2026-01-24,SKU-109,6,0
2026-01-25,SKU-109,8,0
2026-01-26,SKU-109,3,0
2026-01-27,SKU-109,4,0
2026-01-28,SKU-109,5,0
2026-01-29,SKU-109,4,0
2026-01-30,SKU-109,4,0
2026-01-31,SKU-109,11,0
2026-02-01,SKU-109,7,0
2026-02-02,SKU-109,6,0
2026-02-03,SKU-109,6,0
2026-02-04,SKU-109,4,0
2026-02-05,SKU-109,9,0
2026-02-06,SKU-109,7,0
2026-02-07,SKU-109,11,0
2026-02-08,SKU-109,6,0
2026-02-09,SKU-109,8,0
2026-02-10,SKU-109,4,0
2026-02-11,SKU-109,9,0
2026-02-12,SKU-109,10,0
2026-02-13,SKU-109,5,0
2026-02-14,SKU-109,10,1
2026-02-15,SKU-109,18,0
2026-02-16,SKU-109,6,0
2026-02-17,SKU-109,7,0
2026-02-18,SKU-109,2,0
2026-02-19,SKU-109,5,0
2026-02-20,SKU-109,13,0
2026-02-21,SKU-109,6,1
2026-02-22,SKU-109,11,0
2026-02-23,SKU-109,4,0
2026-02-24,SKU-109,6,0
2026-02-25,SKU-109,8,0
2026-02-26,SKU-109,2,0
2026-02-27,SKU-109,14,0
2026-02-28,SKU-109,4,0
2026-03-01,SKU-109,14,1
2026-03-02,SKU-109,4,0
2026-03-03,SKU-109,2,0
2026-03-04,SKU-109,4,0
2026-03-05,SKU-109,5,0
2026-03-06,SKU-109,10,0
2026-03-07,SKU-109,11,0
2026-03-08,SKU-109,9,0
2026-03-09,SKU-109,7,0
2026-03-10,SKU-109,3,0
2026-03-11,SKU-109,9,0
2026-03-12,SKU-109,5,0
2026-03-13,SKU-109,9,0
2026-03-14,SKU-109,2,0
2026-03-15,SKU-109,4,0
2026-03-16,SKU-109,1,0
2026-03-17,SKU-109,4,0
2026-03-18,SKU-109,9,0
2026-03-19,SKU-109,9,0
2026-03-20,SKU-109,5,0
2026-03-21,SKU-109,7,0
2026-03-22,SKU-109,6,0
2026-03-23,SKU-109,11,0
2026-03-24,SKU-109,14,0
2026-03-25,SKU-109,7,0
2026-03-26,SKU-109,8,0
2026-03-27,SKU-109,6,0
2026-03-28,SKU-109,11,0
2026-03-29,SKU-109,6,0
2026-03-30,SKU-109,1,0
2026-03-31,SKU-109,5,0
2026-04-01,SKU-109,6,0
2026-04-02,SKU-109,1,0
2026-04-03,SKU-109,9,0
2026-04-04,SKU-109,6,0
2026-04-05,SKU-109,4,0
2026-04-06,SKU-109,9,0
2026-04-07,SKU-109,2,0
2026-04-08,SKU-109,6,0
2026-04-09,SKU-109,8,0
2026-04-10,SKU-109,12,0
2026-04-11,SKU-109,6,0
2026-04-12,SKU-109,6,0
2026-04-13,SKU-109,1,0
2026-04-14,SKU-109,9,0
2026-04-15,SKU-109,4,0
2026-04-16,SKU-109,10,0
2026-04-17,SKU-109,14,0
2026-04-18,SKU-109,7,0
2026-04-19,SKU-109,5,0
2026-04-20,SKU-109,5,0
2026-04-21,SKU-109,6,1
2026-04-22,SKU-109,2,0
2026-04-23,SKU-109,13,0
2026-04-24,SKU-109,5,0
2026-04-25,SKU-109,7,0
2026-04-26,SKU-109,7,0
2026-04-27,SKU-109,3,0
2026-04-28,SKU-109,6,0
2026-04-29,SKU-109,8,1
2026-04-30,SKU-109,8,0
2026-05-01,SKU-109,14,0
2026-05-02,SKU-109,3,0
2026-05-03,SKU-109,1,0
2026-05-04,SKU-109,6,1
2026-05-05,SKU-109,2,0
2026-05-06,SKU-109,3,0
2026-05-07,SKU-109,6,1
2026-05-08,SKU-109,11,0
2026-05-09,SKU-109,6,1
2026-05-10,SKU-109,10,0
2026-05-11,SKU-109,4,0
2026-05-12,SKU-109,6,0
2026-05-13,SKU-109,2,0
2026-05-14,SKU-109,9,0
2026-05-15,SKU-109,3,0
2026-05-16,SKU-109,7,0
2026-05-17,SKU-109,5,0
2026-05-18,SKU-109,9,0
2026-05-19,SKU-109,7,0
2026-05-20,SKU-109,9,0
2026-05-21,SKU-109,3,0
2026-05-22,SKU-109,7,0
2026-05-23,SKU-109,3,0
2026-05-24,SKU-109,13,0
2026-05-25,SKU-109,7,0
2026-05-26,SKU-109,5,0
2026-05-27,SKU-109,4,0
2026-05-28,SKU-109,8,0
2026-05-29,SKU-109,4,0
2026-05-30,SKU-109,5,0
2026-05-31,SKU-109,10,0
2026-06-01,SKU-109,3,0
2026-06-02,SKU-109,3,0
2026-06-03,SKU-109,9,0
2026-06-04,SKU-109,4,0
2026-06-05,SKU-109,1,0
2026-06-06,SKU-109,9,0
2026-06-07,SKU-109,4,0
2026-06-08,SKU-109,7,0
2026-06-09,SKU-109,7,0
2026-06-10,SKU-109,5,0
2026-06-11,SKU-109,7,0
2026-06-12,SKU-109,21,0
2026-06-13,SKU-109,15,0
2026-06-14,SKU-109,7,0
2026-06-15,SKU-109,5,0
2026-06-16,SKU-109,11,1
2026-06-17,SKU-109,8,0
2026-06-18,SKU-109,2,0
2026-06-19,SKU-109,5,0
2026-06-20,SKU-109,13,0
2026-06-21,SKU-109,3,0
2026-06-22,SKU-109,1,0
2026-06-23,SKU-109,6,0
2026-06-24,SKU-109,10,0
2026-06-25,SKU-109,4,0
2026-06-26,SKU-109,6,0
2026-06-27,SKU-109,5,0
2026-06-28,SKU-109,10,0
2026-06-29,SKU-109,3,0
2026-06-30,SKU-109,11,0
2026-07-01,SKU-109,5,0
2026-07-02,SKU-109,10,1
2026-07-03,SKU-109,3,0
2026-07-04,SKU-109,5,0
2026-07-05,SKU-109,8,0
2026-07-06,SKU-109,4,0
2026-07-07,SKU-109,0,0
2026-07-08,SKU-109,18,0
2026-07-09,SKU-109,5,0
2026-07-10,SKU-109,11,0
2026-07-11,SKU-109,9,0
2026-07-12,SKU-109,6,0
2026-07-13,SKU-109,10,0
2026-07-14,SKU-109,2,0
2026-07-15,SKU-109,3,0
2026-07-16,SKU-109,3,0
2026-07-17,SKU-109,4,0
2026-07-18,SKU-109,8,0
2026-07-19,SKU-109,13,0
2026-07-20,SKU-109,6,0
2026-07-21,SKU-109,2,0
2026-07-22,SKU-109,7,0
2026-07-23,SKU-109,13,0
2026-07-24,SKU-109,10,1
2026-07-25,SKU-109,5,0
2026-07-26,SKU-109,11,1
2026-07-27,SKU-109,6,0
2026-07-28,SKU-109,6,0
2026-07-29,SKU-109,10,1
2026-07-30,SKU-109,8,0
2026-07-31,SKU-109,5,0
2026-08-01,SKU-109,8,0
2026-08-02,SKU-109,4,0
2026-08-03,SKU-109,5,0
2026-08-04,SKU-109,9,0
2026-08-05,SKU-109,13,0
2026-08-06,SKU-109,9,0
2026-08-07,SKU-109,9,0
2026-08-08,SKU-109,5,0
2026-08-09,SKU-109,2,0
2026-08-10,SKU-109,6,0
2026-08-11,SKU-109,12,0
2026-08-12,SKU-109,4,0
2026-08-13,SKU-109,2,0
2026-08-14,SKU-109,10,0
2026-08-15,SKU-109,12,0
2026-08-16,SKU-109,3,0
2026-08-17,SKU-109,6,0
2026-08-18,SKU-109,6,0
2026-08-19,SKU-109,10,0
2026-08-20,SKU-109,12,0
2026-08-21,SKU-109,3,0
2026-08-22,SKU-109,14,0
2026-08-23,SKU-109,13,0
2026-08-24,SKU-109,10,0
2026-08-25,SKU-109,4,0
2026-08-26,SKU-109,9,0
2026-08-27,SKU-109,7,0
2026-08-28,SKU-109,6,0
2026-08-29,SKU-109,4,0
2026-08-30,SKU-109,5,0
2026-08-31,SKU-109,4,1
2026-09-01,SKU-109,9,0
2026-09-02,SKU-109,7,0
2026-09-03,SKU-109,3,0
2026-09-04,SKU-109,9,0
2026-09-05,SKU-109,5,0
2026-09-06,SKU-109,10,0
2026-09-07,SKU-109,1,0
2026-09-08,SKU-109,6,0
2026-09-09,SKU-109,6,0
2026-09-10,SKU-109,1,0
2026-09-11,SKU-109,1,0
2026-09-12,SKU-109,5,0
2026-09-13,SKU-109,5,0
2026-09-14,SKU-109,1,0
2026-09-15,SKU-109,12,1
2026-09-16,SKU-109,2,0
2026-09-17,SKU-109,7,0
2026-09-18,SKU-109,4,0
2026-09-19,SKU-109,9,0
2026-09-20,SKU-109,8,0
2026-09-21,SKU-109,4,0
2026-09-22,SKU-109,4,0
2026-09-23,SKU-109,5,0
2026-09-24,SKU-109,11,0
2026-09-25,SKU-109,7,0
2026-09-26,SKU-109,8,0
2026-09-27,SKU-109,10,0
2026-09-28,SKU-109,5,0
2026-09-29,SKU-109,9,1
2026-09-30,SKU-109,7,0
2024-10-01,SKU-110,2,0
2024-10-02,SKU-110,0,0
2024-10-03,SKU-110,0,0
2024-10-04,SKU-110,2,1
2024-10-05,SKU-110,0,0
2024-10-06,SKU-110,1,0
2024-10-07,SKU-110,2,0
2024-10-08,SKU-110,1,0
2024-10-09,SKU-110,0,0
2024-10-10,SKU-110,0,0
2024-10-11,SKU-110,3,0
2024-10-12,SKU-110,1,1
2024-10-13,SKU-110,1,0
2024-10-14,SKU-110,2,0
2024-10-15,SKU-110,0,0
2024-10-16,SKU-110,1,0
2024-10-17,SKU-110,3,0
2024-10-18,SKU-110,0,0
2024-10-19,SKU-110,2,0
2024-10-20,SKU-110,4,0
2024-10-21,SKU-110,0,0
2024-10-22,SKU-110,1,1
2024-10-23,SKU-110,1,0
2024-10-24,SKU-110,0,0
2024-10-25,SKU-110,3,0
2024-10-26,SKU-110,2,0
2024-10-27,SKU-110,2,0
2024-10-28,SKU-110,1,0
2024-10-29,SKU-110,1,0
2024-10-30,SKU-110,0,0
2024-10-31,SKU-110,0,0
2024-11-01,SKU-110,3,0
2024-11-02,SKU-110,0,0
2024-11-03,SKU-110,2,0
2024-11-04,SKU-110,0,0
2024-11-05,SKU-110,1,1
2024-11-06,SKU-110,2,0
2024-11-07,SKU-110,0,0
2024-11-08,SKU-110,1,0
2024-11-09,SKU-110,1,0
2024-11-10,SKU-110,1,0
2024-11-11,SKU-110,1,0
2024-11-12,SKU-110,1,0
2024-11-13,SKU-110,1,0
2024-11-14,SKU-110,5,1
2024-11-15,SKU-110,1,0
2024-11-16,SKU-110,2,0
2024-11-17,SKU-110,1,0
2024-11-18,SKU-110,0,0
2024-11-19,SKU-110,0,0
2024-11-20,SKU-110,1,0
2024-11-21,SKU-110,0,0
2024-11-22,SKU-110,0,0
2024-11-23,SKU-110,1,0
2024-11-24,SKU-110,1,0
2024-11-25,SKU-110,1,0
2024-11-26,SKU-110,2,0
2024-11-27,SKU-110,1,0
2024-11-28,SKU-110,1,0
2024-11-29,SKU-110,2,0
2024-11-30,SKU-110,1,0
2024-12-01,SKU-110,1,0
2024-12-02,SKU-110,3,0
2024-12-03,SKU-110,0,0
2024-12-04,SKU-110,2,1
2024-12-05,SKU-110,0,0
2024-12-06,SKU-110,1,0
2024-12-07,SKU-110,1,0
2024-12-08,SKU-110,0,0
2024-12-09,SKU-110,0,0
2024-12-10,SKU-110,1,0
2024-12-11,SKU-110,1,0
2024-12-12,SKU-110,0,0
2024-12-13,SKU-110,0,0
2024-12-14,SKU-110,0,0
2024-12-15,SKU-110,2,0
2024-12-16,SKU-110,0,0
2024-12-17,SKU-110,1,0
2024-12-18,SKU-110,2,0
2024-12-19,SKU-110,0,0
2024-12-20,SKU-110,2,0
2024-12-21,SKU-110,0,0
2024-12-22,SKU-110,1,0
2024-12-23,SKU-110,2,0
2024-12-24,SKU-110,2,0
2024-12-25,SKU-110,0,0
2024-12-26,SKU-110,1,0
2024-12-27,SKU-110,0,0
2024-12-28,SKU-110,1,0
2024-12-29,SKU-110,0,0
2024-12-30,SKU-110,0,0
2024-12-31,SKU-110,1,0
2025-01-01,SKU-110,1,0
2025-01-02,SKU-110,4,0
2025-01-03,SKU-110,0,0
2025-01-04,SKU-110,3,0
2025-01-05,SKU-110,2,0
2025-01-06,SKU-110,0,0
2025-01-07,SKU-110,1,0
2025-01-08,SKU-110,0,0
2025-01-09,SKU-110,2,0
2025-01-10,SKU-110,0,0
2025-01-11,SKU-110,2,0
2025-01-12,SKU-110,1,0
2025-01-13,SKU-110,1,1
2025-01-14,SKU-110,0,0
2025-01-15,SKU-110,1,0
2025-01-16,SKU-110,0,0
2025-01-17,SKU-110,2,0
2025-01-18,SKU-110,1,0
2025-01-19,SKU-110,0,0
2025-01-20,SKU-110,0,0
2025-01-21,SKU-110,1,0
2025-01-22,SKU-110,0,0
2025-01-23,SKU-110,0,0
2025-01-24,SKU-110,1,0
2025-01-25,SKU-110,1,0
2025-01-26,SKU-110,1,1
2025-01-27,SKU-110,0,1
2025-01-28,SKU-110,1,0
2025-01-29,SKU-110,2,0
2025-01-30,SKU-110,2,0
2025-01-31,SKU-110,0,0
2025-02-01,SKU-110,1,0
2025-02-02,SKU-110,0,0
2025-02-03,SKU-110,2,1
2025-02-04,SKU-110,3,0
2025-02-05,SKU-110,1,0
2025-02-06,SKU-110,1,0
2025-02-07,SKU-110,0,0
2025-02-08,SKU-110,1,0
2025-02-09,SKU-110,1,0
2025-02-10,SKU-110,2,0
2025-02-11,SKU-110,2,0
2025-02-12,SKU-110,1,0
2025-02-13,SKU-110,1,0
2025-02-14,SKU-110,0,0
2025-02-15,SKU-110,1,0
2025-02-16,SKU-110,1,0
2025-02-17,SKU-110,2,0
2025-02-18,SKU-110,2,0
2025-02-19,SKU-110,0,0
2025-02-20,SKU-110,1,1
2025-02-21,SKU-110,1,0
2025-02-22,SKU-110,1,0
2025-02-23,SKU-110,0,0
2025-02-24,SKU-110,1,0
2025-02-25,SKU-110,2,0
2025-02-26,SKU-110,2,0
2025-02-27,SKU-110,0,0
2025-02-28,SKU-110,3,0
2025-03-01,SKU-110,0,0
2025-03-02,SKU-110,0,0
2025-03-03,SKU-110,0,0
2025-03-04,SKU-110,3,0
2025-03-05,SKU-110,1,0
2025-03-06,SKU-110,0,0
2025-03-07,SKU-110,2,0
2025-03-08,SKU-110,1,0
2025-03-09,SKU-110,3,0
2025-03-10,SKU-110,0,0
2025-03-11,SKU-110,2,0
2025-03-12,SKU-110,0,0
2025-03-13,SKU-110,0,1
2025-03-14,SKU-110,1,0
2025-03-15,SKU-110,0,0
2025-03-16,SKU-110,2,0
2025-03-17,SKU-110,0,0
2025-03-18,SKU-110,2,0
2025-03-19,SKU-110,1,0
2025-03-20,SKU-110,0,0
2025-03-21,SKU-110,1,0
2025-03-22,SKU-110,1,0
2025-03-23,SKU-110,1,0
2025-03-24,SKU-110,0,0
2025-03-25,SKU-110,0,0
2025-03-26,SKU-110,1,0
2025-03-27,SKU-110,1,0
2025-03-28,SKU-110,2,0
2025-03-29,SKU-110,0,0
2025-03-30,SKU-110,2,0
2025-03-31,SKU-110,1,0
2025-04-01,SKU-110,1,0
2025-04-02,SKU-110,0,0
2025-04-03,SKU-110,1,0
2025-04-04,SKU-110,0,0
2025-04-05,SKU-110,0,1
2025-04-06,SKU-110,1,0
2025-04-07,SKU-110,1,1
2025-04-08,SKU-110,1,0
2025-04-09,SKU-110,0,0
2025-04-10,SKU-110,0,0
2025-04-11,SKU-110,1,0
2025-04-12,SKU-110,0,0
2025-04-13,SKU-110,0,0
2025-04-14,SKU-110,1,0
2025-04-15,SKU-110,0,0
2025-04-16,SKU-110,1,0
2025-04-17,SKU-110,0,0
2025-04-18,SKU-110,0,1
2025-04-19,SKU-110,1,0
2025-04-20,SKU-110,2,1
2025-04-21,SKU-110,0,0
2025-04-22,SKU-110,1,0
2025-04-23,SKU-110,1,0
2025-04-24,SKU-110,3,1
2025-04-25,SKU-110,1,0
2025-04-26,SKU-110,1,0
2025-04-27,SKU-110,1,0
2025-04-28,SKU-110,0,0
2025-04-29,SKU-110,0,0
2025-04-30,SKU-110,2,0
2025-05-01,SKU-110,0,0
2025-05-02,SKU-110,3,0
2025-05-03,SKU-110,3,0
2025-05-04,SKU-110,3,0
2025-05-05,SKU-110,3,1
2025-05-06,SKU-110,0,0
2025-05-07,SKU-110,1,0
2025-05-08,SKU-110,1,0
2025-05-09,SKU-110,0,0
2025-05-10,SKU-110,0,0
2025-05-11,SKU-110,5,0
2025-05-12,SKU-110,0,0
2025-05-13,SKU-110,0,0
2025-05-14,SKU-110,0,0
2025-05-15,SKU-110,3,0
2025-05-16,SKU-110,0,1
2025-05-17,SKU-110,1,0
2025-05-18,SKU-110,0,0
2025-05-19,SKU-110,1,0
2025-05-20,SKU-110,1,0
2025-05-21,SKU-110,0,0
2025-05-22,SKU-110,0,0
2025-05-23,SKU-110,1,0
2025-05-24,SKU-110,1,0
2025-05-25,SKU-110,2,0
2025-05-26,SKU-110,0,0
2025-05-27,SKU-110,1,1
2025-05-28,SKU-110,0,0
2025-05-29,SKU-110,0,0
2025-05-30,SKU-110,2,0
2025-05-31,SKU-110,1,0
2025-06-01,SKU-110,0,0
2025-06-02,SKU-110,0,0
2025-06-03,SKU-110,1,0
2025-06-04,SKU-110,2,0
2025-06-05,SKU-110,2,0
2025-06-06,SKU-110,0,0
2025-06-07,SKU-110,2,0
2025-06-08,SKU-110,1,0
2025-06-09,SKU-110,2,0
2025-06-10,SKU-110,0,0
2025-06-11,SKU-110,1,0
2025-06-12,SKU-110,2,0
2025-06-13,SKU-110,1,0
2025-06-14,SKU-110,1,0
2025-06-15,SKU-110,0,0
2025-06-16,SKU-110,1,0
2025-06-17,SKU-110,0,0
2025-06-18,SKU-110,1,0
2025-06-19,SKU-110,0,0
2025-06-20,SKU-110,0,0
2025-06-21,SKU-110,2,0
2025-06-22,SKU-110,1,0
2025-06-23,SKU-110,0,0
2025-06-24,SKU-110,1,0
2025-06-25,SKU-110,1,0
2025-06-26,SKU-110,2,0
2025-06-27,SKU-110,1,0
2025-06-28,SKU-110,0,0
2025-06-29,SKU-110,2,0
2025-06-30,SKU-110,0,0
2025-07-01,SKU-110,2,0
2025-07-02,SKU-110,0,0
2025-07-03,SKU-110,1,0
2025-07-04,SKU-110,0,0
2025-07-05,SKU-110,2,0
2025-07-06,SKU-110,4,0
2025-07-07,SKU-110,2,0
2025-07-08,SKU-110,0,0
2025-07-09,SKU-110,1,0
2025-07-10,SKU-110,0,0
2025-07-11,SKU-110,1,0
2025-07-12,SKU-110,3,0
2025-07-13,SKU-110,1,0
2025-07-14,SKU-110,1,0
2025-07-15,SKU-110,1,0
2025-07-16,SKU-110,2,0
2025-07-17,SKU-110,0,0
2025-07-18,SKU-110,0,0
2025-07-19,SKU-110,0,0
2025-07-20,SKU-110,1,0
2025-07-21,SKU-110,2,0
2025-07-22,SKU-110,2,0
2025-07-23,SKU-110,1,1
2025-07-24,SKU-110,0,0
2025-07-25,SKU-110,1,0
2025-07-26,SKU-110,3,0
2025-07-27,SKU-110,1,0
2025-07-28,SKU-110,0,0
2025-07-29,SKU-110,3,0
2025-07-30,SKU-110,2,0
2025-07-31,SKU-110,1,1
2025-08-01,SKU-110,3,1
2025-08-02,SKU-110,3,0
2025-08-03,SKU-110,2,0
2025-08-04,SKU-110,1,0
2025-08-05,SKU-110,1,0
2025-08-06,SKU-110,2,1
2025-08-07,SKU-110,0,0
2025-08-08,SKU-110,0,0
2025-08-09,SKU-110,0,0
2025-08-10,SKU-110,2,0
2025-08-11,SKU-110,1,0
2025-08-12,SKU-110,1,0
2025-08-13,SKU-110,0,0
2025-08-14,SKU-110,0,0
2025-08-15,SKU-110,1,0
2025-08-16,SKU-110,2,0
2025-08-17,SKU-110,4,0
2025-08-18,SKU-110,1,0
2025-08-19,SKU-110,1,0
2025-08-20,SKU-110,1,0
2025-08-21,SKU-110,1,0
2025-08-22,SKU-110,3,0
2025-08-23,SKU-110,2,0
2025-08-24,SKU-110,0,0
2025-08-25,SKU-110,2,0
2025-08-26,SKU-110,0,0
2025-08-27,SKU-110,0,0
2025-08-28,SKU-110,2,0
2025-08-29,SKU-110,2,0
2025-08-30,SKU-110,2,0
2025-08-31,SKU-110,1,0
2025-09-01,SKU-110,1,0
2025-09-02,SKU-110,2,0
2025-09-03,SKU-110,0,0
2025-09-04,SKU-110,2,0
2025-09-05,SKU-110,1,0
2025-09-06,SKU-110,1,0
2025-09-07,SKU-110,4,0
2025-09-08,SKU-110,1,0
2025-09-09,SKU-110,0,0
2025-09-10,SKU-110,0,0
2025-09-11,SKU-110,0,0
2025-09-12,SKU-110,1,0
2025-09-13,SKU-110,0,0
2025-09-14,SKU-110,1,0
2025-09-15,SKU-110,1,0
2025-09-16,SKU-110,0,0
2025-09-17,SKU-110,1,0
2025-09-18,SKU-110,1,0
2025-09-19,SKU-110,2,0
2025-09-20,SKU-110,3,0
2025-09-21,SKU-110,1,0
2025-09-22,SKU-110,0,1
2025-09-23,SKU-110,3,0
2025-09-24,SKU-110,2,1
2025-09-25,SKU-110,1,0
2025-09-26,SKU-110,1,0
2025-09-27,SKU-110,1,0
2025-09-28,SKU-110,1,0
2025-09-29,SKU-110,1,0
2025-09-30,SKU-110,0,0
2025-10-01,SKU-110,2,0
2025-10-02,SKU-110,0,0
2025-10-03,SKU-110,1,0
2025-10-04,SKU-110,1,0
2025-10-05,SKU-110,0,0
2025-10-06,SKU-110,2,0
2025-10-07,SKU-110,4,0
2025-10-08,SKU-110,0,0
2025-10-09,SKU-110,1,0
2025-10-10,SKU-110,3,0
2025-10-11,SKU-110,1,0
2025-10-12,SKU-110,2,0
2025-10-13,SKU-110,1,0
2025-10-14,SKU-110,1,0
2025-10-15,SKU-110,0,0
2025-10-16,SKU-110,0,0
2025-10-17,SKU-110,4,0
2025-10-18,SKU-110,4,0
2025-10-19,SKU-110,1,0
2025-10-20,SKU-110,2,0
2025-10-21,SKU-110,1,0
2025-10-22,SKU-110,2,0
2025-10-23,SKU-110,0,1
2025-10-24,SKU-110,1,0
2025-10-25,SKU-110,0,0
2025-10-26,SKU-110,3,0
2025-10-27,SKU-110,0,0
2025-10-28,SKU-110,0,0
2025-10-29,SKU-110,2,0
2025-10-30,SKU-110,0,0
2025-10-31,SKU-110,0,0
2025-11-01,SKU-110,0,0
2025-11-02,SKU-110,0,0
2025-11-03,SKU-110,1,0
2025-11-04,SKU-110,2,0
2025-11-05,SKU-110,1,1
2025-11-06,SKU-110,2,0
2025-11-07,SKU-110,1,0
2025-11-08,SKU-110,5,0
2025-11-09,SKU-110,1,0
2025-11-10,SKU-110,1,0
2025-11-11,SKU-110,2,0
2025-11-12,SKU-110,1,0
2025-11-13,SKU-110,1,0
2025-11-14,SKU-110,0,0
2025-11-15,SKU-110,2,0
2025-11-16,SKU-110,1,0
2025-11-17,SKU-110,0,0
2025-11-18,SKU-110,2,0
2025-11-19,SKU-110,2,0
2025-11-20,SKU-110,1,0
2025-11-21,SKU-110,1,0
2025-11-22,SKU-110,0,0
2025-11-23,SKU-110,2,0
2025-11-24,SKU-110,1,0
2025-11-25,SKU-110,1,0
2025-11-26,SKU-110,0,0
2025-11-27,SKU-110,1,0
2025-11-28,SKU-110,2,1
2025-11-29,SKU-110,1,0
2025-11-30,SKU-110,3,0
2025-12-01,SKU-110,1,0
2025-12-02,SKU-110,1,0
2025-12-03,SKU-110,2,1
2025-12-04,SKU-110,2,0
2025-12-05,SKU-110,0,0
2025-12-06,SKU-110,2,0
2025-12-07,SKU-110,2,0
2025-12-08,SKU-110,1,0
2025-12-09,SKU-110,1,0
2025-12-10,SKU-110,0,0
2025-12-11,SKU-110,1,0
2025-12-12,SKU-110,0,0
2025-12-13,SKU-110,2,0
2025-12-14,SKU-110,0,0
2025-12-15,SKU-110,0,0
2025-12-16,SKU-110,0,0
2025-12-17,SKU-110,5,0
2025-12-18,SKU-110,0,0
2025-12-19,SKU-110,0,0
2025-12-20,SKU-110,2,0
2025-12-21,SKU-110,4,0
2025-12-22,SKU-110,1,0
2025-12-23,SKU-110,2,0
2025-12-24,SKU-110,0,0
2025-12-25,SKU-110,4,1
2025-12-26,SKU-110,1,0
2025-12-27,SKU-110,3,0
2025-12-28,SKU-110,6,0
2025-12-29,SKU-110,0,0
2025-12-30,SKU-110,0,0
2025-12-31,SKU-110,3,0
2026-01-01,SKU-110,2,0
2026-01-02,SKU-110,1,0
2026-01-03,SKU-110,1,0
2026-01-04,SKU-110,0,0
2026-01-05,SKU-110,4,1
2026-01-06,SKU-110,1,0
2026-01-07,SKU-110,2,1
2026-01-08,SKU-110,0,0
2026-01-09,SKU-110,1,0
2026-01-10,SKU-110,4,0
2026-01-11,SKU-110,1,0
2026-01-12,SKU-110,1,0
2026-01-13,SKU-110,0,0
2026-01-14,SKU-110,1,0
2026-01-15,SKU-110,1,0
2026-01-16,SKU-110,2,0
2026-01-17,SKU-110,1,0
2026-01-18,SKU-110,0,0
2026-01-19,SKU-110,1,0
2026-01-20,SKU-110,3,0
2026-01-21,SKU-110,4,1
2026-01-22,SKU-110,2,0
2026-01-23,SKU-110,0,0
2026-01-24,SKU-110,1,0
2026-01-25,SKU-110,3,0
2026-01-26,SKU-110,1,0
2026-01-27,SKU-110,4,0
2026-01-28,SKU-110,0,0
2026-01-29,SKU-110,0,0
2026-01-30,SKU-110,2,0
2026-01-31,SKU-110,2,0
2026-02-01,SKU-110,0,0
2026-02-02,SKU-110,0,0
2026-02-03,SKU-110,1,0
2026-02-04,SKU-110,2,0
2026-02-05,SKU-110,1,0
2026-02-06,SKU-110,0,0
2026-02-07,SKU-110,2,0
2026-02-08,SKU-110,3,0
2026-02-09,SKU-110,0,0
2026-02-10,SKU-110,1,0
2026-02-11,SKU-110,0,0
2026-02-12,SKU-110,0,0
2026-02-13,SKU-110,1,0
2026-02-14,SKU-110,1,0
2026-02-15,SKU-110,3,0
2026-02-16,SKU-110,0,0
2026-02-17,SKU-110,0,1
2026-02-18,SKU-110,1,0
2026-02-19,SKU-110,1,0
2026-02-20,SKU-110,0,0
2026-02-21,SKU-110,0,0
2026-02-22,SKU-110,0,0
2026-02-23,SKU-110,1,1
2026-02-24,SKU-110,1,0
2026-02-25,SKU-110,0,0
2026-02-26,SKU-110,2,0
2026-02-27,SKU-110,0,0
2026-02-28,SKU-110,1,0
2026-03-01,SKU-110,2,0
2026-03-02,SKU-110,2,0
2026-03-03,SKU-110,2,1
2026-03-04,SKU-110,1,0
2026-03-05,SKU-110,0,0
2026-03-06,SKU-110,1,0
2026-03-07,SKU-110,1,0
2026-03-08,SKU-110,1,0
2026-03-09,SKU-110,1,0
2026-03-10,SKU-110,1,0
2026-03-11,SKU-110,3,0
2026-03-12,SKU-110,1,0
2026-03-13,SKU-110,0,0
2026-03-14,SKU-110,2,0
2026-03-15,SKU-110,0,0
2026-03-16,SKU-110,0,0
2026-03-17,SKU-110,3,0
2026-03-18,SKU-110,0,0
2026-03-19,SKU-110,1,0
2026-03-20,SKU-110,2,0
2026-03-21,SKU-110,0,0
2026-03-22,SKU-110,5,0
2026-03-23,SKU-110,1,0
2026-03-24,SKU-110,2,0
2026-03-25,SKU-110,2,1
2026-03-26,SKU-110,2,1
2026-03-27,SKU-110,0,0
2026-03-28,SKU-110,2,0
2026-03-29,SKU-110,1,0
2026-03-30,SKU-110,4,0
2026-03-31,SKU-110,3,0
2026-04-01,SKU-110,1,0
2026-04-02,SKU-110,2,1
2026-04-03,SKU-110,2,0
2026-04-04,SKU-110,4,0
2026-04-05,SKU-110,4,0
2026-04-06,SKU-110,2,0
2026-04-07,SKU-110,3,1
2026-04-08,SKU-110,0,0
2026-04-09,SKU-110,1,0
2026-04-10,SKU-110,1,0
2026-04-11,SKU-110,1,0
2026-04-12,SKU-110,0,0
2026-04-13,SKU-110,0,0
2026-04-14,SKU-110,1,0
2026-04-15,SKU-110,3,0
2026-04-16,SKU-110,0,0
2026-04-17,SKU-110,2,0
2026-04-18,SKU-110,1,0
2026-04-19,SKU-110,4,0
2026-04-20,SKU-110,0,0
2026-04-21,SKU-110,0,0
2026-04-22,SKU-110,0,0
2026-04-23,SKU-110,0,0
2026-04-24,SKU-110,2,0
2026-04-25,SKU-110,1,0
2026-04-26,SKU-110,1,0
2026-04-27,SKU-110,1,0
2026-04-28,SKU-110,1,1
2026-04-29,SKU-110,1,0
2026-04-30,SKU-110,0,0
2026-05-01,SKU-110,0,1
2026-05-02,SKU-110,7,0
2026-05-03,SKU-110,1,0
2026-05-04,SKU-110,0,0
2026-05-05,SKU-110,0,0
2026-05-06,SKU-110,2,0
2026-05-07,SKU-110,1,0
2026-05-08,SKU-110,1,0
2026-05-09,SKU-110,2,0
2026-05-10,SKU-110,0,0
2026-05-11,SKU-110,1,0
2026-05-12,SKU-110,0,0
2026-05-13,SKU-110,0,0
2026-05-14,SKU-110,0,0
2026-05-15,SKU-110,0,0
2026-05-16,SKU-110,0,0
2026-05-17,SKU-110,3,0
2026-05-18,SKU-110,0,0
2026-05-19,SKU-110,2,0
2026-05-20,SKU-110,0,0
2026-05-21,SKU-110,1,0
2026-05-22,SKU-110,2,0
2026-05-23,SKU-110,1,0
2026-05-24,SKU-110,0,0
2026-05-25,SKU-110,0,1
2026-05-26,SKU-110,0,0
2026-05-27,SKU-110,1,0
2026-05-28,SKU-110,2,0
2026-05-29,SKU-110,1,0
2026-05-30,SKU-110,1,1
2026-05-31,SKU-110,1,0
2026-06-01,SKU-110,1,0
2026-06-02,SKU-110,2,0
2026-06-03,SKU-110,1,0
2026-06-04,SKU-110,2,0
2026-06-05,SKU-110,0,0
2026-06-06,SKU-110,0,1
2026-06-07,SKU-110,0,0
2026-06-08,SKU-110,0,0
2026-06-09,SKU-110,0,0
2026-06-10,SKU-110,2,0
2026-06-11,SKU-110,0,0
2026-06-12,SKU-110,2,0
2026-06-13,SKU-110,0,0
2026-06-14,SKU-110,0,0
2026-06-15,SKU-110,1,0
2026-06-16,SKU-110,2,0
2026-06-17,SKU-110,2,0
2026-06-18,SKU-110,5,0
2026-06-19,SKU-110,1,0
2026-06-20,SKU-110,3,0
2026-06-21,SKU-110,0,0
2026-06-22,SKU-110,3,0
2026-06-23,SKU-110,0,0
2026-06-24,SKU-110,3,0
2026-06-25,SKU-110,5,0
2026-06-26,SKU-110,2,1
2026-06-27,SKU-110,1,0
2026-06-28,SKU-110,2,0
2026-06-29,SKU-110,0,0
2026-06-30,SKU-110,1,0
2026-07-01,SKU-110,2,0
2026-07-02,SKU-110,0,0
2026-07-03,SKU-110,1,1
2026-07-04,SKU-110,2,0
2026-07-05,SKU-110,1,0
2026-07-06,SKU-110,0,0
2026-07-07,SKU-110,0,0
2026-07-08,SKU-110,1,0
2026-07-09,SKU-110,0,0
2026-07-10,SKU-110,0,0
2026-07-11,SKU-110,2,0
2026-07-12,SKU-110,1,0
2026-07-13,SKU-110,0,0
2026-07-14,SKU-110,0,0
2026-07-15,SKU-110,2,0
2026-07-16,SKU-110,0,0
2026-07-17,SKU-110,1,0
2026-07-18,SKU-110,1,0
2026-07-19,SKU-110,1,0
2026-07-20,SKU-110,3,0
2026-07-21,SKU-110,3,1
2026-07-22,SKU-110,1,0
2026-07-23,SKU-110,2,0
2026-07-24,SKU-110,0,0
2026-07-25,SKU-110,3,1
2026-07-26,SKU-110,1,1
2026-07-27,SKU-110,0,0
2026-07-28,SKU-110,0,0
2026-07-29,SKU-110,0,0
2026-07-30,SKU-110,1,0
2026-07-31,SKU-110,1,0
2026-08-01,SKU-110,2,0
2026-08-02,SKU-110,1,1
2026-08-03,SKU-110,2,0
2026-08-04,SKU-110,1,0
2026-08-05,SKU-110,1,0
2026-08-06,SKU-110,3,0
2026-08-07,SKU-110,1,1
2026-08-08,SKU-110,0,0
2026-08-09,SKU-110,2,0
2026-08-10,SKU-110,0,0
2026-08-11,SKU-110,0,0
2026-08-12,SKU-110,0,1
2026-08-13,SKU-110,1,0
2026-08-14,SKU-110,0,1
2026-08-15,SKU-110,1,0
2026-08-16,SKU-110,1,0
2026-08-17,SKU-110,1,0
2026-08-18,SKU-110,1,0
2026-08-19,SKU-110,0,1
2026-08-20,SKU-110,2,0
2026-08-21,SKU-110,1,0
2026-08-22,SKU-110,2,0
2026-08-23,SKU-110,2,0
2026-08-24,SKU-110,1,0
2026-08-25,SKU-110,0,0
2026-08-26,SKU-110,0,0
2026-08-27,SKU-110,2,0
2026-08-28,SKU-110,2,0
2026-08-29,SKU-110,2,0
2026-08-30,SKU-110,2,0
2026-08-31,SKU-110,0,0
2026-09-01,SKU-110,1,0
2026-09-02,SKU-110,2,0
2026-09-03,SKU-110,1,0
2026-09-04,SKU-110,1,0
2026-09-05,SKU-110,1,0
2026-09-06,SKU-110,0,0
2026-09-07,SKU-110,1,0
2026-09-08,SKU-110,0,0
2026-09-09,SKU-110,0,0
2026-09-10,SKU-110,2,0
2026-09-11,SKU-110,1,0
2026-09-12,SKU-110,2,0
2026-09-13,SKU-110,2,0
2026-09-14,SKU-110,2,0
2026-09-15,SKU-110,5,0
2026-09-16,SKU-110,2,0
2026-09-17,SKU-110,0,0
2026-09-18,SKU-110,1,0
2026-09-19,SKU-110,0,0
2026-09-20,SKU-110,1,0
2026-09-21,SKU-110,5,0
2026-09-22,SKU-110,2,0
2026-09-23,SKU-110,0,0
2026-09-24,SKU-110,1,0
2026-09-25,SKU-110,1,0
2026-09-26,SKU-110,2,0
2026-09-27,SKU-110,2,0
2026-09-28,SKU-110,1,0
2026-09-29,SKU-110,0,1
2026-09-30,SKU-110,0,0
2024-10-01,SKU-111,7,0
2024-10-02,SKU-111,5,0
2024-10-03,SKU-111,4,0
2024-10-04,SKU-111,7,0
2024-10-05,SKU-111,8,0
2024-10-06,SKU-111,10,0
2024-10-07,SKU-111,7,0
2024-10-08,SKU-111,5,0
2024-10-09,SKU-111,6,0
2024-10-10,SKU-111,2,0
2024-10-11,SKU-111,10,0
2024-10-12,SKU-111,9,0
2024-10-13,SKU-111,16,0
2024-10-14,SKU-111,6,0
2024-10-15,SKU-111,4,0
2024-10-16,SKU-111,11,0
2024-10-17,SKU-111,5,0
2024-10-18,SKU-111,4,0
2024-10-19,SKU-111,3,0
2024-10-20,SKU-111,5,0
2024-10-21,SKU-111,11,1
2024-10-22,SKU-111,5,0
2024-10-23,SKU-111,8,0
2024-10-24,SKU-111,16,0
2024-10-25,SKU-111,10,1
2024-10-26,SKU-111,17,0
2024-10-27,SKU-111,15,0
2024-10-28,SKU-111,4,0
2024-10-29,SKU-111,11,0
2024-10-30,SKU-111,6,0
2024-10-31,SKU-111,9,0
2024-11-01,SKU-111,4,0
2024-11-02,SKU-111,10,0
2024-11-03,SKU-111,6,0
2024-11-04,SKU-111,5,0
2024-11-05,SKU-111,2,0
2024-11-06,SKU-111,3,0
2024-11-07,SKU-111,11,0
2024-11-08,SKU-111,8,0
2024-11-09,SKU-111,5,0
2024-11-10,SKU-111,6,0
2024-11-11,SKU-111,5,0
2024-11-12,SKU-111,6,0
2024-11-13,SKU-111,9,0
2024-11-14,SKU-111,8,0
2024-11-15,SKU-111,5,0
2024-11-16,SKU-111,5,0
2024-11-17,SKU-111,7,0
2024-11-18,SKU-111,4,0
2024-11-19,SKU-111,9,0
2024-11-20,SKU-111,12,0
2024-11-21,SKU-111,9,0
2024-11-22,SKU-111,5,0
2024-11-23,SKU-111,6,0
2024-11-24,SKU-111,3,1
2024-11-25,SKU-111,6,0
2024-11-26,SKU-111,3,0
2024-11-27,SKU-111,9,0
2024-11-28,SKU-111,6,0
2024-11-29,SKU-111,15,0
2024-11-30,SKU-111,9,0
2024-12-01,SKU-111,27,0
2024-12-02,SKU-111,7,0
2024-12-03,SKU-111,4,1
2024-12-04,SKU-111,7,0
2024-12-05,SKU-111,7,0
2024-12-06,SKU-111,3,0
2024-12-07,SKU-111,8,0
2024-12-08,SKU-111,14,0
2024-12-09,SKU-111,4,0
2024-12-10,SKU-111,3,0
2024-12-11,SKU-111,10,0
2024-12-12,SKU-111,6,0
2024-12-13,SKU-111,2,0
2024-12-14,SKU-111,11,0
2024-12-15,SKU-111,13,1
2024-12-16,SKU-111,13,0
2024-12-17,SKU-111,9,0
2024-12-18,SKU-111,6,1
2024-12-19,SKU-111,8,0
2024-12-20,SKU-111,9,0
2024-12-21,SKU-111,9,0
2024-12-22,SKU-111,13,0
2024-12-23,SKU-111,6,0
2024-12-24,SKU-111,7,0
2024-12-25,SKU-111,7,0
2024-12-26,SKU-111,2,0
2024-12-27,SKU-111,2,0
2024-12-28,SKU-111,15,0
2024-12-29,SKU-111,11,0
2024-12-30,SKU-111,3,0
2024-12-31,SKU-111,6,0
2025-01-01,SKU-111,7,0
2025-01-02,SKU-111,12,0
2025-01-03,SKU-111,10,0
2025-01-04,SKU-111,8,0
2025-01-05,SKU-111,2,0
2025-01-06,SKU-111,10,0
2025-01-07,SKU-111,7,1
2025-01-08,SKU-111,4,1
2025-01-09,SKU-111,9,0
2025-01-10,SKU-111,4,0
2025-01-11,SKU-111,8,0
2025-01-12,SKU-111,8,0
2025-01-13,SKU-111,4,0
2025-01-14,SKU-111,9,1
2025-01-15,SKU-111,1,0
2025-01-16,SKU-111,10,0
2025-01-17,SKU-111,4,0
2025-01-18,SKU-111,5,0
2025-01-19,SKU-111,7,0
2025-01-20,SKU-111,4,0
2025-01-21,SKU-111,11,0
2025-01-22,SKU-111,10,0
2025-01-23,SKU-111,5,0
2025-01-24,SKU-111,10,0
2025-01-25,SKU-111,5,0
2025-01-26,SKU-111,4,0
2025-01-27,SKU-111,7,0
2025-01-28,SKU-111,3,0
2025-01-29,SKU-111,2,0
2025-01-30,SKU-111,5,0
2025-01-31,SKU-111,3,0
2025-02-01,SKU-111,5,0
2025-02-02,SKU-111,4,0
2025-02-03,SKU-111,5,0
2025-02-04,SKU-111,4,0
2025-02-05,SKU-111,8,0
2025-02-06,SKU-111,6,0
2025-02-07,SKU-111,7,0
2025-02-08,SKU-111,11,0
2025-02-09,SKU-111,8,0
2025-02-10,SKU-111,9,1
2025-02-11,SKU-111,6,0
2025-02-12,SKU-111,4,0
2025-02-13,SKU-111,5,0
2025-02-14,SKU-111,4,0
2025-02-15,SKU-111,2,0
2025-02-16,SKU-111,10,0
2025-02-17,SKU-111,9,1
2025-02-18,SKU-111,3,0
2025-02-19,SKU-111,6,0
2025-02-20,SKU-111,6,0
2025-02-21,SKU-111,4,0
2025-02-22,SKU-111,1,0
2025-02-23,SKU-111,10,0
2025-02-24,SKU-111,2,0
2025-02-25,SKU-111,8,0
2025-02-26,SKU-111,3,0
2025-02-27,SKU-111,7,0
2025-02-28,SKU-111,6,0
2025-03-01,SKU-111,9,0
2025-03-02,SKU-111,4,0
2025-03-03,SKU-111,10,0
2025-03-04,SKU-111,4,0
2025-03-05,SKU-111,8,0
2025-03-06,SKU-111,3,0
2025-03-07,SKU-111,4,0
2025-03-08,SKU-111,15,0
2025-03-09,SKU-111,8,0
2025-03-10,SKU-111,9,0
2025-03-11,SKU-111,4,0
2025-03-12,SKU-111,7,0
2025-03-13,SKU-111,2,0
2025-03-14,SKU-111,5,0
2025-03-15,SKU-111,0,0
2025-03-16,SKU-111,10,0
2025-03-17,SKU-111,4,0
2025-03-18,SKU-111,9,1
2025-03-19,SKU-111,9,0
2025-03-20,SKU-111,9,0
2025-03-21,SKU-111,7,0
2025-03-22,SKU-111,13,0
2025-03-23,SKU-111,4,0
2025-03-24,SKU-111,13,0
2025-03-25,SKU-111,1,0
2025-03-26,SKU-111,6,0
2025-03-27,SKU-111,9,0
2025-03-28,SKU-111,12,0
2025-03-29,SKU-111,10,0
2025-03-30,SKU-111,4,0
2025-03-31,SKU-111,17,1
2025-04-01,SKU-111,7,0
2025-04-02,SKU-111,4,0
2025-04-03,SKU-111,3,0
2025-04-04,SKU-111,18,1
2025-04-05,SKU-111,12,0
2025-04-06,SKU-111,9,0
2025-04-07,SKU-111,5,0
2025-04-08,SKU-111,6,0
2025-04-09,SKU-111,5,0
2025-04-10,SKU-111,9,0
2025-04-11,SKU-111,13,0
2025-04-12,SKU-111,5,0
2025-04-13,SKU-111,1,0
2025-04-14,SKU-111,6,0
2025-04-15,SKU-111,1,0
2025-04-16,SKU-111,5,0
2025-04-17,SKU-111,8,0
2025-04-18,SKU-111,8,0
2025-04-19,SKU-111,13,0
2025-04-20,SKU-111,15,0
2025-04-21,SKU-111,9,0
2025-04-22,SKU-111,5,0
2025-04-23,SKU-111,5,0
2025-04-24,SKU-111,10,1
2025-04-25,SKU-111,8,0
2025-04-26,SKU-111,7,0
2025-04-27,SKU-111,6,0
2025-04-28,SKU-111,5,0
2025-04-29,SKU-111,12,1
2025-04-30,SKU-111,4,0
2025-05-01,SKU-111,8,0
2025-05-02,SKU-111,4,0
2025-05-03,SKU-111,7,0
2025-05-04,SKU-111,14,0
2025-05-05,SKU-111,12,0
2025-05-06,SKU-111,6,0
2025-05-07,SKU-111,10,1
2025-05-08,SKU-111,12,0
2025-05-09,SKU-111,6,0
2025-05-10,SKU-111,6,0
2025-05-11,SKU-111,9,0
2025-05-12,SKU-111,4,1
2025-05-13,SKU-111,3,0
2025-05-14,SKU-111,11,0
2025-05-15,SKU-111,5,0
2025-05-16,SKU-111,12,0
2025-05-17,SKU-111,14,0
2025-05-18,SKU-111,9,0
2025-05-19,SKU-111,8,0
2025-05-20,SKU-111,8,0
2025-05-21,SKU-111,13,0
2025-05-22,SKU-111,7,0
2025-05-23,SKU-111,3,0
2025-05-24,SKU-111,4,0
2025-05-25,SKU-111,6,0
2025-05-26,SKU-111,7,0
2025-05-27,SKU-111,11,0
2025-05-28,SKU-111,13,0
2025-05-29,SKU-111,7,0
2025-05-30,SKU-111,9,0
2025-05-31,SKU-111,12,1
2025-06-01,SKU-111,7,0
2025-06-02,SKU-111,7,0
2025-06-03,SKU-111,4,0
2025-06-04,SKU-111,8,0
2025-06-05,SKU-111,7,0
2025-06-06,SKU-111,10,0
2025-06-07,SKU-111,12,0
2025-06-08,SKU-111,8,0
2025-06-09,SKU-111,9,0
2025-06-10,SKU-111,3,0
2025-06-11,SKU-111,6,0
2025-06-12,SKU-111,8,0
2025-06-13,SKU-111,7,0
2025-06-14,SKU-111,11,0
2025-06-15,SKU-111,13,0
2025-06-16,SKU-111,3,0
2025-06-17,SKU-111,3,0
2025-06-18,SKU-111,6,0
2025-06-19,SKU-111,7,0
2025-06-20,SKU-111,7,0
2025-06-21,SKU-111,11,1
2025-06-22,SKU-111,5,0
2025-06-23,SKU-111,9,0
2025-06-24,SKU-111,6,0
2025-06-25,SKU-111,4,0
2025-06-26,SKU-111,13,0
2025-06-27,SKU-111,5,0
2025-06-28,SKU-111,10,0
2025-06-29,SKU-111,11,0
2025-06-30,SKU-111,3,0
2025-07-01,SKU-111,7,0
2025-07-02,SKU-111,9,0
2025-07-03,SKU-111,3,0
2025-07-04,SKU-111,9,0
2025-07-05,SKU-111,10,0
2025-07-06,SKU-111,6,0
2025-07-07,SKU-111,6,0
2025-07-08,SKU-111,3,0
2025-07-09,SKU-111,4,0
2025-07-10,SKU-111,6,0
2025-07-11,SKU-111,9,0
2025-07-12,SKU-111,4,0
2025-07-13,SKU-111,9,0
2025-07-14,SKU-111,13,1
2025-07-15,SKU-111,8,0
2025-07-16,SKU-111,9,0
2025-07-17,SKU-111,3,0
2025-07-18,SKU-111,6,0
2025-07-19,SKU-111,4,0
2025-07-20,SKU-111,10,1
2025-07-21,SKU-111,5,0
2025-07-22,SKU-111,8,0
2025-07-23,SKU-111,7,0
2025-07-24,SKU-111,5,0
2025-07-25,SKU-111,10,1
2025-07-26,SKU-111,7,0
2025-07-27,SKU-111,11,0
2025-07-28,SKU-111,3,0
2025-07-29,SKU-111,14,1
2025-07-30,SKU-111,8,0
2025-07-31,SKU-111,8,0
2025-08-01,SKU-111,2,0
2025-08-02,SKU-111,15,0
2025-08-03,SKU-111,7,0
2025-08-04,SKU-111,3,0
2025-08-05,SKU-111,6,0
2025-08-06,SKU-111,6,0
2025-08-07,SKU-111,10,1
2025-08-08,SKU-111,4,0
2025-08-09,SKU-111,6,0
2025-08-10,SKU-111,7,1
2025-08-11,SKU-111,10,0
2025-08-12,SKU-111,3,0
2025-08-13,SKU-111,5,0
2025-08-14,SKU-111,12,0
2025-08-15,SKU-111,8,0
2025-08-16,SKU-111,7,0
2025-08-17,SKU-111,12,0
2025-08-18,SKU-111,5,0
2025-08-19,SKU-111,9,0
2025-08-20,SKU-111,3,0
2025-08-21,SKU-111,11,1
2025-08-22,SKU-111,12,0
2025-08-23,SKU-111,15,0
2025-08-24,SKU-111,10,0
2025-08-25,SKU-111,9,0
2025-08-26,SKU-111,6,0
2025-08-27,SKU-111,1,0
2025-08-28,SKU-111,9,0
2025-08-29,SKU-111,7,0
2025-08-30,SKU-111,14,0
2025-08-31,SKU-111,8,0
2025-09-01,SKU-111,8,0
2025-09-02,SKU-111,11,0
2025-09-03,SKU-111,9,0
2025-09-04,SKU-111,4,0
2025-09-05,SKU-111,2,0
2025-09-06,SKU-111,18,0
2025-09-07,SKU-111,8,0
2025-09-08,SKU-111,4,0
2025-09-09,SKU-111,6,0
2025-09-10,SKU-111,13,0
2025-09-11,SKU-111,12,0
2025-09-12,SKU-111,6,0
2025-09-13,SKU-111,10,0
2025-09-14,SKU-111,20,0
2025-09-15,SKU-111,7,0
2025-09-16,SKU-111,9,1
2025-09-17,SKU-111,6,0
2025-09-18,SKU-111,8,0
2025-09-19,SKU-111,10,0
2025-09-20,SKU-111,5,0
2025-09-21,SKU-111,11,0
2025-09-22,SKU-111,7,0
2025-09-23,SKU-111,11,0
2025-09-24,SKU-111,8,0
2025-09-25,SKU-111,3,0
2025-09-26,SKU-111,4,0
2025-09-27,SKU-111,13,0
2025-09-28,SKU-111,5,0
2025-09-29,SKU-111,2,0
2025-09-30,SKU-111,5,0
2025-10-01,SKU-111,17,1
2025-10-02,SKU-111,11,0
2025-10-03,SKU-111,8,0
2025-10-04,SKU-111,11,1
2025-10-05,SKU-111,13,0
2025-10-06,SKU-111,2,0
2025-10-07,SKU-111,4,0
2025-10-08,SKU-111,14,0
2025-10-09,SKU-111,7,0
2025-10-10,SKU-111,9,0
2025-10-11,SKU-111,10,0
2025-10-12,SKU-111,11,0
2025-10-13,SKU-111,6,0
2025-10-14,SKU-111,6,0
2025-10-15,SKU-111,7,0
2025-10-16,SKU-111,11,0
2025-10-17,SKU-111,8,0
2025-10-18,SKU-111,5,0
2025-10-19,SKU-111,9,0
2025-10-20,SKU-111,5,0
2025-10-21,SKU-111,18,0
2025-10-22,SKU-111,14,0
2025-10-23,SKU-111,8,0
2025-10-24,SKU-111,12,0
2025-10-25,SKU-111,10,0
2025-10-26,SKU-111,12,0
2025-10-27,SKU-111,3,1
2025-10-28,SKU-111,6,1
2025-10-29,SKU-111,8,0
2025-10-30,SKU-111,6,0
2025-10-31,SKU-111,4,0
2025-11-01,SKU-111,12,0
2025-11-02,SKU-111,7,0
2025-11-03,SKU-111,6,0
2025-11-04,SKU-111,9,0
2025-11-05,SKU-111,4,0
2025-11-06,SKU-111,13,0
2025-11-07,SKU-111,11,0
2025-11-08,SKU-111,9,0
2025-11-09,SKU-111,12,0
2025-11-10,SKU-111,6,1
2025-11-11,SKU-111,8,0
2025-11-12,SKU-111,4,0
2025-11-13,SKU-111,4,0
2025-11-14,SKU-111,5,0
2025-11-15,SKU-111,3,0
2025-11-16,SKU-111,5,0
2025-11-17,SKU-111,8,0
2025-11-18,SKU-111,5,0
2025-11-19,SKU-111,5,0
2025-11-20,SKU-111,7,0
2025-11-21,SKU-111,10,0
2025-11-22,SKU-111,9,0
2025-11-23,SKU-111,5,0
2025-11-24,SKU-111,2,0
2025-11-25,SKU-111,9,0
2025-11-26,SKU-111,8,0
2025-11-27,SKU-111,7,0
2025-11-28,SKU-111,6,0
2025-11-29,SKU-111,11,0
2025-11-30,SKU-111,6,0
2025-12-01,SKU-111,6,0
2025-12-02,SKU-111,2,0
2025-12-03,SKU-111,12,0
2025-12-04,SKU-111,8,0
2025-12-05,SKU-111,2,0
2025-12-06,SKU-111,2,0
2025-12-07,SKU-111,23,0
2025-12-08,SKU-111,8,0
2025-12-09,SKU-111,4,0
2025-12-10,SKU-111,2,0
2025-12-11,SKU-111,14,0
2025-12-12,SKU-111,13,0
2025-12-13,SKU-111,5,0
2025-12-14,SKU-111,7,0
2025-12-15,SKU-111,9,0
2025-12-16,SKU-111,7,0
2025-12-17,SKU-111,3,0
2025-12-18,SKU-111,6,0
2025-12-19,SKU-111,4,0
2025-12-20,SKU-111,15,0
2025-12-21,SKU-111,22,0
2025-12-22,SKU-111,9,0
2025-12-23,SKU-111,12,0
2025-12-24,SKU-111,8,0
2025-12-25,SKU-111,3,0
2025-12-26,SKU-111,11,0
2025-12-27,SKU-111,3,0
2025-12-28,SKU-111,10,0
2025-12-29,SKU-111,6,1
2025-12-30,SKU-111,8,0
2025-12-31,SKU-111,7,0
2026-01-01,SKU-111,10,0
2026-01-02,SKU-111,7,0
2026-01-03,SKU-111,16,0
2026-01-04,SKU-111,11,0
2026-01-05,SKU-111,5,0
2026-01-06,SKU-111,6,0
2026-01-07,SKU-111,7,1
2026-01-08,SKU-111,4,0
2026-01-09,SKU-111,6,0
2026-01-10,SKU-111,5,0
2026-01-11,SKU-111,10,0
2026-01-12,SKU-111,6,1
2026-01-13,SKU-111,6,0
2026-01-14,SKU-111,6,0
2026-01-15,SKU-111,9,0
2026-01-16,SKU-111,3,0
2026-01-17,SKU-111,4,0
2026-01-18,SKU-111,10,0
2026-01-19,SKU-111,4,0
2026-01-20,SKU-111,3,0
2026-01-21,SKU-111,4,0
2026-01-22,SKU-111,5,0
2026-01-23,SKU-111,10,0
2026-01-24,SKU-111,5,0
2026-01-25,SKU-111,9,0
2026-01-26,SKU-111,14,0
2026-01-27,SKU-111,3,0
2026-01-28,SKU-111,14,0
2026-01-29,SKU-111,6,0
2026-01-30,SKU-111,5,0
2026-01-31,SKU-111,6,1
2026-02-01,SKU-111,10,0
2026-02-02,SKU-111,7,1
2026-02-03,SKU-111,8,0
2026-02-04,SKU-111,4,0
2026-02-05,SKU-111,8,0
2026-02-06,SKU-111,4,0
2026-02-07,SKU-111,13,0
2026-02-08,SKU-111,9,0
2026-02-09,SKU-111,7,0
2026-02-10,SKU-111,7,1
2026-02-11,SKU-111,5,1
2026-02-12,SKU-111,2,0
2026-02-13,SKU-111,9,1
2026-02-14,SKU-111,13,0
2026-02-15,SKU-111,7,1
2026-02-16,SKU-111,0,0
2026-02-17,SKU-111,8,0
2026-02-18,SKU-111,10,0
2026-02-19,SKU-111,5,0
2026-02-20,SKU-111,3,0
2026-02-21,SKU-111,8,1
2026-02-22,SKU-111,9,0
2026-02-23,SKU-111,10,0
2026-02-24,SKU-111,6,0
2026-02-25,SKU-111,7,0
2026-02-26,SKU-111,8,0
2026-02-27,SKU-111,5,0
2026-02-28,SKU-111,15,0
2026-03-01,SKU-111,7,0
2026-03-02,SKU-111,6,0
2026-03-03,SKU-111,5,0
2026-03-04,SKU-111,12,0
2026-03-05,SKU-111,10,0
2026-03-06,SKU-111,5,0
2026-03-07,SKU-111,3,0
2026-03-08,SKU-111,2,0
2026-03-09,SKU-111,8,0
2026-03-10,SKU-111,6,0
2026-03-11,SKU-111,5,0
2026-03-12,SKU-111,6,0
2026-03-13,SKU-111,13,0
2026-03-14,SKU-111,5,0
2026-03-15,SKU-111,5,0
2026-03-16,SKU-111,6,0
2026-03-17,SKU-111,9,0
2026-03-18,SKU-111,20,1
2026-03-19,SKU-111,12,0
2026-03-20,SKU-111,3,0
2026-03-21,SKU-111,8,0
2026-03-22,SKU-111,7,0
2026-03-23,SKU-111,5,1
2026-03-24,SKU-111,5,0
2026-03-25,SKU-111,10,0
2026-03-26,SKU-111,6,0
2026-03-27,SKU-111,8,0
2026-03-28,SKU-111,8,0
2026-03-29,SKU-111,14,0
2026-03-30,SKU-111,4,1
2026-03-31,SKU-111,3,0
2026-04-01,SKU-111,5,0
2026-04-02,SKU-111,3,0
2026-04-03,SKU-111,5,0
2026-04-04,SKU-111,5,0
2026-04-05,SKU-111,8,0
2026-04-06,SKU-111,7,0
2026-04-07,SKU-111,6,0
2026-04-08,SKU-111,11,0
2026-04-09,SKU-111,5,0
2026-04-10,SKU-111,7,0
2026-04-11,SKU-111,5,0
2026-04-12,SKU-111,6,0
2026-04-13,SKU-111,1,0
2026-04-14,SKU-111,4,0
2026-04-15,SKU-111,11,1
2026-04-16,SKU-111,6,0
2026-04-17,SKU-111,6,0
2026-04-18,SKU-111,12,0
2026-04-19,SKU-111,11,1
2026-04-20,SKU-111,6,0
2026-04-21,SKU-111,4,0
2026-04-22,SKU-111,2,0
2026-04-23,SKU-111,4,0
2026-04-24,SKU-111,6,0
2026-04-25,SKU-111,30,1
2026-04-26,SKU-111,3,0
2026-04-27,SKU-111,11,1
2026-04-28,SKU-111,8,0
2026-04-29,SKU-111,7,0
2026-04-30,SKU-111,3,0
2026-05-01,SKU-111,7,0
2026-05-02,SKU-111,10,0
2026-05-03,SKU-111,5,0
2026-05-04,SKU-111,5,0
2026-05-05,SKU-111,9,0
2026-05-06,SKU-111,8,0
2026-05-07,SKU-111,3,0
2026-05-08,SKU-111,5,0
2026-05-09,SKU-111,8,0
2026-05-10,SKU-111,11,0
2026-05-11,SKU-111,5,0
2026-05-12,SKU-111,9,0
2026-05-13,SKU-111,7,0
2026-05-14,SKU-111,14,0
2026-05-15,SKU-111,18,1
2026-05-16,SKU-111,10,0
2026-05-17,SKU-111,6,0
2026-05-18,SKU-111,3,0
2026-05-19,SKU-111,4,0
2026-05-20,SKU-111,6,0
2026-05-21,SKU-111,6,0
2026-05-22,SKU-111,2,0
2026-05-23,SKU-111,7,0
2026-05-24,SKU-111,20,1
2026-05-25,SKU-111,19,0
2026-05-26,SKU-111,1,0
2026-05-27,SKU-111,10,0
2026-05-28,SKU-111,24,0
2026-05-29,SKU-111,11,0
2026-05-30,SKU-111,10,0
2026-05-31,SKU-111,10,0
2026-06-01,SKU-111,7,0
2026-06-02,SKU-111,8,0
2026-06-03,SKU-111,4,0
2026-06-04,SKU-111,1,0
2026-06-05,SKU-111,3,0
2026-06-06,SKU-111,12,0
2026-06-07,SKU-111,11,0
2026-06-08,SKU-111,7,0
2026-06-09,SKU-111,5,0
2026-06-10,SKU-111,6,0
2026-06-11,SKU-111,7,1
2026-06-12,SKU-111,4,0
2026-06-13,SKU-111,12,0
2026-06-14,SKU-111,11,0
2026-06-15,SKU-111,6,0
2026-06-16,SKU-111,6,0
2026-06-17,SKU-111,3,0
2026-06-18,SKU-111,5,0
2026-06-19,SKU-111,3,0
2026-06-20,SKU-111,26,1
2026-06-21,SKU-111,9,0
2026-06-22,SKU-111,5,0
2026-06-23,SKU-111,9,0
2026-06-24,SKU-111,1,0
2026-06-25,SKU-111,8,0
2026-06-26,SKU-111,6,0
2026-06-27,SKU-111,11,0
2026-06-28,SKU-111,9,0
2026-06-29,SKU-111,4,0
2026-06-30,SKU-111,11,1
2026-07-01,SKU-111,5,0
2026-07-02,SKU-111,6,0
2026-07-03,SKU-111,9,0
2026-07-04,SKU-111,5,0
2026-07-05,SKU-111,3,0
2026-07-06,SKU-111,11,0
2026-07-07,SKU-111,7,0
2026-07-08,SKU-111,12,0
2026-07-09,SKU-111,3,0
2026-07-10,SKU-111,9,0
2026-07-11,SKU-111,9,0
2026-07-12,SKU-111,9,0
2026-07-13,SKU-111,6,0
2026-07-14,SKU-111,11,0
2026-07-15,SKU-111,5,0
2026-07-16,SKU-111,2,0
2026-07-17,SKU-111,5,1
2026-07-18,SKU-111,4,0
2026-07-19,SKU-111,15,0
2026-07-20,SKU-111,3,0
2026-07-21,SKU-111,3,0
2026-07-22,SKU-111,3,0
2026-07-23,SKU-111,14,0
2026-07-24,SKU-111,11,0
2026-07-25,SKU-111,10,0
2026-07-26,SKU-111,20,0
2026-07-27,SKU-111,9,0
2026-07-28,SKU-111,12,0
2026-07-29,SKU-111,8,0
2026-07-30,SKU-111,5,0
2026-07-31,SKU-111,10,0
2026-08-01,SKU-111,12,0
2026-08-02,SKU-111,21,0
2026-08-03,SKU-111,5,0
2026-08-04,SKU-111,3,0
2026-08-05,SKU-111,2,0
2026-08-06,SKU-111,16,1
2026-08-07,SKU-111,8,0
2026-08-08,SKU-111,15,0
2026-08-09,SKU-111,14,0
2026-08-10,SKU-111,4,0
2026-08-11,SKU-111,12,0
2026-08-12,SKU-111,6,0
2026-08-13,SKU-111,12,0
2026-08-14,SKU-111,9,0
2026-08-15,SKU-111,10,0
2026-08-16,SKU-111,13,0
2026-08-17,SKU-111,5,0
2026-08-18,SKU-111,8,0
2026-08-19,SKU-111,11,0
2026-08-20,SKU-111,7,0
2026-08-21,SKU-111,4,0
2026-08-22,SKU-111,3,0
2026-08-23,SKU-111,9,0
2026-08-24,SKU-111,10,0
2026-08-25,SKU-111,6,0
2026-08-26,SKU-111,8,0
2026-08-27,SKU-111,10,0
2026-08-28,SKU-111,7,0
2026-08-29,SKU-111,16,1
2026-08-30,SKU-111,13,0
2026-08-31,SKU-111,4,0
2026-09-01,SKU-111,5,0
2026-09-02,SKU-111,4,0
2026-09-03,SKU-111,6,0
2026-09-04,SKU-111,7,0
2026-09-05,SKU-111,8,0
2026-09-06,SKU-111,6,0
2026-09-07,SKU-111,5,0
2026-09-08,SKU-111,5,0
2026-09-09,SKU-111,15,0
2026-09-10,SKU-111,1,0
2026-09-11,SKU-111,11,0
2026-09-12,SKU-111,9,0
2026-09-13,SKU-111,6,0
2026-09-14,SKU-111,8,0
2026-09-15,SKU-111,10,0
2026-09-16,SKU-111,6,0
2026-09-17,SKU-111,3,0
2026-09-18,SKU-111,2,0
2026-09-19,SKU-111,7,0
2026-09-20,SKU-111,16,0
2026-09-21,SKU-111,11,0
2026-09-22,SKU-111,7,0
2026-09-23,SKU-111,1,0
2026-09-24,SKU-111,4,0
2026-09-25,SKU-111,3,0
2026-09-26,SKU-111,11,0
2026-09-27,SKU-111,6,0
2026-09-28,SKU-111,8,1
2026-09-29,SKU-111,9,0
2026-09-30,SKU-111,9,0
2024-10-01,SKU-112,5,0
2024-10-02,SKU-112,3,0
2024-10-03,SKU-112,7,0
2024-10-04,SKU-112,8,0
2024-10-05,SKU-112,2,0
2024-10-06,SKU-112,8,0
2024-10-07,SKU-112,6,0
2024-10-08,SKU-112,6,0
2024-10-09,SKU-112,4,0
2024-10-10,SKU-112,12,0
2024-10-11,SKU-112,10,0
2024-10-12,SKU-112,5,0
2024-10-13,SKU-112,6,1
2024-10-14,SKU-112,8,1
2024-10-15,SKU-112,3,0
2024-10-16,SKU-112,10,0
2024-10-17,SKU-112,5,0
2024-10-18,SKU-112,14,0
2024-10-19,SKU-112,10,0
2024-10-20,SKU-112,8,0
2024-10-21,SKU-112,8,0
2024-10-22,SKU-112,7,0
2024-10-23,SKU-112,5,0
2024-10-24,SKU-112,8,0
2024-10-25,SKU-112,5,0
2024-10-26,SKU-112,18,0
2024-10-27,SKU-112,4,0
2024-10-28,SKU-112,14,0
2024-10-29,SKU-112,7,0
2024-10-30,SKU-112,8,0
2024-10-31,SKU-112,7,0
2024-11-01,SKU-112,10,0
2024-11-02,SKU-112,9,0
2024-11-03,SKU-112,8,0
2024-11-04,SKU-112,13,1
2024-11-05,SKU-112,3,0
2024-11-06,SKU-112,6,0
2024-11-07,SKU-112,7,0
2024-11-08,SKU-112,12,0
2024-11-09,SKU-112,2,0
2024-11-10,SKU-112,7,0
2024-11-11,SKU-112,4,0
2024-11-12,SKU-112,3,0
2024-11-13,SKU-112,0,0
2024-11-14,SKU-112,12,0
2024-11-15,SKU-112,8,0
2024-11-16,SKU-112,1,0
2024-11-17,SKU-112,6,0
2024-11-18,SKU-112,4,0
2024-11-19,SKU-112,5,0
2024-11-20,SKU-112,2,1
2024-11-21,SKU-112,6,0
2024-11-22,SKU-112,3,0
2024-11-23,SKU-112,12,0
2024-11-24,SKU-112,5,0
2024-11-25,SKU-112,11,0
2024-11-26,SKU-112,1,0
2024-11-27,SKU-112,3,0
2024-11-28,SKU-112,5,0
2024-11-29,SKU-112,9,0
2024-11-30,SKU-112,5,0
2024-12-01,SKU-112,8,0
2024-12-02,SKU-112,4,0
2024-12-03,SKU-112,6,0
2024-12-04,SKU-112,7,0
2024-12-05,SKU-112,6,0
2024-12-06,SKU-112,9,0
2024-12-07,SKU-112,19,0
2024-12-08,SKU-112,7,0
2024-12-09,SKU-112,13,0
2024-12-10,SKU-112,8,0
2024-12-11,SKU-112,8,0
2024-12-12,SKU-112,7,0
2024-12-13,SKU-112,5,1
2024-12-14,SKU-112,8,0
2024-12-15,SKU-112,8,0
2024-12-16,SKU-112,3,0
2024-12-17,SKU-112,1,0
2024-12-18,SKU-112,7,0
2024-12-19,SKU-112,7,0
2024-12-20,SKU-112,1,0
2024-12-21,SKU-112,7,0
2024-12-22,SKU-112,13,0
2024-12-23,SKU-112,5,0
2024-12-24,SKU-112,0,0
2024-12-25,SKU-112,6,0
2024-12-26,SKU-112,9,0
2024-12-27,SKU-112,2,0
2024-12-28,SKU-112,6,0
2024-12-29,SKU-112,6,0
2024-12-30,SKU-112,6,0
2024-12-31,SKU-112,6,0
2025-01-01,SKU-112,11,0
2025-01-02,SKU-112,4,0
2025-01-03,SKU-112,19,0
2025-01-04,SKU-112,19,1
2025-01-05,SKU-112,3,0
2025-01-06,SKU-112,4,0
2025-01-07,SKU-112,1,0
2025-01-08,SKU-112,11,0
2025-01-09,SKU-112,5,0
2025-01-10,SKU-112,8,0
2025-01-11,SKU-112,7,0
2025-01-12,SKU-112,21,1
2025-01-13,SKU-112,8,0
2025-01-14,SKU-112,6,0
2025-01-15,SKU-112,2,0
2025-01-16,SKU-112,4,0
2025-01-17,SKU-112,7,0
2025-01-18,SKU-112,2,0
2025-01-19,SKU-112,9,0
2025-01-20,SKU-112,6,0
2025-01-21,SKU-112,5,0
2025-01-22,SKU-112,7,0
2025-01-23,SKU-112,1,0
2025-01-24,SKU-112,0,0
2025-01-25,SKU-112,3,0
2025-01-26,SKU-112,7,0
2025-01-27,SKU-112,11,0
2025-01-28,SKU-112,6,0
2025-01-29,SKU-112,2,0
2025-01-30,SKU-112,4,0
2025-01-31,SKU-112,11,1
2025-02-01,SKU-112,8,1
2025-02-02,SKU-112,12,0
2025-02-03,SKU-112,4,0
2025-02-04,SKU-112,1,0
2025-02-05,SKU-112,3,0
2025-02-06,SKU-112,7,0
2025-02-07,SKU-112,5,0
2025-02-08,SKU-112,12,0
2025-02-09,SKU-112,14,0
2025-02-10,SKU-112,2,0
2025-02-11,SKU-112,6,0
2025-02-12,SKU-112,3,0
2025-02-13,SKU-112,10,0
2025-02-14,SKU-112,1,0
2025-02-15,SKU-112,9,0
2025-02-16,SKU-112,10,0
2025-02-17,SKU-112,10,0
2025-02-18,SKU-112,6,0
2025-02-19,SKU-112,3,0
2025-02-20,SKU-112,3,0
2025-02-21,SKU-112,9,0
2025-02-22,SKU-112,6,0
2025-02-23,SKU-112,18,1
2025-02-24,SKU-112,6,0
2025-02-25,SKU-112,7,0
2025-02-26,SKU-112,9,0
2025-02-27,SKU-112,10,1
2025-02-28,SKU-112,5,0
2025-03-01,SKU-112,1,0
2025-03-02,SKU-112,13,0
2025-03-03,SKU-112,3,0
2025-03-04,SKU-112,7,0
2025-03-05,SKU-112,13,0
2025-03-06,SKU-112,1,0
2025-03-07,SKU-112,2,0
2025-03-08,SKU-112,5,0
2025-03-09,SKU-112,10,0
2025-03-10,SKU-112,6,0
2025-03-11,SKU-112,5,0
2025-03-12,SKU-112,6,0
2025-03-13,SKU-112,7,0
2025-03-14,SKU-112,2,0
2025-03-15,SKU-112,3,0
2025-03-16,SKU-112,2,0
2025-03-17,SKU-112,2,0
2025-03-18,SKU-112,3,0
2025-03-19,SKU-112,8,1
2025-03-20,SKU-112,7,0
2025-03-21,SKU-112,1,0
2025-03-22,SKU-112,13,0
2025-03-23,SKU-112,9,0
2025-03-24,SKU-112,3,0
2025-03-25,SKU-112,4,1
2025-03-26,SKU-112,5,0
2025-03-27,SKU-112,6,0
2025-03-28,SKU-112,2,0
2025-03-29,SKU-112,7,0
2025-03-30,SKU-112,13,1
2025-03-31,SKU-112,12,1
2025-04-01,SKU-112,6,0
2025-04-02,SKU-112,11,1
2025-04-03,SKU-112,5,0
2025-04-04,SKU-112,4,0
2025-04-05,SKU-112,3,0
2025-04-06,SKU-112,11,0
2025-04-07,SKU-112,4,0
2025-04-08,SKU-112,3,0
2025-04-09,SKU-112,4,0
2025-04-10,SKU-112,6,0
2025-04-11,SKU-112,9,0
2025-04-12,SKU-112,12,0
2025-04-13,SKU-112,10,0
2025-04-14,SKU-112,14,0
2025-04-15,SKU-112,5,0
2025-04-16,SKU-112,7,0
2025-04-17,SKU-112,2,0
2025-04-18,SKU-112,7,0
2025-04-19,SKU-112,7,0
2025-04-20,SKU-112,8,0
2025-04-21,SKU-112,4,0
2025-04-22,SKU-112,2,0
2025-04-23,SKU-112,3,0
2025-04-24,SKU-112,9,0
2025-04-25,SKU-112,13,1
2025-04-26,SKU-112,12,0
2025-04-27,SKU-112,5,0
2025-04-28,SKU-112,4,0
2025-04-29,SKU-112,7,0
2025-04-30,SKU-112,2,0
2025-05-01,SKU-112,4,0
2025-05-02,SKU-112,5,0
2025-05-03,SKU-112,9,1
2025-05-04,SKU-112,9,1
2025-05-05,SKU-112,5,1
2025-05-06,SKU-112,7,0
2025-05-07,SKU-112,6,0
2025-05-08,SKU-112,3,0
2025-05-09,SKU-112,6,0
2025-05-10,SKU-112,7,0
2025-05-11,SKU-112,7,0
2025-05-12,SKU-112,8,0
2025-05-13,SKU-112,2,0
2025-05-14,SKU-112,2,0
2025-05-15,SKU-112,4,0
2025-05-16,SKU-112,11,0
2025-05-17,SKU-112,3,0
2025-05-18,SKU-112,6,0
2025-05-19,SKU-112,1,0
2025-05-20,SKU-112,2,0
2025-05-21,SKU-112,3,0
2025-05-22,SKU-112,4,0
2025-05-23,SKU-112,6,0
2025-05-24,SKU-112,5,0
2025-05-25,SKU-112,7,0
2025-05-26,SKU-112,2,0
2025-05-27,SKU-112,6,0
2025-05-28,SKU-112,3,0
2025-05-29,SKU-112,2,0
2025-05-30,SKU-112,2,0
2025-05-31,SKU-112,5,0
2025-06-01,SKU-112,13,0
2025-06-02,SKU-112,1,0
2025-06-03,SKU-112,1,0
2025-06-04,SKU-112,5,0
2025-06-05,SKU-112,5,0
2025-06-06,SKU-112,4,0
2025-06-07,SKU-112,8,0
2025-06-08,SKU-112,12,1
2025-06-09,SKU-112,4,0
2025-06-10,SKU-112,8,0
2025-06-11,SKU-112,3,0
2025-06-12,SKU-112,10,0
2025-06-13,SKU-112,2,0
2025-06-14,SKU-112,12,0
2025-06-15,SKU-112,3,0
2025-06-16,SKU-112,8,1
2025-06-17,SKU-112,1,0
2025-06-18,SKU-112,9,0
2025-06-19,SKU-112,10,0
2025-06-20,SKU-112,6,0
2025-06-21,SKU-112,8,0
2025-06-22,SKU-112,2,0
2025-06-23,SKU-112,5,0
2025-06-24,SKU-112,3,0
2025-06-25,SKU-112,3,0
2025-06-26,SKU-112,3,0
2025-06-27,SKU-112,13,0
2025-06-28,SKU-112,6,0
2025-06-29,SKU-112,2,0
2025-06-30,SKU-112,2,0
2025-07-01,SKU-112,3,0
2025-07-02,SKU-112,6,0
2025-07-03,SKU-112,7,0
2025-07-04,SKU-112,8,0
2025-07-05,SKU-112,12,0
2025-07-06,SKU-112,8,1
2025-07-07,SKU-112,6,0
2025-07-08,SKU-112,8,0
2025-07-09,SKU-112,5,1
2025-07-10,SKU-112,8,0
2025-07-11,SKU-112,4,0
2025-07-12,SKU-112,9,0
2025-07-13,SKU-112,8,0
2025-07-14,SKU-112,1,0
2025-07-15,SKU-112,2,0
2025-07-16,SKU-112,5,0
2025-07-17,SKU-112,5,0
2025-07-18,SKU-112,8,1
2025-07-19,SKU-112,15,1
2025-07-20,SKU-112,12,0
2025-07-21,SKU-112,5,0
2025-07-22,SKU-112,3,0
2025-07-23,SKU-112,4,0
2025-07-24,SKU-112,4,0
2025-07-25,SKU-112,8,0
2025-07-26,SKU-112,6,0
2025-07-27,SKU-112,8,0
2025-07-28,SKU-112,1,0
2025-07-29,SKU-112,4,1
2025-07-30,SKU-112,11,1
2025-07-31,SKU-112,13,0
2025-08-01,SKU-112,5,0
2025-08-02,SKU-112,13,0
2025-08-03,SKU-112,7,0
2025-08-04,SKU-112,5,0
2025-08-05,SKU-112,5,0
2025-08-06,SKU-112,2,1
2025-08-07,SKU-112,6,0
2025-08-08,SKU-112,9,0
2025-08-09,SKU-112,4,0
2025-08-10,SKU-112,11,1
2025-08-11,SKU-112,1,0
2025-08-12,SKU-112,2,0
2025-08-13,SKU-112,4,0
2025-08-14,SKU-112,6,1
2025-08-15,SKU-112,3,0
2025-08-16,SKU-112,3,0
2025-08-17,SKU-112,7,0
2025-08-18,SKU-112,6,0
2025-08-19,SKU-112,4,0
2025-08-20,SKU-112,10,0
2025-08-21,SKU-112,8,0
2025-08-22,SKU-112,2,0
2025-08-23,SKU-112,9,0
2025-08-24,SKU-112,4,0
2025-08-25,SKU-112,6,0
2025-08-26,SKU-112,12,0
2025-08-27,SKU-112,8,0
2025-08-28,SKU-112,10,1
2025-08-29,SKU-112,6,0
2025-08-30,SKU-112,3,0
2025-08-31,SKU-112,13,0
2025-09-01,SKU-112,20,1
2025-09-02,SKU-112,4,0
2025-09-03,SKU-112,5,1
2025-09-04,SKU-112,9,0
2025-09-05,SKU-112,5,0
2025-09-06,SKU-112,11,0
2025-09-07,SKU-112,9,0
2025-09-08,SKU-112,8,0
2025-09-09,SKU-112,3,0
2025-09-10,SKU-112,3,0
2025-09-11,SKU-112,14,0
2025-09-12,SKU-112,6,0
2025-09-13,SKU-112,3,0
2025-09-14,SKU-112,5,0
2025-09-15,SKU-112,10,0
2025-09-16,SKU-112,8,0
2025-09-17,SKU-112,9,0
2025-09-18,SKU-112,1,0
2025-09-19,SKU-112,2,0
2025-09-20,SKU-112,7,0
2025-09-21,SKU-112,12,0
2025-09-22,SKU-112,8,0
2025-09-23,SKU-112,5,0
2025-09-24,SKU-112,11,0
2025-09-25,SKU-112,5,0
2025-09-26,SKU-112,12,0
2025-09-27,SKU-112,3,0
2025-09-28,SKU-112,12,1
2025-09-29,SKU-112,15,0
2025-09-30,SKU-112,10,0
2025-10-01,SKU-112,3,0
2025-10-02,SKU-112,5,0
2025-10-03,SKU-112,7,0
2025-10-04,SKU-112,12,0
2025-10-05,SKU-112,12,0
2025-10-06,SKU-112,7,0
2025-10-07,SKU-112,2,0
2025-10-08,SKU-112,5,0
2025-10-09,SKU-112,10,0
2025-10-10,SKU-112,5,0
2025-10-11,SKU-112,6,0
2025-10-12,SKU-112,6,0
2025-10-13,SKU-112,8,0
2025-10-14,SKU-112,9,1
2025-10-15,SKU-112,15,1
2025-10-16,SKU-112,10,0
2025-10-17,SKU-112,2,0
2025-10-18,SKU-112,5,0
2025-10-19,SKU-112,10,0
2025-10-20,SKU-112,8,0
2025-10-21,SKU-112,6,0
2025-10-22,SKU-112,0,0
2025-10-23,SKU-112,8,0
2025-10-24,SKU-112,5,0
2025-10-25,SKU-112,2,0
2025-10-26,SKU-112,16,0
2025-10-27,SKU-112,2,0
2025-10-28,SKU-112,3,0
2025-10-29,SKU-112,6,1
2025-10-30,SKU-112,5,0
2025-10-31,SKU-112,13,0
2025-11-01,SKU-112,5,0
2025-11-02,SKU-112,5,0
2025-11-03,SKU-112,2,0
2025-11-04,SKU-112,8,0
2025-11-05,SKU-112,8,0
2025-11-06,SKU-112,3,0
2025-11-07,SKU-112,7,0
2025-11-08,SKU-112,12,0
2025-11-09,SKU-112,6,0
2025-11-10,SKU-112,4,0
2025-11-11,SKU-112,3,0
2025-11-12,SKU-112,5,0
2025-11-13,SKU-112,5,0
2025-11-14,SKU-112,4,0
2025-11-15,SKU-112,11,0
2025-11-16,SKU-112,10,0
2025-11-17,SKU-112,9,0
2025-11-18,SKU-112,5,0
2025-11-19,SKU-112,6,0
2025-11-20,SKU-112,3,0
2025-11-21,SKU-112,8,0
2025-11-22,SKU-112,8,0
2025-11-23,SKU-112,4,0
2025-11-24,SKU-112,1,0
2025-11-25,SKU-112,8,0
2025-11-26,SKU-112,5,0
2025-11-27,SKU-112,8,1
2025-11-28,SKU-112,11,0
2025-11-29,SKU-112,5,0
2025-11-30,SKU-112,12,0
2025-12-01,SKU-112,5,0
2025-12-02,SKU-112,7,0
2025-12-03,SKU-112,3,0
2025-12-04,SKU-112,10,1
2025-12-05,SKU-112,7,0
2025-12-06,SKU-112,7,0
2025-12-07,SKU-112,4,0
2025-12-08,SKU-112,4,0
2025-12-09,SKU-112,4,0
2025-12-10,SKU-112,10,0
2025-12-11,SKU-112,2,0
2025-12-12,SKU-112,13,0
2025-12-13,SKU-112,11,0
2025-12-14,SKU-112,9,0
2025-12-15,SKU-112,16,0
2025-12-16,SKU-112,4,0
2025-12-17,SKU-112,8,0
2025-12-18,SKU-112,4,0
2025-12-19,SKU-112,7,1
2025-12-20,SKU-112,10,0
2025-12-21,SKU-112,1,0
2025-12-22,SKU-112,2,0
2025-12-23,SKU-112,4,0
2025-12-24,SKU-112,4,0
2025-12-25,SKU-112,2,0
2025-12-26,SKU-112,4,0
2025-12-27,SKU-112,10,0
2025-12-28,SKU-112,7,1
2025-12-29,SKU-112,4,1
2025-12-30,SKU-112,8,0
2025-12-31,SKU-112,3,0
2026-01-01,SKU-112,4,0
2026-01-02,SKU-112,13,0
2026-01-03,SKU-112,10,0
2026-01-04,SKU-112,7,0
2026-01-05,SKU-112,3,0
2026-01-06,SKU-112,3,0
2026-01-07,SKU-112,8,0
2026-01-08,SKU-112,6,0
2026-01-09,SKU-112,9,0
2026-01-10,SKU-112,3,0
2026-01-11,SKU-112,2,0
2026-01-12,SKU-112,6,0
2026-01-13,SKU-112,4,0
2026-01-14,SKU-112,7,0
2026-01-15,SKU-112,8,0
2026-01-16,SKU-112,5,0
2026-01-17,SKU-112,5,0
2026-01-18,SKU-112,9,0
2026-01-19,SKU-112,3,0
2026-01-20,SKU-112,6,1
2026-01-21,SKU-112,3,0
2026-01-22,SKU-112,11,0
2026-01-23,SKU-112,5,0
2026-01-24,SKU-112,1,0
2026-01-25,SKU-112,11,0
2026-01-26,SKU-112,8,0
2026-01-27,SKU-112,2,0
2026-01-28,SKU-112,9,0
2026-01-29,SKU-112,9,0
2026-01-30,SKU-112,4,0
2026-01-31,SKU-112,7,0
2026-02-01,SKU-112,5,1
2026-02-02,SKU-112,1,0
2026-02-03,SKU-112,5,0
2026-02-04,SKU-112,2,0
2026-02-05,SKU-112,1,0
2026-02-06,SKU-112,6,0
2026-02-07,SKU-112,7,0
2026-02-08,SKU-112,2,0
2026-02-09,SKU-112,8,0
2026-02-10,SKU-112,3,0
2026-02-11,SKU-112,9,0
2026-02-12,SKU-112,2,0
2026-02-13,SKU-112,10,0
2026-02-14,SKU-112,2,0
2026-02-15,SKU-112,11,0
2026-02-16,SKU-112,5,1
2026-02-17,SKU-112,3,0
2026-02-18,SKU-112,11,1
2026-02-19,SKU-112,6,0
2026-02-20,SKU-112,8,0
2026-02-21,SKU-112,5,0
2026-02-22,SKU-112,8,0
2026-02-23,SKU-112,7,0
2026-02-24,SKU-112,5,0
2026-02-25,SKU-112,3,0
2026-02-26,SKU-112,7,1
2026-02-27,SKU-112,5,0
2026-02-28,SKU-112,3,0
2026-03-01,SKU-112,7,0
2026-03-02,SKU-112,6,0
2026-03-03,SKU-112,6,0
2026-03-04,SKU-112,2,0
2026-03-05,SKU-112,3,0
2026-03-06,SKU-112,8,0
2026-03-07,SKU-112,3,0
2026-03-08,SKU-112,4,0
2026-03-09,SKU-112,4,0
2026-03-10,SKU-112,4,0
2026-03-11,SKU-112,8,0
2026-03-12,SKU-112,6,0
2026-03-13,SKU-112,7,0
2026-03-14,SKU-112,2,0
2026-03-15,SKU-112,9,0
2026-03-16,SKU-112,5,0
2026-03-17,SKU-112,2,0
2026-03-18,SKU-112,7,0
2026-03-19,SKU-112,4,0
2026-03-20,SKU-112,5,0
2026-03-21,SKU-112,8,0
2026-03-22,SKU-112,17,0
2026-03-23,SKU-112,2,0
2026-03-24,SKU-112,13,0
2026-03-25,SKU-112,4,0
2026-03-26,SKU-112,8,0
2026-03-27,SKU-112,3,0
2026-03-28,SKU-112,12,0
2026-03-29,SKU-112,7,0
2026-03-30,SKU-112,4,0
2026-03-31,SKU-112,5,0
2026-04-01,SKU-112,3,0
2026-04-02,SKU-112,8,0
2026-04-03,SKU-112,2,0
2026-04-04,SKU-112,4,0
2026-04-05,SKU-112,4,0
2026-04-06,SKU-112,6,0
2026-04-07,SKU-112,5,0
2026-04-08,SKU-112,7,0
2026-04-09,SKU-112,3,0
2026-04-10,SKU-112,4,0
2026-04-11,SKU-112,5,0
2026-04-12,SKU-112,6,0
2026-04-13,SKU-112,9,0
2026-04-14,SKU-112,5,0
2026-04-15,SKU-112,13,0
2026-04-16,SKU-112,3,0
2026-04-17,SKU-112,4,0
2026-04-18,SKU-112,0,0
2026-04-19,SKU-112,6,0
2026-04-20,SKU-112,6,0
2026-04-21,SKU-112,10,1
2026-04-22,SKU-112,2,0
2026-04-23,SKU-112,2,0
2026-04-24,SKU-112,15,0
2026-04-25,SKU-112,2,0
2026-04-26,SKU-112,2,0
2026-04-27,SKU-112,0,0
2026-04-28,SKU-112,7,0
2026-04-29,SKU-112,3,0
2026-04-30,SKU-112,3,0
2026-05-01,SKU-112,3,1
2026-05-02,SKU-112,4,0
2026-05-03,SKU-112,4,0
2026-05-04,SKU-112,3,0
2026-05-05,SKU-112,5,0
2026-05-06,SKU-112,0,0
2026-05-07,SKU-112,8,0
2026-05-08,SKU-112,4,0
2026-05-09,SKU-112,3,0
2026-05-10,SKU-112,1,0
2026-05-11,SKU-112,6,0
2026-05-12,SKU-112,6,0
2026-05-13,SKU-112,3,0
2026-05-14,SKU-112,8,0
2026-05-15,SKU-112,2,0
2026-05-16,SKU-112,6,0
2026-05-17,SKU-112,16,0
2026-05-18,SKU-112,4,0
2026-05-19,SKU-112,3,0
2026-05-20,SKU-112,2,0
2026-05-21,SKU-112,4,0
2026-05-22,SKU-112,17,1
2026-05-23,SKU-112,11,0
2026-05-24,SKU-112,9,0
2026-05-25,SKU-112,6,0
2026-05-26,SKU-112,7,1
2026-05-27,SKU-112,2,0
2026-05-28,SKU-112,7,0
2026-05-29,SKU-112,11,0
2026-05-30,SKU-112,8,0
2026-05-31,SKU-112,9,0
2026-06-01,SKU-112,4,0
2026-06-02,SKU-112,3,0
2026-06-03,SKU-112,12,1
2026-06-04,SKU-112,9,0
2026-06-05,SKU-112,6,0
2026-06-06,SKU-112,8,0
2026-06-07,SKU-112,4,0
2026-06-08,SKU-112,2,0
2026-06-09,SKU-112,2,0
2026-06-10,SKU-112,6,0
2026-06-11,SKU-112,11,0
2026-06-12,SKU-112,5,0
2026-06-13,SKU-112,11,0
2026-06-14,SKU-112,5,0
2026-06-15,SKU-112,8,0
2026-06-16,SKU-112,2,0
2026-06-17,SKU-112,11,0
2026-06-18,SKU-112,12,0
2026-06-19,SKU-112,4,0
2026-06-20,SKU-112,11,1
2026-06-21,SKU-112,15,0
2026-06-22,SKU-112,5,0
2026-06-23,SKU-112,4,0
2026-06-24,SKU-112,7,0
2026-06-25,SKU-112,10,1
2026-06-26,SKU-112,3,0
2026-06-27,SKU-112,4,0
2026-06-28,SKU-112,9,0
2026-06-29,SKU-112,7,0
2026-06-30,SKU-112,3,0
2026-07-01,SKU-112,9,1
2026-07-02,SKU-112,10,0
2026-07-03,SKU-112,21,0
2026-07-04,SKU-112,10,0
2026-07-05,SKU-112,11,0
2026-07-06,SKU-112,9,0
2026-07-07,SKU-112,9,0
2026-07-08,SKU-112,2,0
2026-07-09,SKU-112,5,0
2026-07-10,SKU-112,3,0
2026-07-11,SKU-112,8,1
2026-07-12,SKU-112,10,0
2026-07-13,SKU-112,11,0
2026-07-14,SKU-112,5,0
2026-07-15,SKU-112,5,0
2026-07-16,SKU-112,3,0
2026-07-17,SKU-112,7,0
2026-07-18,SKU-112,3,0
2026-07-19,SKU-112,6,0
2026-07-20,SKU-112,4,0
2026-07-21,SKU-112,7,0
2026-07-22,SKU-112,5,0
2026-07-23,SKU-112,8,0
2026-07-24,SKU-112,6,0
2026-07-25,SKU-112,2,0
2026-07-26,SKU-112,9,0
2026-07-27,SKU-112,5,0
2026-07-28,SKU-112,9,0
2026-07-29,SKU-112,2,0
2026-07-30,SKU-112,0,0
2026-07-31,SKU-112,7,0
2026-08-01,SKU-112,7,0
2026-08-02,SKU-112,9,0
2026-08-03,SKU-112,6,0
2026-08-04,SKU-112,8,0
2026-08-05,SKU-112,2,0
2026-08-06,SKU-112,5,0
2026-08-07,SKU-112,13,0
2026-08-08,SKU-112,11,0
2026-08-09,SKU-112,5,0
2026-08-10,SKU-112,3,0
2026-08-11,SKU-112,5,0
2026-08-12,SKU-112,11,0
2026-08-13,SKU-112,5,1
2026-08-14,SKU-112,4,0
2026-08-15,SKU-112,3,0
2026-08-16,SKU-112,10,1
2026-08-17,SKU-112,4,0
2026-08-18,SKU-112,4,0
2026-08-19,SKU-112,4,0
2026-08-20,SKU-112,7,0
2026-08-21,SKU-112,8,0
2026-08-22,SKU-112,2,0
2026-08-23,SKU-112,11,0
2026-08-24,SKU-112,3,0
2026-08-25,SKU-112,4,0
2026-08-26,SKU-112,2,0
2026-08-27,SKU-112,8,0
2026-08-28,SKU-112,10,0
2026-08-29,SKU-112,6,0
2026-08-30,SKU-112,12,0
2026-08-31,SKU-112,13,0
2026-09-01,SKU-112,2,0
2026-09-02,SKU-112,13,0
2026-09-03,SKU-112,10,0
2026-09-04,SKU-112,6,0
2026-09-05,SKU-112,6,0
2026-09-06,SKU-112,4,0
2026-09-07,SKU-112,5,1
2026-09-08,SKU-112,10,0
2026-09-09,SKU-112,9,0
2026-09-10,SKU-112,4,0
2026-09-11,SKU-112,8,0
2026-09-12,SKU-112,8,1
2026-09-13,SKU-112,4,0
2026-09-14,SKU-112,5,0
2026-09-15,SKU-112,5,0
2026-09-16,SKU-112,15,0
2026-09-17,SKU-112,2,0
2026-09-18,SKU-112,3,0
2026-09-19,SKU-112,5,1
2026-09-20,SKU-112,13,0
2026-09-21,SKU-112,4,0
2026-09-22,SKU-112,10,0
2026-09-23,SKU-112,7,0
2026-09-24,SKU-112,7,0
2026-09-25,SKU-112,9,0
2026-09-26,SKU-112,5,0
2026-09-27,SKU-112,4,0
2026-09-28,SKU-112,2,0
2026-09-29,SKU-112,5,0
2026-09-30,SKU-112,14,0
2024-10-01,SKU-113,3,0
2024-10-02,SKU-113,4,0
2024-10-03,SKU-113,7,0
2024-10-04,SKU-113,3,0
2024-10-05,SKU-113,5,0
2024-10-06,SKU-113,4,0
2024-10-07,SKU-113,0,1
2024-10-08,SKU-113,1,0
2024-10-09,SKU-113,2,0
2024-10-10,SKU-113,1,0
2024-10-11,SKU-113,2,0
2024-10-12,SKU-113,6,0
2024-10-13,SKU-113,6,1
2024-10-14,SKU-113,2,0
2024-10-15,SKU-113,6,0
2024-10-16,SKU-113,2,0
2024-10-17,SKU-113,4,0
2024-10-18,SKU-113,3,1
2024-10-19,SKU-113,4,0
2024-10-20,SKU-113,0,0
2024-10-21,SKU-113,1,0
2024-10-22,SKU-113,3,0
2024-10-23,SKU-113,4,0
2024-10-24,SKU-113,3,0
2024-10-25,SKU-113,8,0
2024-10-26,SKU-113,4,0
2024-10-27,SKU-113,10,0
2024-10-28,SKU-113,4,0
2024-10-29,SKU-113,6,0
2024-10-30,SKU-113,5,0
2024-10-31,SKU-113,7,0
2024-11-01,SKU-113,5,0
2024-11-02,SKU-113,10,0
2024-11-03,SKU-113,3,0
2024-11-04,SKU-113,2,1
2024-11-05,SKU-113,1,0
2024-11-06,SKU-113,6,0
2024-11-07,SKU-113,11,0
2024-11-08,SKU-113,4,0
2024-11-09,SKU-113,2,0
2024-11-10,SKU-113,3,0
2024-11-11,SKU-113,3,0
2024-11-12,SKU-113,1,0
2024-11-13,SKU-113,4,0
2024-11-14,SKU-113,0,0
2024-11-15,SKU-113,8,1
2024-11-16,SKU-113,3,0
2024-11-17,SKU-113,9,1
2024-11-18,SKU-113,5,0
2024-11-19,SKU-113,3,0
2024-11-20,SKU-113,4,0
2024-11-21,SKU-113,3,0
2024-11-22,SKU-113,1,0
2024-11-23,SKU-113,0,0
2024-11-24,SKU-113,3,0
2024-11-25,SKU-113,4,0
2024-11-26,SKU-113,5,0
2024-11-27,SKU-113,1,0
2024-11-28,SKU-113,2,0
2024-11-29,SKU-113,5,0
2024-11-30,SKU-113,5,0
2024-12-01,SKU-113,3,0
2024-12-02,SKU-113,0,0
2024-12-03,SKU-113,1,0
2024-12-04,SKU-113,1,0
2024-12-05,SKU-113,3,0
2024-12-06,SKU-113,3,0
2024-12-07,SKU-113,4,0
2024-12-08,SKU-113,4,0
2024-12-09,SKU-113,1,0
2024-12-10,SKU-113,1,0
2024-12-11,SKU-113,3,0
2024-12-12,SKU-113,5,0
2024-12-13,SKU-113,4,1
2024-12-14,SKU-113,1,0
2024-12-15,SKU-113,2,0
2024-12-16,SKU-113,3,0
2024-12-17,SKU-113,2,0
2024-12-18,SKU-113,3,1
2024-12-19,SKU-113,0,0
2024-12-20,SKU-113,3,0
2024-12-21,SKU-113,1,0
2024-12-22,SKU-113,3,0
2024-12-23,SKU-113,1,0
2024-12-24,SKU-113,2,0
2024-12-25,SKU-113,4,0
2024-12-26,SKU-113,2,0
2024-12-27,SKU-113,4,0
2024-12-28,SKU-113,5,0
2024-12-29,SKU-113,3,0
2024-12-30,SKU-113,7,0
2024-12-31,SKU-113,1,0
2025-01-01,SKU-113,4,0
2025-01-02,SKU-113,2,0
2025-01-03,SKU-113,8,0
2025-01-04,SKU-113,5,0
2025-01-05,SKU-113,6,0
2025-01-06,SKU-113,0,0
2025-01-07,SKU-113,2,0
2025-01-08,SKU-113,4,0
2025-01-09,SKU-113,3,0
2025-01-10,SKU-113,2,0
2025-01-11,SKU-113,8,0
2025-01-12,SKU-113,3,0
2025-01-13,SKU-113,4,0
2025-01-14,SKU-113,3,0
2025-01-15,SKU-113,1,0
2025-01-16,SKU-113,5,0
2025-01-17,SKU-113,3,0
2025-01-18,SKU-113,3,0
2025-01-19,SKU-113,3,0
2025-01-20,SKU-113,5,0
2025-01-21,SKU-113,5,1
2025-01-22,SKU-113,2,0
2025-01-23,SKU-113,1,0
2025-01-24,SKU-113,1,0
2025-01-25,SKU-113,7,0
2025-01-26,SKU-113,5,0
2025-01-27,SKU-113,3,0
2025-01-28,SKU-113,1,0
2025-01-29,SKU-113,1,0
2025-01-30,SKU-113,6,0
2025-01-31,SKU-113,4,1
2025-02-01,SKU-113,3,0
2025-02-02,SKU-113,5,0
2025-02-03,SKU-113,3,0
2025-02-04,SKU-113,3,0
2025-02-05,SKU-113,5,1
2025-02-06,SKU-113,0,0
2025-02-07,SKU-113,2,0
2025-02-08,SKU-113,5,1
2025-02-09,SKU-113,3,0
2025-02-10,SKU-113,1,0
2025-02-11,SKU-113,2,0
2025-02-12,SKU-113,1,0
2025-02-13,SKU-113,1,0
2025-02-14,SKU-113,5,1
2025-02-15,SKU-113,8,0
2025-02-16,SKU-113,2,0
2025-02-17,SKU-113,5,0
2025-02-18,SKU-113,7,0
2025-02-19,SKU-113,2,0
2025-02-20,SKU-113,3,0
2025-02-21,SKU-113,2,0
2025-02-22,SKU-113,3,0
2025-02-23,SKU-113,4,0
2025-02-24,SKU-113,3,0
2025-02-25,SKU-113,2,0
2025-02-26,SKU-113,1,1
2025-02-27,SKU-113,3,0
2025-02-28,SKU-113,2,0
2025-03-01,SKU-113,4,0
2025-03-02,SKU-113,5,0
2025-03-03,SKU-113,7,0
2025-03-04,SKU-113,0,0
2025-03-05,SKU-113,4,1
2025-03-06,SKU-113,5,0
2025-03-07,SKU-113,4,1
2025-03-08,SKU-113,5,0
2025-03-09,SKU-113,7,0
2025-03-10,SKU-113,1,0
2025-03-11,SKU-113,4,0
2025-03-12,SKU-113,2,0
2025-03-13,SKU-113,5,0
2025-03-14,SKU-113,2,0
2025-03-15,SKU-113,2,1
2025-03-16,SKU-113,1,0
2025-03-17,SKU-113,3,0
2025-03-18,SKU-113,6,0
2025-03-19,SKU-113,1,0
2025-03-20,SKU-113,5,0
2025-03-21,SKU-113,6,0
2025-03-22,SKU-113,1,0
2025-03-23,SKU-113,3,0
2025-03-24,SKU-113,1,0
2025-03-25,SKU-113,3,0
2025-03-26,SKU-113,4,0
2025-03-27,SKU-113,2,0
2025-03-28,SKU-113,4,0
2025-03-29,SKU-113,6,0
2025-03-30,SKU-113,5,0
2025-03-31,SKU-113,4,1
2025-04-01,SKU-113,2,0
2025-04-02,SKU-113,2,0
2025-04-03,SKU-113,3,0
2025-04-04,SKU-113,4,0
2025-04-05,SKU-113,11,0
2025-04-06,SKU-113,3,0
2025-04-07,SKU-113,4,0
2025-04-08,SKU-113,2,0
2025-04-09,SKU-113,4,0
2025-04-10,SKU-113,3,0
2025-04-11,SKU-113,2,0
2025-04-12,SKU-113,1,0
2025-04-13,SKU-113,2,0
2025-04-14,SKU-113,2,0
2025-04-15,SKU-113,3,0
2025-04-16,SKU-113,1,0
2025-04-17,SKU-113,0,1
2025-04-18,SKU-113,6,0
2025-04-19,SKU-113,1,0
2025-04-20,SKU-113,8,0
2025-04-21,SKU-113,0,0
2025-04-22,SKU-113,7,0
2025-04-23,SKU-113,11,0
2025-04-24,SKU-113,3,1
2025-04-25,SKU-113,3,0
2025-04-26,SKU-113,2,0
2025-04-27,SKU-113,3,0
2025-04-28,SKU-113,3,0
2025-04-29,SKU-113,0,0
2025-04-30,SKU-113,3,1
2025-05-01,SKU-113,0,0
2025-05-02,SKU-113,7,0
2025-05-03,SKU-113,1,0
2025-05-04,SKU-113,1,0
2025-05-05,SKU-113,2,0
2025-05-06,SKU-113,4,0
2025-05-07,SKU-113,5,0
2025-05-08,SKU-113,0,0
2025-05-09,SKU-113,4,1
2025-05-10,SKU-113,5,0
2025-05-11,SKU-113,0,0
2025-05-12,SKU-113,0,0
2025-05-13,SKU-113,3,0
2025-05-14,SKU-113,1,0
2025-05-15,SKU-113,4,0
2025-05-16,SKU-113,4,0
2025-05-17,SKU-113,4,0
2025-05-18,SKU-113,6,0
2025-05-19,SKU-113,1,0
2025-05-20,SKU-113,6,0
2025-05-21,SKU-113,2,0
2025-05-22,SKU-113,2,0
2025-05-23,SKU-113,3,0
2025-05-24,SKU-113,0,1
2025-05-25,SKU-113,1,0
2025-05-26,SKU-113,6,0
2025-05-27,SKU-113,8,1
2025-05-28,SKU-113,3,0
2025-05-29,SKU-113,3,0
2025-05-30,SKU-113,2,0
2025-05-31,SKU-113,6,0
2025-06-01,SKU-113,3,0
2025-06-02,SKU-113,4,1
2025-06-03,SKU-113,0,0
2025-06-04,SKU-113,1,0
2025-06-05,SKU-113,4,0
2025-06-06,SKU-113,1,0
2025-06-07,SKU-113,3,0
2025-06-08,SKU-113,4,0
2025-06-09,SKU-113,0,0
2025-06-10,SKU-113,0,0
2025-06-11,SKU-113,2,0
2025-06-12,SKU-113,2,0
2025-06-13,SKU-113,2,0
2025-06-14,SKU-113,1,0
2025-06-15,SKU-113,7,0
2025-06-16,SKU-113,0,0
2025-06-17,SKU-113,1,0
2025-06-18,SKU-113,4,0
2025-06-19,SKU-113,6,0
2025-06-20,SKU-113,2,0
2025-06-21,SKU-113,2,1
2025-06-22,SKU-113,7,0
2025-06-23,SKU-113,1,0
2025-06-24,SKU-113,5,0
2025-06-25,SKU-113,4,0
2025-06-26,SKU-113,2,0
2025-06-27,SKU-113,2,0
2025-06-28,SKU-113,4,0
2025-06-29,SKU-113,6,0
2025-06-30,SKU-113,3,0
2025-07-01,SKU-113,0,0
2025-07-02,SKU-113,3,0
2025-07-03,SKU-113,4,0
2025-07-04,SKU-113,1,0
2025-07-05,SKU-113,3,0
2025-07-06,SKU-113,1,0
2025-07-07,SKU-113,7,0
2025-07-08,SKU-113,3,0
2025-07-09,SKU-113,6,0
2025-07-10,SKU-113,1,0
2025-07-11,SKU-113,3,0
2025-07-12,SKU-113,2,0
2025-07-13,SKU-113,4,0
2025-07-14,SKU-113,3,0
2025-07-15,SKU-113,0,0
2025-07-16,SKU-113,6,0
2025-07-17,SKU-113,5,0
2025-07-18,SKU-113,1,0
2025-07-19,SKU-113,5,0
2025-07-20,SKU-113,3,0
2025-07-21,SKU-113,4,0
2025-07-22,SKU-113,4,0
2025-07-23,SKU-113,2,0
2025-07-24,SKU-113,2,0
2025-07-25,SKU-113,1,0
2025-07-26,SKU-113,2,0
2025-07-27,SKU-113,5,1
2025-07-28,SKU-113,6,0
2025-07-29,SKU-113,2,0
2025-07-30,SKU-113,4,0
2025-07-31,SKU-113,4,0
2025-08-01,SKU-113,0,1
2025-08-02,SKU-113,15,1
2025-08-03,SKU-113,4,0
2025-08-04,SKU-113,1,0
2025-08-05,SKU-113,2,0
2025-08-06,SKU-113,3,0
2025-08-07,SKU-113,2,0
2025-08-08,SKU-113,4,0
2025-08-09,SKU-113,8,0
2025-08-10,SKU-113,7,0
2025-08-11,SKU-113,3,1
2025-08-12,SKU-113,1,0
2025-08-13,SKU-113,3,0
2025-08-14,SKU-113,4,0
2025-08-15,SKU-113,2,0
2025-08-16,SKU-113,1,0
2025-08-17,SKU-113,2,0
2025-08-18,SKU-113,1,0
2025-08-19,SKU-113,2,1
2025-08-20,SKU-113,3,0
2025-08-21,SKU-113,4,0
2025-08-22,SKU-113,3,0
2025-08-23,SKU-113,4,0
2025-08-24,SKU-113,4,0
2025-08-25,SKU-113,2,0
2025-08-26,SKU-113,4,1
2025-08-27,SKU-113,4,0
2025-08-28,SKU-113,2,0
2025-08-29,SKU-113,0,0
2025-08-30,SKU-113,3,0
2025-08-31,SKU-113,2,0
2025-09-01,SKU-113,3,1
2025-09-02,SKU-113,0,0
2025-09-03,SKU-113,3,1
2025-09-04,SKU-113,1,0
2025-09-05,SKU-113,0,0
2025-09-06,SKU-113,3,0
2025-09-07,SKU-113,4,1
2025-09-08,SKU-113,6,0
2025-09-09,SKU-113,3,0
2025-09-10,SKU-113,4,0
2025-09-11,SKU-113,3,0
2025-09-12,SKU-113,4,0
2025-09-13,SKU-113,1,0
2025-09-14,SKU-113,2,0
2025-09-15,SKU-113,4,0
2025-09-16,SKU-113,3,0
2025-09-17,SKU-113,5,0
2025-09-18,SKU-113,6,1
2025-09-19,SKU-113,1,0
2025-09-20,SKU-113,3,0
2025-09-21,SKU-113,2,0
2025-09-22,SKU-113,3,0
2025-09-23,SKU-113,1,0
2025-09-24,SKU-113,0,0
2025-09-25,SKU-113,0,0
2025-09-26,SKU-113,1,0
2025-09-27,SKU-113,7,0
2025-09-28,SKU-113,5,0
2025-09-29,SKU-113,2,0
2025-09-30,SKU-113,4,0
2025-10-01,SKU-113,4,0
2025-10-02,SKU-113,2,0
2025-10-03,SKU-113,4,1
2025-10-04,SKU-113,9,0
2025-10-05,SKU-113,7,0
2025-10-06,SKU-113,6,0
2025-10-07,SKU-113,2,0
2025-10-08,SKU-113,2,0
2025-10-09,SKU-113,5,0
2025-10-10,SKU-113,5,0
2025-10-11,SKU-113,2,0
2025-10-12,SKU-113,6,0
2025-10-13,SKU-113,1,0
2025-10-14,SKU-113,6,0
2025-10-15,SKU-113,6,1
2025-10-16,SKU-113,4,0
2025-10-17,SKU-113,4,0
2025-10-18,SKU-113,2,0
2025-10-19,SKU-113,7,0
2025-10-20,SKU-113,4,0
2025-10-21,SKU-113,10,0
2025-10-22,SKU-113,0,0
2025-10-23,SKU-113,7,0
2025-10-24,SKU-113,0,0
2025-10-25,SKU-113,1,0
2025-10-26,SKU-113,1,0
2025-10-27,SKU-113,2,0
2025-10-28,SKU-113,2,0
2025-10-29,SKU-113,3,0
2025-10-30,SKU-113,3,1
2025-10-31,SKU-113,0,0
2025-11-01,SKU-113,5,0
2025-11-02,SKU-113,1,0
2025-11-03,SKU-113,2,0
2025-11-04,SKU-113,5,0
2025-11-05,SKU-113,1,0
2025-11-06,SKU-113,2,0
2025-11-07,SKU-113,1,0
2025-11-08,SKU-113,4,0
2025-11-09,SKU-113,6,0
2025-11-10,SKU-113,0,0
2025-11-11,SKU-113,9,0
2025-11-12,SKU-113,5,0
2025-11-13,SKU-113,2,0
2025-11-14,SKU-113,3,0
2025-11-15,SKU-113,3,0
2025-11-16,SKU-113,2,0
2025-11-17,SKU-113,4,0
2025-11-18,SKU-113,1,0
2025-11-19,SKU-113,4,1
2025-11-20,SKU-113,1,0
2025-11-21,SKU-113,4,0
2025-11-22,SKU-113,8,0
2025-11-23,SKU-113,4,0
2025-11-24,SKU-113,1,0
2025-11-25,SKU-113,4,0
2025-11-26,SKU-113,10,0
2025-11-27,SKU-113,1,0
2025-11-28,SKU-113,5,1
2025-11-29,SKU-113,10,0
2025-11-30,SKU-113,4,0
2025-12-01,SKU-113,5,0
2025-12-02,SKU-113,8,0
2025-12-03,SKU-113,5,0
2025-12-04,SKU-113,2,0
2025-12-05,SKU-113,1,0
2025-12-06,SKU-113,3,1
2025-12-07,SKU-113,4,0
2025-12-08,SKU-113,5,1
2025-12-09,SKU-113,0,0
2025-12-10,SKU-113,2,0
2025-12-11,SKU-113,1,0
2025-12-12,SKU-113,3,0
2025-12-13,SKU-113,2,0
2025-12-14,SKU-113,3,0
2025-12-15,SKU-113,7,0
2025-12-16,SKU-113,2,0
2025-12-17,SKU-113,4,0
2025-12-18,SKU-113,2,0
2025-12-19,SKU-113,3,0
2025-12-20,SKU-113,0,0
2025-12-21,SKU-113,1,0
2025-12-22,SKU-113,2,0
2025-12-23,SKU-113,1,0
2025-12-24,SKU-113,4,1
2025-12-25,SKU-113,2,0
2025-12-26,SKU-113,6,0
2025-12-27,SKU-113,2,0
2025-12-28,SKU-113,7,0
2025-12-29,SKU-113,3,0
2025-12-30,SKU-113,4,0
2025-12-31,SKU-113,2,0
2026-01-01,SKU-113,4,0
2026-01-02,SKU-113,1,0
2026-01-03,SKU-113,3,0
2026-01-04,SKU-113,5,0
2026-01-05,SKU-113,2,1
2026-01-06,SKU-113,2,0
2026-01-07,SKU-113,2,0
2026-01-08,SKU-113,2,0
2026-01-09,SKU-113,2,0
2026-01-10,SKU-113,8,0
2026-01-11,SKU-113,1,0
2026-01-12,SKU-113,3,0
2026-01-13,SKU-113,6,0
2026-01-14,SKU-113,2,0
2026-01-15,SKU-113,1,0
2026-01-16,SKU-113,4,0
2026-01-17,SKU-113,13,0
2026-01-18,SKU-113,1,0
2026-01-19,SKU-113,3,0
2026-01-20,SKU-113,1,0
2026-01-21,SKU-113,1,0
2026-01-22,SKU-113,8,0
2026-01-23,SKU-113,1,0
2026-01-24,SKU-113,2,0
2026-01-25,SKU-113,0,0
2026-01-26,SKU-113,4,0
2026-01-27,SKU-113,3,1
2026-01-28,SKU-113,2,0
2026-01-29,SKU-113,7,0
2026-01-30,SKU-113,3,0
2026-01-31,SKU-113,2,0
2026-02-01,SKU-113,2,0
2026-02-02,SKU-113,2,1
2026-02-03,SKU-113,2,0
2026-02-04,SKU-113,3,0
2026-02-05,SKU-113,3,0
2026-02-06,SKU-113,1,0
2026-02-07,SKU-113,3,0
2026-02-08,SKU-113,1,0
2026-02-09,SKU-113,7,1
2026-02-10,SKU-113,3,1
2026-02-11,SKU-113,3,1
2026-02-12,SKU-113,5,0
2026-02-13,SKU-113,0,0
2026-02-14,SKU-113,5,0
2026-02-15,SKU-113,4,0
2026-02-16,SKU-113,3,1
2026-02-17,SKU-113,6,0
2026-02-18,SKU-113,5,0
2026-02-19,SKU-113,1,0
2026-02-20,SKU-113,4,0
2026-02-21,SKU-113,0,0
2026-02-22,SKU-113,7,0
2026-02-23,SKU-113,1,1
2026-02-24,SKU-113,2,0
2026-02-25,SKU-113,1,0
2026-02-26,SKU-113,2,0
2026-02-27,SKU-113,3,0
2026-02-28,SKU-113,2,0
2026-03-01,SKU-113,3,0
2026-03-02,SKU-113,2,0
2026-03-03,SKU-113,6,0
2026-03-04,SKU-113,3,0
2026-03-05,SKU-113,3,0
2026-03-06,SKU-113,5,0
2026-03-07,SKU-113,2,0
2026-03-08,SKU-113,11,0
2026-03-09,SKU-113,6,0
2026-03-10,SKU-113,3,1
2026-03-11,SKU-113,3,0
2026-03-12,SKU-113,2,0
2026-03-13,SKU-113,8,0
2026-03-14,SKU-113,8,0
2026-03-15,SKU-113,5,0
2026-03-16,SKU-113,3,0
2026-03-17,SKU-113,3,0
2026-03-18,SKU-113,2,0
2026-03-19,SKU-113,2,0
2026-03-20,SKU-113,1,0
2026-03-21,SKU-113,2,0
2026-03-22,SKU-113,6,0
2026-03-23,SKU-113,0,0
2026-03-24,SKU-113,5,0
2026-03-25,SKU-113,6,0
2026-03-26,SKU-113,3,0
2026-03-27,SKU-113,4,0
2026-03-28,SKU-113,5,0
2026-03-29,SKU-113,5,0
2026-03-30,SKU-113,4,0
2026-03-31,SKU-113,2,0
2026-04-01,SKU-113,3,0
2026-04-02,SKU-113,4,0
2026-04-03,SKU-113,4,0
2026-04-04,SKU-113,2,0
2026-04-05,SKU-113,8,0
2026-04-06,SKU-113,2,0
2026-04-07,SKU-113,4,0
2026-04-08,SKU-113,4,0
2026-04-09,SKU-113,4,0
2026-04-10,SKU-113,7,0
2026-04-11,SKU-113,2,0
2026-04-12,SKU-113,8,0
2026-04-13,SKU-113,3,0
2026-04-14,SKU-113,1,0
2026-04-15,SKU-113,9,0
2026-04-16,SKU-113,2,0
2026-04-17,SKU-113,5,0
2026-04-18,SKU-113,6,0
2026-04-19,SKU-113,8,1
2026-04-20,SKU-113,2,0
2026-04-21,SKU-113,1,0
2026-04-22,SKU-113,2,0
2026-04-23,SKU-113,6,0
2026-04-24,SKU-113,3,0
2026-04-25,SKU-113,3,0
2026-04-26,SKU-113,6,0
2026-04-27,SKU-113,3,0
2026-04-28,SKU-113,4,0
2026-04-29,SKU-113,1,0
2026-04-30,SKU-113,5,0
2026-05-01,SKU-113,2,0
2026-05-02,SKU-113,1,0
2026-05-03,SKU-113,2,1
2026-05-04,SKU-113,1,0
2026-05-05,SKU-113,1,0
2026-05-06,SKU-113,4,0
2026-05-07,SKU-113,1,0
2026-05-08,SKU-113,5,0
2026-05-09,SKU-113,7,0
2026-05-10,SKU-113,7,0
2026-05-11,SKU-113,2,0
2026-05-12,SKU-113,2,0
2026-05-13,SKU-113,0,0
2026-05-14,SKU-113,3,0
2026-05-15,SKU-113,0,0
2026-05-16,SKU-113,9,0
2026-05-17,SKU-113,7,0
2026-05-18,SKU-113,4,0
2026-05-19,SKU-113,2,0
2026-05-20,SKU-113,4,0
2026-05-21,SKU-113,2,0
2026-05-22,SKU-113,5,0
2026-05-23,SKU-113,2,0
2026-05-24,SKU-113,5,0
2026-05-25,SKU-113,0,0
2026-05-26,SKU-113,2,1
2026-05-27,SKU-113,0,0
2026-05-28,SKU-113,1,0
2026-05-29,SKU-113,3,0
2026-05-30,SKU-113,8,0
2026-05-31,SKU-113,4,0
2026-06-01,SKU-113,1,0
2026-06-02,SKU-113,2,0
2026-06-03,SKU-113,1,0
2026-06-04,SKU-113,0,0
2026-06-05,SKU-113,1,0
2026-06-06,SKU-113,4,0
2026-06-07,SKU-113,2,0
2026-06-08,SKU-113,2,0
2026-06-09,SKU-113,3,0
2026-06-10,SKU-113,2,0
2026-06-11,SKU-113,1,0
2026-06-12,SKU-113,2,0
2026-06-13,SKU-113,2,0
2026-06-14,SKU-113,3,0
2026-06-15,SKU-113,3,0
2026-06-16,SKU-113,4,0
2026-06-17,SKU-113,2,0
2026-06-18,SKU-113,5,0
2026-06-19,SKU-113,1,0
2026-06-20,SKU-113,8,1
2026-06-21,SKU-113,3,0
2026-06-22,SKU-113,3,0
2026-06-23,SKU-113,0,0
2026-06-24,SKU-113,1,0
2026-06-25,SKU-113,3,0
2026-06-26,SKU-113,4,0
2026-06-27,SKU-113,5,0
2026-06-28,SKU-113,2,0
2026-06-29,SKU-113,3,0
2026-06-30,SKU-113,0,1
2026-07-01,SKU-113,1,0
2026-07-02,SKU-113,8,0
2026-07-03,SKU-113,3,0
2026-07-04,SKU-113,3,0
2026-07-05,SKU-113,2,0
2026-07-06,SKU-113,2,0
2026-07-07,SKU-113,6,0
2026-07-08,SKU-113,4,0
2026-07-09,SKU-113,4,0
2026-07-10,SKU-113,5,0
2026-07-11,SKU-113,6,0
2026-07-12,SKU-113,2,0
2026-07-13,SKU-113,4,0
2026-07-14,SKU-113,3,0
2026-07-15,SKU-113,4,0
2026-07-16,SKU-113,3,0
2026-07-17,SKU-113,1,0
2026-07-18,SKU-113,5,0
2026-07-19,SKU-113,1,0
2026-07-20,SKU-113,3,0
2026-07-21,SKU-113,3,1
2026-07-22,SKU-113,3,0
2026-07-23,SKU-113,4,0
2026-07-24,SKU-113,6,0
2026-07-25,SKU-113,1,0
2026-07-26,SKU-113,5,0
2026-07-27,SKU-113,2,0
2026-07-28,SKU-113,0,1
2026-07-29,SKU-113,0,0
2026-07-30,SKU-113,6,0
2026-07-31,SKU-113,3,0
2026-08-01,SKU-113,0,0
2026-08-02,SKU-113,2,1
2026-08-03,SKU-113,3,0
2026-08-04,SKU-113,4,0
2026-08-05,SKU-113,1,0
2026-08-06,SKU-113,3,0
2026-08-07,SKU-113,3,1
2026-08-08,SKU-113,5,0
2026-08-09,SKU-113,0,1
2026-08-10,SKU-113,2,0
2026-08-11,SKU-113,0,0
2026-08-12,SKU-113,4,0
2026-08-13,SKU-113,7,0
2026-08-14,SKU-113,1,0
2026-08-15,SKU-113,3,0
2026-08-16,SKU-113,1,0
2026-08-17,SKU-113,4,0
2026-08-18,SKU-113,7,1
2026-08-19,SKU-113,4,0
2026-08-20,SKU-113,3,0
2026-08-21,SKU-113,5,0
2026-08-22,SKU-113,1,0
2026-08-23,SKU-113,4,0
2026-08-24,SKU-113,1,0
2026-08-25,SKU-113,2,0
2026-08-26,SKU-113,6,0
2026-08-27,SKU-113,2,0
2026-08-28,SKU-113,3,0
2026-08-29,SKU-113,1,0
2026-08-30,SKU-113,4,0
2026-08-31,SKU-113,1,0
2026-09-01,SKU-113,4,0
2026-09-02,SKU-113,1,0
2026-09-03,SKU-113,0,1
2026-09-04,SKU-113,0,0
2026-09-05,SKU-113,6,0
2026-09-06,SKU-113,1,0
2026-09-07,SKU-113,1,0
2026-09-08,SKU-113,2,0
2026-09-09,SKU-113,3,0
2026-09-10,SKU-113,4,0
2026-09-11,SKU-113,1,0
2026-09-12,SKU-113,2,0
2026-09-13,SKU-113,2,0
2026-09-14,SKU-113,1,0
2026-09-15,SKU-113,5,0
2026-09-16,SKU-113,2,0
2026-09-17,SKU-113,3,0
2026-09-18,SKU-113,3,1
2026-09-19,SKU-113,2,0
2026-09-20,SKU-113,4,0
2026-09-21,SKU-113,4,0
2026-09-22,SKU-113,3,0
2026-09-23,SKU-113,1,0
2026-09-24,SKU-113,4,0
2026-09-25,SKU-113,5,0
2026-09-26,SKU-113,1,0
2026-09-27,SKU-113,11,0
2026-09-28,SKU-113,2,0
2026-09-29,SKU-113,3,0
2026-09-30,SKU-113,3,0
2024-10-01,SKU-114,0,0
2024-10-02,SKU-114,1,0
2024-10-03,SKU-114,0,0
2024-10-04,SKU-114,1,0
2024-10-05,SKU-114,0,1
2024-10-06,SKU-114,1,0
2024-10-07,SKU-114,0,1
2024-10-08,SKU-114,0,0
2024-10-09,SKU-114,0,0
2024-10-10,SKU-114,1,1
2024-10-11,SKU-114,1,0
2024-10-12,SKU-114,0,0
2024-10-13,SKU-114,2,0
2024-10-14,SKU-114,0,0
2024-10-15,SKU-114,0,0
2024-10-16,SKU-114,0,0
2024-10-17,SKU-114,0,0
2024-10-18,SKU-114,0,0
2024-10-19,SKU-114,0,0
2024-10-20,SKU-114,0,1
2024-10-21,SKU-114,0,0
2024-10-22,SKU-114,0,0
2024-10-23,SKU-114,0,0
2024-10-24,SKU-114,0,0
2024-10-25,SKU-114,1,0
2024-10-26,SKU-114,0,0
2024-10-27,SKU-114,1,0
2024-10-28,SKU-114,0,0
2024-10-29,SKU-114,0,0
2024-10-30,SKU-114,1,0
2024-10-31,SKU-114,0,0
2024-11-01,SKU-114,2,0
2024-11-02,SKU-114,0,0
2024-11-03,SKU-114,0,0
2024-11-04,SKU-114,1,0
2024-11-05,SKU-114,2,0
2024-11-06,SKU-114,1,0
2024-11-07,SKU-114,0,0
2024-11-08,SKU-114,0,0
2024-11-09,SKU-114,0,0
2024-11-10,SKU-114,0,0
2024-11-11,SKU-114,0,0
2024-11-12,SKU-114,0,0
2024-11-13,SKU-114,0,0
2024-11-14,SKU-114,0,0
2024-11-15,SKU-114,2,1
2024-11-16,SKU-114,1,1
2024-11-17,SKU-114,0,0
2024-11-18,SKU-114,1,1
2024-11-19,SKU-114,0,0
2024-11-20,SKU-114,0,0
2024-11-21,SKU-114,0,0
2024-11-22,SKU-114,0,0
2024-11-23,SKU-114,1,0
2024-11-24,SKU-114,0,0
2024-11-25,SKU-114,0,0
2024-11-26,SKU-114,0,0
2024-11-27,SKU-114,1,0
2024-11-28,SKU-114,0,0
2024-11-29,SKU-114,0,1
2024-11-30,SKU-114,0,0
2024-12-01,SKU-114,1,0
2024-12-02,SKU-114,1,0
2024-12-03,SKU-114,1,1
2024-12-04,SKU-114,0,0
2024-12-05,SKU-114,0,0
2024-12-06,SKU-114,0,0
2024-12-07,SKU-114,1,0
2024-12-08,SKU-114,1,0
2024-12-09,SKU-114,0,0
2024-12-10,SKU-114,0,0
2024-12-11,SKU-114,0,0
2024-12-12,SKU-114,1,0
2024-12-13,SKU-114,1,0
2024-12-14,SKU-114,1,0
2024-12-15,SKU-114,0,0
2024-12-16,SKU-114,0,0
2024-12-17,SKU-114,0,0
2024-12-18,SKU-114,0,1
2024-12-19,SKU-114,0,0
2024-12-20,SKU-114,1,0
2024-12-21,SKU-114,0,0
2024-12-22,SKU-114,2,1
2024-12-23,SKU-114,0,0
2024-12-24,SKU-114,1,0
2024-12-25,SKU-114,0,0
2024-12-26,SKU-114,1,0
2024-12-27,SKU-114,0,0
2024-12-28,SKU-114,0,0
2024-12-29,SKU-114,1,0
2024-12-30,SKU-114,0,0
2024-12-31,SKU-114,0,0
2025-01-01,SKU-114,1,0
2025-01-02,SKU-114,1,0
2025-01-03,SKU-114,0,0
2025-01-04,SKU-114,1,0
2025-01-05,SKU-114,1,0
2025-01-06,SKU-114,1,0
2025-01-07,SKU-114,0,1
2025-01-08,SKU-114,1,0
2025-01-09,SKU-114,1,0
2025-01-10,SKU-114,0,0
2025-01-11,SKU-114,1,0
2025-01-12,SKU-114,0,0
2025-01-13,SKU-114,0,0
2025-01-14,SKU-114,0,0
2025-01-15,SKU-114,0,0
2025-01-16,SKU-114,0,0
2025-01-17,SKU-114,0,0
2025-01-18,SKU-114,1,0
2025-01-19,SKU-114,0,0
2025-01-20,SKU-114,1,0
2025-01-21,SKU-114,1,0
2025-01-22,SKU-114,1,0
2025-01-23,SKU-114,0,0
2025-01-24,SKU-114,0,0
2025-01-25,SKU-114,1,1
2025-01-26,SKU-114,1,0
2025-01-27,SKU-114,0,0
2025-01-28,SKU-114,0,0
2025-01-29,SKU-114,0,0
2025-01-30,SKU-114,0,0
2025-01-31,SKU-114,0,0
2025-02-01,SKU-114,1,0
2025-02-02,SKU-114,1,0
2025-02-03,SKU-114,0,0
2025-02-04,SKU-114,0,0
2025-02-05,SKU-114,1,0
2025-02-06,SKU-114,0,1
2025-02-07,SKU-114,0,1
2025-02-08,SKU-114,0,0
2025-02-09,SKU-114,0,0
2025-02-10,SKU-114,0,0
2025-02-11,SKU-114,1,0
2025-02-12,SKU-114,0,0
2025-02-13,SKU-114,0,1
2025-02-14,SKU-114,0,0
2025-02-15,SKU-114,0,1
2025-02-16,SKU-114,0,1
2025-02-17,SKU-114,0,0
2025-02-18,SKU-114,0,0
2025-02-19,SKU-114,0,0
2025-02-20,SKU-114,2,0
2025-02-21,SKU-114,0,0
2025-02-22,SKU-114,0,0
2025-02-23,SKU-114,0,0
2025-02-24,SKU-114,0,0
2025-02-25,SKU-114,0,0
2025-02-26,SKU-114,0,0
2025-02-27,SKU-114,0,0
2025-02-28,SKU-114,0,0
2025-03-01,SKU-114,0,0
2025-03-02,SKU-114,1,0
2025-03-03,SKU-114,0,0
2025-03-04,SKU-114,2,0
2025-03-05,SKU-114,0,0
2025-03-06,SKU-114,0,0
2025-03-07,SKU-114,0,0
2025-03-08,SKU-114,0,0
2025-03-09,SKU-114,0,1
2025-03-10,SKU-114,1,1
2025-03-11,SKU-114,1,0
2025-03-12,SKU-114,0,0
2025-03-13,SKU-114,0,0
2025-03-14,SKU-114,1,1
2025-03-15,SKU-114,1,0
2025-03-16,SKU-114,0,0
2025-03-17,SKU-114,1,0
2025-03-18,SKU-114,0,0
2025-03-19,SKU-114,0,0
2025-03-20,SKU-114,0,0
2025-03-21,SKU-114,0,0
2025-03-22,SKU-114,0,0
2025-03-23,SKU-114,0,0
2025-03-24,SKU-114,0,0
2025-03-25,SKU-114,0,0
2025-03-26,SKU-114,1,1
2025-03-27,SKU-114,1,0
2025-03-28,SKU-114,0,1
2025-03-29,SKU-114,1,0
2025-03-30,SKU-114,1,0
2025-03-31,SKU-114,0,0
2025-04-01,SKU-114,0,0
2025-04-02,SKU-114,0,0
2025-04-03,SKU-114,0,0
2025-04-04,SKU-114,0,0
2025-04-05,SKU-114,0,0
2025-04-06,SKU-114,0,0
2025-04-07,SKU-114,0,0
2025-04-08,SKU-114,1,0
2025-04-09,SKU-114,2,0
2025-04-10,SKU-114,1,0
2025-04-11,SKU-114,0,0
2025-04-12,SKU-114,0,0
2025-04-13,SKU-114,0,0
2025-04-14,SKU-114,1,0
2025-04-15,SKU-114,1,0
2025-04-16,SKU-114,0,0
2025-04-17,SKU-114,1,0
2025-04-18,SKU-114,0,1
2025-04-19,SKU-114,0,0
2025-04-20,SKU-114,0,0
2025-04-21,SKU-114,0,1
2025-04-22,SKU-114,1,0
2025-04-23,SKU-114,1,0
2025-04-24,SKU-114,0,0
2025-04-25,SKU-114,0,0
2025-04-26,SKU-114,1,0
2025-04-27,SKU-114,0,0
2025-04-28,SKU-114,0,0
2025-04-29,SKU-114,0,0
2025-04-30,SKU-114,0,0
2025-05-01,SKU-114,1,1
2025-05-02,SKU-114,0,0
2025-05-03,SKU-114,0,0
2025-05-04,SKU-114,0,0
2025-05-05,SKU-114,1,0
2025-05-06,SKU-114,0,0
2025-05-07,SKU-114,0,0
2025-05-08,SKU-114,1,0
2025-05-09,SKU-114,0,0
2025-05-10,SKU-114,0,1
2025-05-11,SKU-114,3,0
2025-05-12,SKU-114,0,0
2025-05-13,SKU-114,1,0
2025-05-14,SKU-114,1,0
2025-05-15,SKU-114,0,0
2025-05-16,SKU-114,0,0
2025-05-17,SKU-114,0,0
2025-05-18,SKU-114,0,0
2025-05-19,SKU-114,0,0
2025-05-20,SKU-114,0,0
2025-05-21,SKU-114,0,1
2025-05-22,SKU-114,1,0
2025-05-23,SKU-114,0,0
2025-05-24,SKU-114,0,0
2025-05-25,SKU-114,0,0
2025-05-26,SKU-114,0,0
2025-05-27,SKU-114,1,0
2025-05-28,SKU-114,1,0
2025-05-29,SKU-114,0,0
2025-05-30,SKU-114,0,0
2025-05-31,SKU-114,0,0
2025-06-01,SKU-114,0,0
2025-06-02,SKU-114,0,0
2025-06-03,SKU-114,0,0
2025-06-04,SKU-114,0,0
2025-06-05,SKU-114,2,0
2025-06-06,SKU-114,0,0
2025-06-07,SKU-114,0,0
2025-06-08,SKU-114,2,0
2025-06-09,SKU-114,0,0
2025-06-10,SKU-114,0,0
2025-06-11,SKU-114,0,0
2025-06-12,SKU-114,1,0
2025-06-13,SKU-114,1,0
2025-06-14,SKU-114,1,0
2025-06-15,SKU-114,0,0
2025-06-16,SKU-114,0,0
2025-06-17,SKU-114,0,0
2025-06-18,SKU-114,0,0
2025-06-19,SKU-114,0,0
2025-06-20,SKU-114,0,0
2025-06-21,SKU-114,0,0
2025-06-22,SKU-114,0,0
2025-06-23,SKU-114,0,0
2025-06-24,SKU-114,1,0
2025-06-25,SKU-114,1,1
2025-06-26,SKU-114,0,0
2025-06-27,SKU-114,0,0
2025-06-28,SKU-114,0,0
2025-06-29,SKU-114,0,0
2025-06-30,SKU-114,0,0
2025-07-01,SKU-114,0,0
2025-07-02,SKU-114,0,0
2025-07-03,SKU-114,0,0
2025-07-04,SKU-114,1,0
2025-07-05,SKU-114,0,0
2025-07-06,SKU-114,0,0
2025-07-07,SKU-114,0,0
2025-07-08,SKU-114,0,0
2025-07-09,SKU-114,0,0
2025-07-10,SKU-114,1,0
2025-07-11,SKU-114,0,0
2025-07-12,SKU-114,0,0
2025-07-13,SKU-114,2,0
2025-07-14,SKU-114,0,0
2025-07-15,SKU-114,0,0
2025-07-16,SKU-114,0,0
2025-07-17,SKU-114,0,0
2025-07-18,SKU-114,0,0
2025-07-19,SKU-114,0,0
2025-07-20,SKU-114,0,0
2025-07-21,SKU-114,0,0
2025-07-22,SKU-114,0,0
2025-07-23,SKU-114,0,1
2025-07-24,SKU-114,2,0
2025-07-25,SKU-114,0,0
2025-07-26,SKU-114,0,1
2025-07-27,SKU-114,1,0
2025-07-28,SKU-114,0,0
2025-07-29,SKU-114,0,0
2025-07-30,SKU-114,0,1
2025-07-31,SKU-114,0,0
2025-08-01,SKU-114,0,0
2025-08-02,SKU-114,0,0
2025-08-03,SKU-114,0,0
2025-08-04,SKU-114,0,0
2025-08-05,SKU-114,0,0
2025-08-06,SKU-114,0,0
2025-08-07,SKU-114,0,0
2025-08-08,SKU-114,0,0
2025-08-09,SKU-114,1,1
2025-08-10,SKU-114,2,0
2025-08-11,SKU-114,1,0
2025-08-12,SKU-114,0,0
2025-08-13,SKU-114,0,0
2025-08-14,SKU-114,0,0
2025-08-15,SKU-114,0,0
2025-08-16,SKU-114,0,0
2025-08-17,SKU-114,1,0
2025-08-18,SKU-114,0,0
2025-08-19,SKU-114,0,0
2025-08-20,SKU-114,0,0
2025-08-21,SKU-114,0,0
2025-08-22,SKU-114,1,0
2025-08-23,SKU-114,1,0
2025-08-24,SKU-114,1,0
2025-08-25,SKU-114,0,0
2025-08-26,SKU-114,0,0
2025-08-27,SKU-114,0,0
2025-08-28,SKU-114,0,0
2025-08-29,SKU-114,0,1
2025-08-30,SKU-114,1,0
2025-08-31,SKU-114,0,1
2025-09-01,SKU-114,0,0
2025-09-02,SKU-114,0,0
2025-09-03,SKU-114,0,0
2025-09-04,SKU-114,1,0
2025-09-05,SKU-114,1,0
2025-09-06,SKU-114,2,0
2025-09-07,SKU-114,1,0
2025-09-08,SKU-114,0,0
2025-09-09,SKU-114,0,0
2025-09-10,SKU-114,0,0
2025-09-11,SKU-114,1,0
2025-09-12,SKU-114,1,0
2025-09-13,SKU-114,0,0
2025-09-14,SKU-114,0,0
2025-09-15,SKU-114,0,0
2025-09-16,SKU-114,0,0
2025-09-17,SKU-114,0,0
2025-09-18,SKU-114,0,0
2025-09-19,SKU-114,1,0
2025-09-20,SKU-114,0,0
2025-09-21,SKU-114,1,0
2025-09-22,SKU-114,0,0
2025-09-23,SKU-114,0,0
2025-09-24,SKU-114,0,0
2025-09-25,SKU-114,0,0
2025-09-26,SKU-114,0,0
2025-09-27,SKU-114,1,0
2025-09-28,SKU-114,0,0
2025-09-29,SKU-114,0,0
2025-09-30,SKU-114,0,0
2025-10-01,SKU-114,0,0
2025-10-02,SKU-114,1,0
2025-10-03,SKU-114,0,0
2025-10-04,SKU-114,1,1
2025-10-05,SKU-114,0,0
2025-10-06,SKU-114,0,0
2025-10-07,SKU-114,0,0
2025-10-08,SKU-114,0,0
2025-10-09,SKU-114,0,0
2025-10-10,SKU-114,0,0
2025-10-11,SKU-114,0,0
2025-10-12,SKU-114,1,0
2025-10-13,SKU-114,1,0
2025-10-14,SKU-114,0,0
2025-10-15,SKU-114,0,0
2025-10-16,SKU-114,2,0
2025-10-17,SKU-114,0,0
2025-10-18,SKU-114,1,0
2025-10-19,SKU-114,0,1
2025-10-20,SKU-114,1,1
2025-10-21,SKU-114,0,0
2025-10-22,SKU-114,0,0
2025-10-23,SKU-114,0,0
2025-10-24,SKU-114,0,0
2025-10-25,SKU-114,0,1
2025-10-26,SKU-114,0,0
2025-10-27,SKU-114,0,0
2025-10-28,SKU-114,0,0
2025-10-29,SKU-114,0,0
2025-10-30,SKU-114,0,0
2025-10-31,SKU-114,0,0
2025-11-01,SKU-114,0,0
2025-11-02,SKU-114,0,0
2025-11-03,SKU-114,1,1
2025-11-04,SKU-114,0,0
2025-11-05,SKU-114,0,1
2025-11-06,SKU-114,0,0
2025-11-07,SKU-114,0,0
2025-11-08,SKU-114,0,0
2025-11-09,SKU-114,0,0
2025-11-10,SKU-114,0,0
2025-11-11,SKU-114,1,0
2025-11-12,SKU-114,0,0
2025-11-13,SKU-114,0,0
2025-11-14,SKU-114,0,1
2025-11-15,SKU-114,0,0
2025-11-16,SKU-114,0,0
2025-11-17,SKU-114,0,0
2025-11-18,SKU-114,0,0
2025-11-19,SKU-114,1,0
2025-11-20,SKU-114,0,0
2025-11-21,SKU-114,0,0
2025-11-22,SKU-114,0,0
2025-11-23,SKU-114,1,0
2025-11-24,SKU-114,2,0
2025-11-25,SKU-114,0,0
2025-11-26,SKU-114,0,0
2025-11-27,SKU-114,0,0
2025-11-28,SKU-114,2,0
2025-11-29,SKU-114,2,1
2025-11-30,SKU-114,1,1
2025-12-01,SKU-114,0,0
2025-12-02,SKU-114,0,0
2025-12-03,SKU-114,0,0
2025-12-04,SKU-114,0,0
2025-12-05,SKU-114,0,0
2025-12-06,SKU-114,2,0
2025-12-07,SKU-114,0,0
2025-12-08,SKU-114,0,0
2025-12-09,SKU-114,0,0
2025-12-10,SKU-114,0,0
2025-12-11,SKU-114,2,0
2025-12-12,SKU-114,0,0
2025-12-13,SKU-114,1,0
2025-12-14,SKU-114,0,0
2025-12-15,SKU-114,0,1
2025-12-16,SKU-114,1,0
2025-12-17,SKU-114,2,0
2025-12-18,SKU-114,0,0
2025-12-19,SKU-114,0,0
2025-12-20,SKU-114,1,0
2025-12-21,SKU-114,2,0
2025-12-22,SKU-114,0,0
2025-12-23,SKU-114,1,0
2025-12-24,SKU-114,0,0
2025-12-25,SKU-114,0,0
2025-12-26,SKU-114,1,0
2025-12-27,SKU-114,2,0
2025-12-28,SKU-114,0,0
2025-12-29,SKU-114,0,0
2025-12-30,SKU-114,0,1
2025-12-31,SKU-114,0,0
2026-01-01,SKU-114,0,0
2026-01-02,SKU-114,0,1
2026-01-03,SKU-114,1,0
2026-01-04,SKU-114,0,0
2026-01-05,SKU-114,0,0
2026-01-06,SKU-114,0,0
2026-01-07,SKU-114,1,0
2026-01-08,SKU-114,0,0
2026-01-09,SKU-114,2,0
2026-01-10,SKU-114,1,1
2026-01-11,SKU-114,0,0
2026-01-12,SKU-114,0,1
2026-01-13,SKU-114,0,0
2026-01-14,SKU-114,0,0
2026-01-15,SKU-114,0,0
2026-01-16,SKU-114,0,1
2026-01-17,SKU-114,1,0
2026-01-18,SKU-114,0,0
2026-01-19,SKU-114,0,0
2026-01-20,SKU-114,0,0
2026-01-21,SKU-114,0,0
2026-01-22,SKU-114,0,0
2026-01-23,SKU-114,1,0
2026-01-24,SKU-114,1,0
2026-01-25,SKU-114,0,0
2026-01-26,SKU-114,0,0
2026-01-27,SKU-114,0,0
2026-01-28,SKU-114,0,0
2026-01-29,SKU-114,0,0
2026-01-30,SKU-114,0,0
2026-01-31,SKU-114,1,0
2026-02-01,SKU-114,0,0
2026-02-02,SKU-114,0,0
2026-02-03,SKU-114,0,0
2026-02-04,SKU-114,0,0
2026-02-05,SKU-114,0,0
2026-02-06,SKU-114,1,0
2026-02-07,SKU-114,1,1
2026-02-08,SKU-114,0,1
2026-02-09,SKU-114,0,0
2026-02-10,SKU-114,0,0
2026-02-11,SKU-114,0,0
2026-02-12,SKU-114,0,1
2026-02-13,SKU-114,0,0
2026-02-14,SKU-114,0,0
2026-02-15,SKU-114,0,0
2026-02-16,SKU-114,1,0
2026-02-17,SKU-114,0,0
2026-02-18,SKU-114,0,0
2026-02-19,SKU-114,0,0
2026-02-20,SKU-114,0,0
2026-02-21,SKU-114,0,0
2026-02-22,SKU-114,0,0
2026-02-23,SKU-114,0,0
2026-02-24,SKU-114,1,0
2026-02-25,SKU-114,1,0
2026-02-26,SKU-114,0,0
2026-02-27,SKU-114,0,0
2026-02-28,SKU-114,1,1
2026-03-01,SKU-114,0,0
2026-03-02,SKU-114,1,0
2026-03-03,SKU-114,0,0
2026-03-04,SKU-114,0,0
2026-03-05,SKU-114,0,0
2026-03-06,SKU-114,0,0
2026-03-07,SKU-114,0,0
2026-03-08,SKU-114,0,0
2026-03-09,SKU-114,0,0
2026-03-10,SKU-114,0,0
2026-03-11,SKU-114,1,0
2026-03-12,SKU-114,1,0
2026-03-13,SKU-114,0,0
2026-03-14,SKU-114,0,1
2026-03-15,SKU-114,1,0
2026-03-16,SKU-114,2,1
2026-03-17,SKU-114,1,0
2026-03-18,SKU-114,0,1
2026-03-19,SKU-114,0,0
2026-03-20,SKU-114,0,0
2026-03-21,SKU-114,0,0
2026-03-22,SKU-114,0,0
2026-03-23,SKU-114,0,0
2026-03-24,SKU-114,0,0
2026-03-25,SKU-114,0,0
2026-03-26,SKU-114,0,0
2026-03-27,SKU-114,0,1
2026-03-28,SKU-114,0,0
2026-03-29,SKU-114,0,0
2026-03-30,SKU-114,0,0
2026-03-31,SKU-114,0,0
2026-04-01,SKU-114,0,0
2026-04-02,SKU-114,2,0
2026-04-03,SKU-114,2,0
2026-04-04,SKU-114,0,0
2026-04-05,SKU-114,0,0
2026-04-06,SKU-114,0,0
2026-04-07,SKU-114,0,0
2026-04-08,SKU-114,0,0
2026-04-09,SKU-114,0,0
2026-04-10,SKU-114,0,0
2026-04-11,SKU-114,0,0
2026-04-12,SKU-114,2,0
2026-04-13,SKU-114,0,0
2026-04-14,SKU-114,0,0
2026-04-15,SKU-114,1,0
2026-04-16,SKU-114,0,0
2026-04-17,SKU-114,0,0
2026-04-18,SKU-114,1,0
2026-04-19,SKU-114,0,0
2026-04-20,SKU-114,0,0
2026-04-21,SKU-114,0,0
2026-04-22,SKU-114,0,0
2026-04-23,SKU-114,0,0
2026-04-24,SKU-114,0,0
2026-04-25,SKU-114,0,0
2026-04-26,SKU-114,1,0
2026-04-27,SKU-114,0,0
2026-04-28,SKU-114,0,0
2026-04-29,SKU-114,0,0
2026-04-30,SKU-114,0,0
2026-05-01,SKU-114,0,0
2026-05-02,SKU-114,0,0
2026-05-03,SKU-114,0,0
2026-05-04,SKU-114,0,1
2026-05-05,SKU-114,0,0
2026-05-06,SKU-114,0,0
2026-05-07,SKU-114,1,0
2026-05-08,SKU-114,0,0
2026-05-09,SKU-114,0,0
2026-05-10,SKU-114,2,1
2026-05-11,SKU-114,0,0
2026-05-12,SKU-114,0,0
2026-05-13,SKU-114,1,1
2026-05-14,SKU-114,0,0
2026-05-15,SKU-114,1,0
2026-05-16,SKU-114,0,0
2026-05-17,SKU-114,2,0
2026-05-18,SKU-114,0,0
2026-05-19,SKU-114,0,0
2026-05-20,SKU-114,0,0
2026-05-21,SKU-114,0,0
2026-05-22,SKU-114,0,0
2026-05-23,SKU-114,1,0
2026-05-24,SKU-114,0,0
2026-05-25,SKU-114,1,0
2026-05-26,SKU-114,0,0
2026-05-27,SKU-114,2,0
2026-05-28,SKU-114,0,0
2026-05-29,SKU-114,0,0
2026-05-30,SKU-114,1,0
2026-05-31,SKU-114,1,0
2026-06-01,SKU-114,0,0
2026-06-02,SKU-114,0,0
2026-06-03,SKU-114,0,0
2026-06-04,SKU-114,0,0
2026-06-05,SKU-114,0,0
2026-06-06,SKU-114,0,0
2026-06-07,SKU-114,0,0
2026-06-08,SKU-114,2,0
2026-06-09,SKU-114,0,0
2026-06-10,SKU-114,1,0
2026-06-11,SKU-114,0,0
2026-06-12,SKU-114,0,0
2026-06-13,SKU-114,0,0
2026-06-14,SKU-114,0,0
2026-06-15,SKU-114,0,0
2026-06-16,SKU-114,0,0
2026-06-17,SKU-114,0,0
2026-06-18,SKU-114,0,0
2026-06-19,SKU-114,0,0
2026-06-20,SKU-114,1,0
2026-06-21,SKU-114,0,0
2026-06-22,SKU-114,0,0
2026-06-23,SKU-114,0,1
2026-06-24,SKU-114,0,0
2026-06-25,SKU-114,0,0
2026-06-26,SKU-114,0,0
2026-06-27,SKU-114,0,0
2026-06-28,SKU-114,0,0
2026-06-29,SKU-114,1,0
2026-06-30,SKU-114,1,0
2026-07-01,SKU-114,0,0
2026-07-02,SKU-114,0,0
2026-07-03,SKU-114,1,0
2026-07-04,SKU-114,1,1
2026-07-05,SKU-114,0,0
2026-07-06,SKU-114,0,0
2026-07-07,SKU-114,0,0
2026-07-08,SKU-114,0,0
2026-07-09,SKU-114,0,0
2026-07-10,SKU-114,1,0
2026-07-11,SKU-114,0,0
2026-07-12,SKU-114,1,0
2026-07-13,SKU-114,0,0
2026-07-14,SKU-114,0,0
2026-07-15,SKU-114,1,0
2026-07-16,SKU-114,0,0
2026-07-17,SKU-114,0,0
2026-07-18,SKU-114,0,0
2026-07-19,SKU-114,1,0
2026-07-20,SKU-114,0,0
2026-07-21,SKU-114,0,0
2026-07-22,SKU-114,0,0
2026-07-23,SKU-114,0,0
2026-07-24,SKU-114,0,0
2026-07-25,SKU-114,0,0
2026-07-26,SKU-114,0,0
2026-07-27,SKU-114,0,0
2026-07-28,SKU-114,0,0
2026-07-29,SKU-114,0,0
2026-07-30,SKU-114,0,0
2026-07-31,SKU-114,1,0
2026-08-01,SKU-114,0,0
2026-08-02,SKU-114,0,0
2026-08-03,SKU-114,0,0
2026-08-04,SKU-114,1,0
2026-08-05,SKU-114,0,0
2026-08-06,SKU-114,0,1
2026-08-07,SKU-114,1,1
2026-08-08,SKU-114,0,0
2026-08-09,SKU-114,0,0
2026-08-10,SKU-114,0,0
2026-08-11,SKU-114,0,0
2026-08-12,SKU-114,0,0
2026-08-13,SKU-114,1,1
2026-08-14,SKU-114,0,0
2026-08-15,SKU-114,0,0
2026-08-16,SKU-114,0,0
2026-08-17,SKU-114,0,0
2026-08-18,SKU-114,3,0
2026-08-19,SKU-114,1,0
2026-08-20,SKU-114,0,0
2026-08-21,SKU-114,1,0
2026-08-22,SKU-114,0,0
2026-08-23,SKU-114,0,0
2026-08-24,SKU-114,2,0
2026-08-25,SKU-114,0,0
2026-08-26,SKU-114,0,0
2026-08-27,SKU-114,0,0
2026-08-28,SKU-114,0,0
2026-08-29,SKU-114,0,0
2026-08-30,SKU-114,0,0
2026-08-31,SKU-114,0,0
2026-09-01,SKU-114,1,0
2026-09-02,SKU-114,0,0
2026-09-03,SKU-114,1,0
2026-09-04,SKU-114,1,0
2026-09-05,SKU-114,0,0
2026-09-06,SKU-114,0,0
2026-09-07,SKU-114,0,0
2026-09-08,SKU-114,0,0
2026-09-09,SKU-114,0,0
2026-09-10,SKU-114,1,0
2026-09-11,SKU-114,1,0
2026-09-12,SKU-114,0,0
2026-09-13,SKU-114,0,0
2026-09-14,SKU-114,0,0
2026-09-15,SKU-114,0,0
2026-09-16,SKU-114,1,0
2026-09-17,SKU-114,0,0
2026-09-18,SKU-114,1,0
2026-09-19,SKU-114,0,1
2026-09-20,SKU-114,1,1
2026-09-21,SKU-114,0,0
2026-09-22,SKU-114,1,1
2026-09-23,SKU-114,0,0
2026-09-24,SKU-114,0,0
2026-09-25,SKU-114,0,0
2026-09-26,SKU-114,0,0
2026-09-27,SKU-114,1,1
2026-09-28,SKU-114,0,0
2026-09-29,SKU-114,1,0
2026-09-30,SKU-114,0,0
2024-10-01,SKU-115,1,0
2024-10-02,SKU-115,0,0
2024-10-03,SKU-115,4,0
2024-10-04,SKU-115,4,0
2024-10-05,SKU-115,1,0
2024-10-06,SKU-115,4,0
2024-10-07,SKU-115,0,0
2024-10-08,SKU-115,3,0
2024-10-09,SKU-115,3,1
2024-10-10,SKU-115,0,0
2024-10-11,SKU-115,2,0
2024-10-12,SKU-115,2,0
2024-10-13,SKU-115,2,0
2024-10-14,SKU-115,4,1
2024-10-15,SKU-115,2,0
2024-10-16,SKU-115,1,0
2024-10-17,SKU-115,1,0
2024-10-18,SKU-115,1,0
2024-10-19,SKU-115,3,0
2024-10-20,SKU-115,2,0
2024-10-21,SKU-115,3,0
2024-10-22,SKU-115,5,0
2024-10-23,SKU-115,0,0
2024-10-24,SKU-115,2,0
2024-10-25,SKU-115,3,0
2024-10-26,SKU-115,1,0
2024-10-27,SKU-115,4,0
2024-10-28,SKU-115,2,0
2024-10-29,SKU-115,1,0
2024-10-30,SKU-115,3,0
2024-10-31,SKU-115,1,0
2024-11-01,SKU-115,4,0
2024-11-02,SKU-115,6,0
2024-11-03,SKU-115,4,0
2024-11-04,SKU-115,3,0
2024-11-05,SKU-115,2,0
2024-11-06,SKU-115,3,0
2024-11-07,SKU-115,2,0
2024-11-08,SKU-115,5,1
2024-11-09,SKU-115,2,0
2024-11-10,SKU-115,2,0
2024-11-11,SKU-115,2,0
2024-11-12,SKU-115,2,0
2024-11-13,SKU-115,2,0
2024-11-14,SKU-115,4,0
2024-11-15,SKU-115,2,0
2024-11-16,SKU-115,0,0
2024-11-17,SKU-115,3,0
2024-11-18,SKU-115,3,0
2024-11-19,SKU-115,5,0
2024-11-20,SKU-115,2,0
2024-11-21,SKU-115,0,0
2024-11-22,SKU-115,2,0
2024-11-23,SKU-115,4,0
2024-11-24,SKU-115,0,0
2024-11-25,SKU-115,1,0
2024-11-26,SKU-115,1,0
2024-11-27,SKU-115,3,1
2024-11-28,SKU-115,0,0
2024-11-29,SKU-115,1,0
2024-11-30,SKU-115,5,0
2024-12-01,SKU-115,5,0
2024-12-02,SKU-115,0,0
2024-12-03,SKU-115,3,1
2024-12-04,SKU-115,1,0
2024-12-05,SKU-115,1,1
2024-12-06,SKU-115,3,0
2024-12-07,SKU-115,1,0
2024-12-08,SKU-115,2,0
2024-12-09,SKU-115,0,0
2024-12-10,SKU-115,1,0
2024-12-11,SKU-115,3,0
2024-12-12,SKU-115,2,0
2024-12-13,SKU-115,2,0
2024-12-14,SKU-115,1,0
2024-12-15,SKU-115,0,0
2024-12-16,SKU-115,2,0
2024-12-17,SKU-115,2,0
2024-12-18,SKU-115,0,0
2024-12-19,SKU-115,5,0
2024-12-20,SKU-115,6,0
2024-12-21,SKU-115,1,0
2024-12-22,SKU-115,2,0
2024-12-23,SKU-115,0,0
2024-12-24,SKU-115,3,1
2024-12-25,SKU-115,0,0
2024-12-26,SKU-115,1,0
2024-12-27,SKU-115,1,0
2024-12-28,SKU-115,3,1
2024-12-29,SKU-115,4,0
2024-12-30,SKU-115,2,1
2024-12-31,SKU-115,0,0
2025-01-01,SKU-115,3,0
2025-01-02,SKU-115,5,0
2025-01-03,SKU-115,2,0
2025-01-04,SKU-115,0,0
2025-01-05,SKU-115,0,0
2025-01-06,SKU-115,0,0
2025-01-07,SKU-115,1,0
2025-01-08,SKU-115,0,0
2025-01-09,SKU-115,0,0
2025-01-10,SKU-115,2,0
2025-01-11,SKU-115,1,0
2025-01-12,SKU-115,2,0
2025-01-13,SKU-115,1,1
2025-01-14,SKU-115,4,1
2025-01-15,SKU-115,1,1
2025-01-16,SKU-115,5,0
2025-01-17,SKU-115,1,0
2025-01-18,SKU-115,2,0
2025-01-19,SKU-115,1,0
2025-01-20,SKU-115,0,0
2025-01-21,SKU-115,2,0
2025-01-22,SKU-115,3,0
2025-01-23,SKU-115,1,0
2025-01-24,SKU-115,6,1
2025-01-25,SKU-115,2,0
2025-01-26,SKU-115,1,1
2025-01-27,SKU-115,1,0
2025-01-28,SKU-115,2,0
2025-01-29,SKU-115,5,0
2025-01-30,SKU-115,3,0
2025-01-31,SKU-115,4,0
2025-02-01,SKU-115,2,0
2025-02-02,SKU-115,0,0
2025-02-03,SKU-115,0,0
2025-02-04,SKU-115,2,0
2025-02-05,SKU-115,2,0
2025-02-06,SKU-115,1,1
2025-02-07,SKU-115,1,0
2025-02-08,SKU-115,4,0
2025-02-09,SKU-115,6,1
2025-02-10,SKU-115,0,0
2025-02-11,SKU-115,2,0
2025-02-12,SKU-115,1,0
2025-02-13,SKU-115,5,0
2025-02-14,SKU-115,2,0
2025-02-15,SKU-115,3,0
2025-02-16,SKU-115,0,0
2025-02-17,SKU-115,0,0
2025-02-18,SKU-115,3,1
2025-02-19,SKU-115,2,0
2025-02-20,SKU-115,3,0
2025-02-21,SKU-115,4,0
2025-02-22,SKU-115,0,0
2025-02-23,SKU-115,3,0
2025-02-24,SKU-115,2,0
2025-02-25,SKU-115,1,0
2025-02-26,SKU-115,1,0
2025-02-27,SKU-115,1,0
2025-02-28,SKU-115,4,0
2025-03-01,SKU-115,2,0
2025-03-02,SKU-115,6,0
2025-03-03,SKU-115,3,0
2025-03-04,SKU-115,0,0
2025-03-05,SKU-115,0,0
2025-03-06,SKU-115,1,1
2025-03-07,SKU-115,2,0
2025-03-08,SKU-115,1,0
2025-03-09,SKU-115,3,0
2025-03-10,SKU-115,3,0
2025-03-11,SKU-115,4,0
2025-03-12,SKU-115,2,0
2025-03-13,SKU-115,0,0
2025-03-14,SKU-115,0,0
2025-03-15,SKU-115,7,0
2025-03-16,SKU-115,5,1
2025-03-17,SKU-115,4,0
2025-03-18,SKU-115,1,0
2025-03-19,SKU-115,2,0
2025-03-20,SKU-115,6,0
2025-03-21,SKU-115,2,0
2025-03-22,SKU-115,5,0
2025-03-23,SKU-115,1,0
2025-03-24,SKU-115,2,0
2025-03-25,SKU-115,3,0
2025-03-26,SKU-115,0,0
2025-03-27,SKU-115,1,0
2025-03-28,SKU-115,7,1
2025-03-29,SKU-115,6,0
2025-03-30,SKU-115,7,0
2025-03-31,SKU-115,3,0
2025-04-01,SKU-115,4,0
2025-04-02,SKU-115,3,0
2025-04-03,SKU-115,0,0
2025-04-04,SKU-115,3,0
2025-04-05,SKU-115,6,0
2025-04-06,SKU-115,4,0
2025-04-07,SKU-115,4,0
2025-04-08,SKU-115,2,0
2025-04-09,SKU-115,5,0
2025-04-10,SKU-115,2,0
2025-04-11,SKU-115,1,0
2025-04-12,SKU-115,1,0
2025-04-13,SKU-115,5,0
2025-04-14,SKU-115,1,0
2025-04-15,SKU-115,1,0
2025-04-16,SKU-115,2,0
2025-04-17,SKU-115,3,0
2025-04-18,SKU-115,2,1
2025-04-19,SKU-115,2,0
2025-04-20,SKU-115,2,0
2025-04-21,SKU-115,2,0
2025-04-22,SKU-115,1,1
2025-04-23,SKU-115,4,0
2025-04-24,SKU-115,3,0
2025-04-25,SKU-115,5,0
2025-04-26,SKU-115,4,0
2025-04-27,SKU-115,1,0
2025-04-28,SKU-115,2,0
2025-04-29,SKU-115,3,1
2025-04-30,SKU-115,1,0
2025-05-01,SKU-115,0,0
2025-05-02,SKU-115,4,0
2025-05-03,SKU-115,1,0
2025-05-04,SKU-115,1,0
2025-05-05,SKU-115,1,0
2025-05-06,SKU-115,2,0
2025-05-07,SKU-115,2,0
2025-05-08,SKU-115,1,0
2025-05-09,SKU-115,5,0
2025-05-10,SKU-115,2,0
2025-05-11,SKU-115,1,0
2025-05-12,SKU-115,0,0
2025-05-13,SKU-115,3,0
2025-05-14,SKU-115,1,0
2025-05-15,SKU-115,5,0
2025-05-16,SKU-115,2,0
2025-05-17,SKU-115,1,0
2025-05-18,SKU-115,4,0
2025-05-19,SKU-115,1,0
2025-05-20,SKU-115,2,0
2025-05-21,SKU-115,1,0
2025-05-22,SKU-115,0,0
2025-05-23,SKU-115,2,0
2025-05-24,SKU-115,1,0
2025-05-25,SKU-115,5,0
2025-05-26,SKU-115,0,0
2025-05-27,SKU-115,3,0
2025-05-28,SKU-115,2,0
2025-05-29,SKU-115,0,0
2025-05-30,SKU-115,4,0
2025-05-31,SKU-115,2,0
2025-06-01,SKU-115,0,0
2025-06-02,SKU-115,0,1
2025-06-03,SKU-115,0,0
2025-06-04,SKU-115,2,0
2025-06-05,SKU-115,2,0
2025-06-06,SKU-115,4,1
2025-06-07,SKU-115,2,0
2025-06-08,SKU-115,3,0
2025-06-09,SKU-115,1,0
2025-06-10,SKU-115,4,0
2025-06-11,SKU-115,6,0
2025-06-12,SKU-115,4,0
2025-06-13,SKU-115,3,0
2025-06-14,SKU-115,1,0
2025-06-15,SKU-115,2,0
2025-06-16,SKU-115,8,0
2025-06-17,SKU-115,4,0
2025-06-18,SKU-115,1,0
2025-06-19,SKU-115,3,0
2025-06-20,SKU-115,3,0
2025-06-21,SKU-115,3,0
2025-06-22,SKU-115,3,1
2025-06-23,SKU-115,2,0
2025-06-24,SKU-115,2,1
2025-06-25,SKU-115,2,0
2025-06-26,SKU-115,3,0
2025-06-27,SKU-115,3,0
2025-06-28,SKU-115,0,0
2025-06-29,SKU-115,0,0
2025-06-30,SKU-115,2,0
2025-07-01,SKU-115,2,0
2025-07-02,SKU-115,5,1
2025-07-03,SKU-115,0,0
2025-07-04,SKU-115,5,0
2025-07-05,SKU-115,4,0
2025-07-06,SKU-115,2,0
2025-07-07,SKU-115,3,0
2025-07-08,SKU-115,4,0
2025-07-09,SKU-115,0,1
2025-07-10,SKU-115,5,0
2025-07-11,SKU-115,1,0
2025-07-12,SKU-115,6,0
2025-07-13,SKU-115,0,0
2025-07-14,SKU-115,2,0
2025-07-15,SKU-115,3,1
2025-07-16,SKU-115,3,0
2025-07-17,SKU-115,3,0
2025-07-18,SKU-115,2,0
2025-07-19,SKU-115,5,0
2025-07-20,SKU-115,1,0
2025-07-21,SKU-115,1,0
2025-07-22,SKU-115,2,0
2025-07-23,SKU-115,1,0
2025-07-24,SKU-115,5,0
2025-07-25,SKU-115,2,0
2025-07-26,SKU-115,1,0
2025-07-27,SKU-115,3,0
2025-07-28,SKU-115,3,0
2025-07-29,SKU-115,3,0
2025-07-30,SKU-115,7,0
2025-07-31,SKU-115,2,0
2025-08-01,SKU-115,3,0
2025-08-02,SKU-115,1,0
2025-08-03,SKU-115,5,1
2025-08-04,SKU-115,1,0
2025-08-05,SKU-115,3,0
2025-08-06,SKU-115,2,0
2025-08-07,SKU-115,3,0
2025-08-08,SKU-115,3,1
2025-08-09,SKU-115,5,0
2025-08-10,SKU-115,5,0
2025-08-11,SKU-115,4,0
2025-08-12,SKU-115,3,0
2025-08-13,SKU-115,0,0
2025-08-14,SKU-115,2,0
2025-08-15,SKU-115,4,0
2025-08-16,SKU-115,9,1
2025-08-17,SKU-115,3,0
2025-08-18,SKU-115,2,0
2025-08-19,SKU-115,3,1
2025-08-20,SKU-115,3,0
2025-08-21,SKU-115,6,0
2025-08-22,SKU-115,1,0
2025-08-23,SKU-115,3,0
2025-08-24,SKU-115,1,0
2025-08-25,SKU-115,7,0
2025-08-26,SKU-115,1,0
2025-08-27,SKU-115,4,0
2025-08-28,SKU-115,2,0
2025-08-29,SKU-115,3,0
2025-08-30,SKU-115,2,0
2025-08-31,SKU-115,3,0
2025-09-01,SKU-115,4,0
2025-09-02,SKU-115,5,0
2025-09-03,SKU-115,1,0
2025-09-04,SKU-115,3,0
2025-09-05,SKU-115,1,0
2025-09-06,SKU-115,4,0
2025-09-07,SKU-115,6,0
2025-09-08,SKU-115,4,0
2025-09-09,SKU-115,3,0
2025-09-10,SKU-115,2,0
2025-09-11,SKU-115,1,0
2025-09-12,SKU-115,3,1
2025-09-13,SKU-115,2,0
2025-09-14,SKU-115,4,0
2025-09-15,SKU-115,1,0
2025-09-16,SKU-115,1,0
2025-09-17,SKU-115,0,0
2025-09-18,SKU-115,6,1
2025-09-19,SKU-115,5,0
2025-09-20,SKU-115,1,0
2025-09-21,SKU-115,0,0
2025-09-22,SKU-115,0,0
2025-09-23,SKU-115,5,0
2025-09-24,SKU-115,0,0
2025-09-25,SKU-115,3,0
2025-09-26,SKU-115,0,0
2025-09-27,SKU-115,3,0
2025-09-28,SKU-115,3,0
2025-09-29,SKU-115,2,0
2025-09-30,SKU-115,2,0
2025-10-01,SKU-115,3,1
2025-10-02,SKU-115,3,0
2025-10-03,SKU-115,1,0
2025-10-04,SKU-115,4,1
2025-10-05,SKU-115,6,0
2025-10-06,SKU-115,2,0
2025-10-07,SKU-115,1,0
2025-10-08,SKU-115,2,0
2025-10-09,SKU-115,4,0
2025-10-10,SKU-115,0,0
2025-10-11,SKU-115,2,0
2025-10-12,SKU-115,3,1
2025-10-13,SKU-115,0,0
2025-10-14,SKU-115,6,0
2025-10-15,SKU-115,0,0
2025-10-16,SKU-115,1,0
2025-10-17,SKU-115,6,0
2025-10-18,SKU-115,5,0
2025-10-19,SKU-115,7,0
2025-10-20,SKU-115,0,0
2025-10-21,SKU-115,2,0
2025-10-22,SKU-115,1,0
2025-10-23,SKU-115,2,0
2025-10-24,SKU-115,3,0
2025-10-25,SKU-115,2,0
2025-10-26,SKU-115,1,0
2025-10-27,SKU-115,3,0
2025-10-28,SKU-115,3,0
2025-10-29,SKU-115,3,0
2025-10-30,SKU-115,2,0
2025-10-31,SKU-115,1,0
2025-11-01,SKU-115,6,0
2025-11-02,SKU-115,3,0
2025-11-03,SKU-115,0,0
2025-11-04,SKU-115,2,0
2025-11-05,SKU-115,3,1
2025-11-06,SKU-115,1,0
2025-11-07,SKU-115,0,0
2025-11-08,SKU-115,3,0
2025-11-09,SKU-115,1,0
2025-11-10,SKU-115,2,0
2025-11-11,SKU-115,0,0
2025-11-12,SKU-115,3,0
2025-11-13,SKU-115,1,0
2025-11-14,SKU-115,2,0
2025-11-15,SKU-115,1,0
2025-11-16,SKU-115,3,0
2025-11-17,SKU-115,1,0
2025-11-18,SKU-115,4,0
2025-11-19,SKU-115,2,0
2025-11-20,SKU-115,1,1
2025-11-21,SKU-115,3,0
2025-11-22,SKU-115,5,1
2025-11-23,SKU-115,4,0
2025-11-24,SKU-115,2,0
2025-11-25,SKU-115,1,0
2025-11-26,SKU-115,5,0
2025-11-27,SKU-115,1,0
2025-11-28,SKU-115,2,0
2025-11-29,SKU-115,1,0
2025-11-30,SKU-115,4,1
2025-12-01,SKU-115,1,0
2025-12-02,SKU-115,1,0
2025-12-03,SKU-115,2,0
2025-12-04,SKU-115,3,0
2025-12-05,SKU-115,1,0
2025-12-06,SKU-115,2,0
2025-12-07,SKU-115,2,0
2025-12-08,SKU-115,2,0
2025-12-09,SKU-115,1,0
2025-12-10,SKU-115,2,0
2025-12-11,SKU-115,3,0
2025-12-12,SKU-115,2,0
2025-12-13,SKU-115,5,1
2025-12-14,SKU-115,1,0
2025-12-15,SKU-115,3,0
2025-12-16,SKU-115,0,1
2025-12-17,SKU-115,2,0
2025-12-18,SKU-115,3,0
2025-12-19,SKU-115,2,0
2025-12-20,SKU-115,0,0
2025-12-21,SKU-115,3,0
2025-12-22,SKU-115,1,0
2025-12-23,SKU-115,1,0
2025-12-24,SKU-115,1,0
2025-12-25,SKU-115,1,0
2025-12-26,SKU-115,2,0
2025-12-27,SKU-115,3,0
2025-12-28,SKU-115,1,0
2025-12-29,SKU-115,2,1
2025-12-30,SKU-115,6,0
2025-12-31,SKU-115,2,0
2026-01-01,SKU-115,1,0
2026-01-02,SKU-115,4,0
2026-01-03,SKU-115,1,0
2026-01-04,SKU-115,4,0
2026-01-05,SKU-115,0,0
2026-01-06,SKU-115,1,0
2026-01-07,SKU-115,1,0
2026-01-08,SKU-115,3,1
2026-01-09,SKU-115,0,0
2026-01-10,SKU-115,3,0
2026-01-11,SKU-115,4,0
2026-01-12,SKU-115,0,0
2026-01-13,SKU-115,4,0
2026-01-14,SKU-115,7,1
2026-01-15,SKU-115,0,1
2026-01-16,SKU-115,1,0
2026-01-17,SKU-115,0,0
2026-01-18,SKU-115,2,0
2026-01-19,SKU-115,3,0
2026-01-20,SKU-115,3,0
2026-01-21,SKU-115,2,0
2026-01-22,SKU-115,3,0
2026-01-23,SKU-115,2,0
2026-01-24,SKU-115,5,0
2026-01-25,SKU-115,4,1
2026-01-26,SKU-115,1,0
2026-01-27,SKU-115,2,0
2026-01-28,SKU-115,2,0
2026-01-29,SKU-115,3,0
2026-01-30,SKU-115,2,0
2026-01-31,SKU-115,3,0
2026-02-01,SKU-115,0,0
2026-02-02,SKU-115,3,0
2026-02-03,SKU-115,6,0
2026-02-04,SKU-115,3,0
2026-02-05,SKU-115,2,0
2026-02-06,SKU-115,4,1
2026-02-07,SKU-115,6,0
2026-02-08,SKU-115,5,0
2026-02-09,SKU-115,2,0
2026-02-10,SKU-115,0,0
2026-02-11,SKU-115,6,0
2026-02-12,SKU-115,3,0
2026-02-13,SKU-115,3,0
2026-02-14,SKU-115,1,0
2026-02-15,SKU-115,7,0
2026-02-16,SKU-115,3,0
2026-02-17,SKU-115,5,0
2026-02-18,SKU-115,1,0
2026-02-19,SKU-115,0,0
2026-02-20,SKU-115,3,0
2026-02-21,SKU-115,1,0
2026-02-22,SKU-115,3,0
2026-02-23,SKU-115,0,0
2026-02-24,SKU-115,0,1
2026-02-25,SKU-115,4,1
2026-02-26,SKU-115,2,0
2026-02-27,SKU-115,0,0
2026-02-28,SKU-115,2,0
2026-03-01,SKU-115,5,0
2026-03-02,SKU-115,4,0
2026-03-03,SKU-115,3,0
2026-03-04,SKU-115,2,0
2026-03-05,SKU-115,1,0
2026-03-06,SKU-115,2,0
2026-03-07,SKU-115,1,1
2026-03-08,SKU-115,2,0
2026-03-09,SKU-115,1,0
2026-03-10,SKU-115,1,0
2026-03-11,SKU-115,1,0
2026-03-12,SKU-115,1,0
2026-03-13,SKU-115,5,1
2026-03-14,SKU-115,3,0
2026-03-15,SKU-115,3,0
2026-03-16,SKU-115,1,0
2026-03-17,SKU-115,5,1
2026-03-18,SKU-115,3,1
2026-03-19,SKU-115,5,0
2026-03-20,SKU-115,1,0
2026-03-21,SKU-115,5,0
2026-03-22,SKU-115,0,0
2026-03-23,SKU-115,1,0
2026-03-24,SKU-115,2,0
2026-03-25,SKU-115,1,0
2026-03-26,SKU-115,0,0
2026-03-27,SKU-115,2,0
2026-03-28,SKU-115,4,1
2026-03-29,SKU-115,4,0
2026-03-30,SKU-115,2,0
2026-03-31,SKU-115,0,0
2026-04-01,SKU-115,2,0
2026-04-02,SKU-115,4,0
2026-04-03,SKU-115,1,0
2026-04-04,SKU-115,5,1
2026-04-05,SKU-115,1,0
2026-04-06,SKU-115,0,0
2026-04-07,SKU-115,5,0
2026-04-08,SKU-115,3,0
2026-04-09,SKU-115,1,0
2026-04-10,SKU-115,4,0
2026-04-11,SKU-115,2,0
2026-04-12,SKU-115,5,0
2026-04-13,SKU-115,3,0
2026-04-14,SKU-115,2,0
2026-04-15,SKU-115,2,0
2026-04-16,SKU-115,2,1
2026-04-17,SKU-115,0,0
2026-04-18,SKU-115,3,0
2026-04-19,SKU-115,3,1
2026-04-20,SKU-115,2,0
2026-04-21,SKU-115,0,0
2026-04-22,SKU-115,4,0
2026-04-23,SKU-115,3,0
2026-04-24,SKU-115,2,0
2026-04-25,SKU-115,7,0
2026-04-26,SKU-115,4,0
2026-04-27,SKU-115,3,0
2026-04-28,SKU-115,2,0
2026-04-29,SKU-115,5,0
2026-04-30,SKU-115,1,0
2026-05-01,SKU-115,3,0
2026-05-02,SKU-115,3,0
2026-05-03,SKU-115,0,0
2026-05-04,SKU-115,0,0
2026-05-05,SKU-115,0,0
2026-05-06,SKU-115,0,0
2026-05-07,SKU-115,2,0
2026-05-08,SKU-115,3,0
2026-05-09,SKU-115,3,0
2026-05-10,SKU-115,4,1
2026-05-11,SKU-115,1,0
2026-05-12,SKU-115,3,0
2026-05-13,SKU-115,2,0
2026-05-14,SKU-115,0,0
2026-05-15,SKU-115,3,0
2026-05-16,SKU-115,4,0
2026-05-17,SKU-115,6,0
2026-05-18,SKU-115,1,0
2026-05-19,SKU-115,2,0
2026-05-20,SKU-115,0,0
2026-05-21,SKU-115,0,0
2026-05-22,SKU-115,1,1
2026-05-23,SKU-115,8,0
2026-05-24,SKU-115,2,0
2026-05-25,SKU-115,3,0
2026-05-26,SKU-115,1,0
2026-05-27,SKU-115,3,0
2026-05-28,SKU-115,3,0
2026-05-29,SKU-115,4,0
2026-05-30,SKU-115,4,0
2026-05-31,SKU-115,0,0
2026-06-01,SKU-115,0,0
2026-06-02,SKU-115,3,0
2026-06-03,SKU-115,4,0
2026-06-04,SKU-115,4,0
2026-06-05,SKU-115,2,0
2026-06-06,SKU-115,1,0
2026-06-07,SKU-115,5,0
2026-06-08,SKU-115,2,0
2026-06-09,SKU-115,1,0
2026-06-10,SKU-115,5,0
2026-06-11,SKU-115,1,0
2026-06-12,SKU-115,2,0
2026-06-13,SKU-115,1,0
2026-06-14,SKU-115,1,0
2026-06-15,SKU-115,3,1
2026-06-16,SKU-115,1,0
2026-06-17,SKU-115,0,0
2026-06-18,SKU-115,3,0
2026-06-19,SKU-115,3,0
2026-06-20,SKU-115,0,0
2026-06-21,SKU-115,1,0
2026-06-22,SKU-115,1,0
2026-06-23,SKU-115,3,0
2026-06-24,SKU-115,1,0
2026-06-25,SKU-115,2,0
2026-06-26,SKU-115,5,0
2026-06-27,SKU-115,8,1
2026-06-28,SKU-115,5,0
2026-06-29,SKU-115,3,1
2026-06-30,SKU-115,2,0
2026-07-01,SKU-115,2,0
2026-07-02,SKU-115,2,0
2026-07-03,SKU-115,5,0
2026-07-04,SKU-115,2,0
2026-07-05,SKU-115,2,1
2026-07-06,SKU-115,3,0
2026-07-07,SKU-115,0,0
2026-07-08,SKU-115,2,0
2026-07-09,SKU-115,1,0
2026-07-10,SKU-115,1,0
2026-07-11,SKU-115,1,0
2026-07-12,SKU-115,1,0
2026-07-13,SKU-115,2,0
2026-07-14,SKU-115,0,0
2026-07-15,SKU-115,0,0
2026-07-16,SKU-115,1,0
2026-07-17,SKU-115,4,0
2026-07-18,SKU-115,3,0
2026-07-19,SKU-115,1,0
2026-07-20,SKU-115,0,1
2026-07-21,SKU-115,1,0
2026-07-22,SKU-115,3,0
2026-07-23,SKU-115,2,0
2026-07-24,SKU-115,4,0
2026-07-25,SKU-115,4,0
2026-07-26,SKU-115,0,0
2026-07-27,SKU-115,3,0
2026-07-28,SKU-115,0,0
2026-07-29,SKU-115,0,0
2026-07-30,SKU-115,2,0
2026-07-31,SKU-115,1,0
2026-08-01,SKU-115,0,0
2026-08-02,SKU-115,0,0
2026-08-03,SKU-115,3,1
2026-08-04,SKU-115,2,0
2026-08-05,SKU-115,1,0
2026-08-06,SKU-115,1,0
2026-08-07,SKU-115,2,0
2026-08-08,SKU-115,2,0
2026-08-09,SKU-115,5,1
2026-08-10,SKU-115,2,0
2026-08-11,SKU-115,2,0
2026-08-12,SKU-115,1,0
2026-08-13,SKU-115,0,0
2026-08-14,SKU-115,5,0
2026-08-15,SKU-115,3,0
2026-08-16,SKU-115,5,0
2026-08-17,SKU-115,6,0
2026-08-18,SKU-115,3,0
2026-08-19,SKU-115,3,0
2026-08-20,SKU-115,4,0
2026-08-21,SKU-115,1,0
2026-08-22,SKU-115,3,0
2026-08-23,SKU-115,0,0
2026-08-24,SKU-115,2,0
2026-08-25,SKU-115,3,0
2026-08-26,SKU-115,1,0
2026-08-27,SKU-115,4,0
2026-08-28,SKU-115,2,1
2026-08-29,SKU-115,1,0
2026-08-30,SKU-115,3,0
2026-08-31,SKU-115,2,0
2026-09-01,SKU-115,6,0
2026-09-02,SKU-115,3,0
2026-09-03,SKU-115,5,0
2026-09-04,SKU-115,2,0
2026-09-05,SKU-115,10,0
2026-09-06,SKU-115,1,0
2026-09-07,SKU-115,1,0
2026-09-08,SKU-115,4,0
2026-09-09,SKU-115,5,0
2026-09-10,SKU-115,3,0
2026-09-11,SKU-115,1,0
2026-09-12,SKU-115,6,0
2026-09-13,SKU-115,1,1
2026-09-14,SKU-115,0,0
2026-09-15,SKU-115,0,0
2026-09-16,SKU-115,5,0
2026-09-17,SKU-115,4,0
2026-09-18,SKU-115,3,0
2026-09-19,SKU-115,7,0
2026-09-20,SKU-115,4,0
2026-09-21,SKU-115,1,0
2026-09-22,SKU-115,2,0
2026-09-23,SKU-115,2,1
2026-09-24,SKU-115,7,0
2026-09-25,SKU-115,1,0
2026-09-26,SKU-115,4,1
2026-09-27,SKU-115,2,0
2026-09-28,SKU-115,1,0
2026-09-29,SKU-115,4,0
2026-09-30,SKU-115,0,0
2024-10-01,SKU-116,1,0
2024-10-02,SKU-116,3,0
2024-10-03,SKU-116,6,0
2024-10-04,SKU-116,4,0
2024-10-05,SKU-116,5,0
2024-10-06,SKU-116,3,0
2024-10-07,SKU-116,4,0
2024-10-08,SKU-116,2,0
2024-10-09,SKU-116,3,0
2024-10-10,SKU-116,3,0
2024-10-11,SKU-116,4,0
2024-10-12,SKU-116,3,0
2024-10-13,SKU-116,6,0
2024-10-14,SKU-116,1,0
2024-10-15,SKU-116,0,0
2024-10-16,SKU-116,1,0
2024-10-17,SKU-116,2,0
2024-10-18,SKU-116,6,0
2024-10-19,SKU-116,10,0
2024-10-20,SKU-116,7,1
2024-10-21,SKU-116,3,0
2024-10-22,SKU-116,6,0
2024-10-23,SKU-116,2,0
2024-10-24,SKU-116,4,0
2024-10-25,SKU-116,3,0
2024-10-26,SKU-116,7,0
2024-10-27,SKU-116,4,0
2024-10-28,SKU-116,4,0
2024-10-29,SKU-116,6,0
2024-10-30,SKU-116,4,0
2024-10-31,SKU-116,3,0
2024-11-01,SKU-116,1,0
2024-11-02,SKU-116,5,0
2024-11-03,SKU-116,7,0
2024-11-04,SKU-116,6,0
2024-11-05,SKU-116,1,0
2024-11-06,SKU-116,3,0
2024-11-07,SKU-116,3,0
2024-11-08,SKU-116,3,0
2024-11-09,SKU-116,3,0
2024-11-10,SKU-116,2,0
2024-11-11,SKU-116,3,0
2024-11-12,SKU-116,4,0
2024-11-13,SKU-116,1,0
2024-11-14,SKU-116,4,0
2024-11-15,SKU-116,1,0
2024-11-16,SKU-116,1,0
2024-11-17,SKU-116,1,0
2024-11-18,SKU-116,2,0
2024-11-19,SKU-116,1,0
2024-11-20,SKU-116,4,0
2024-11-21,SKU-116,2,0
2024-11-22,SKU-116,5,0
2024-11-23,SKU-116,8,0
2024-11-24,SKU-116,8,0
2024-11-25,SKU-116,3,0
2024-11-26,SKU-116,1,0
2024-11-27,SKU-116,1,0
2024-11-28,SKU-116,2,0
2024-11-29,SKU-116,2,0
2024-11-30,SKU-116,5,0
2024-12-01,SKU-116,1,0
2024-12-02,SKU-116,1,0
2024-12-03,SKU-116,4,0
2024-12-04,SKU-116,12,0
2024-12-05,SKU-116,1,0
2024-12-06,SKU-116,2,0
2024-12-07,SKU-116,2,0
2024-12-08,SKU-116,6,0
2024-12-09,SKU-116,3,0
2024-12-10,SKU-116,6,0
2024-12-11,SKU-116,2,0
2024-12-12,SKU-116,5,0
2024-12-13,SKU-116,1,0
2024-12-14,SKU-116,3,0
2024-12-15,SKU-116,3,0
2024-12-16,SKU-116,2,0
2024-12-17,SKU-116,4,0
2024-12-18,SKU-116,2,0
2024-12-19,SKU-116,5,0
2024-12-20,SKU-116,2,0
2024-12-21,SKU-116,5,0
2024-12-22,SKU-116,4,0
2024-12-23,SKU-116,2,1
2024-12-24,SKU-116,7,1
2024-12-25,SKU-116,6,0
2024-12-26,SKU-116,1,0
2024-12-27,SKU-116,2,0
2024-12-28,SKU-116,2,0
2024-12-29,SKU-116,4,0
2024-12-30,SKU-116,1,0
2024-12-31,SKU-116,2,0
2025-01-01,SKU-116,4,0
2025-01-02,SKU-116,1,0
2025-01-03,SKU-116,1,0
2025-01-04,SKU-116,4,0
2025-01-05,SKU-116,3,0
2025-01-06,SKU-116,7,0
2025-01-07,SKU-116,3,0
2025-01-08,SKU-116,6,0
2025-01-09,SKU-116,3,0
2025-01-10,SKU-116,4,1
2025-01-11,SKU-116,2,0
2025-01-12,SKU-116,0,0
2025-01-13,SKU-116,4,0
2025-01-14,SKU-116,0,0
2025-01-15,SKU-116,8,0
2025-01-16,SKU-116,4,0
2025-01-17,SKU-116,0,0
2025-01-18,SKU-116,8,0
2025-01-19,SKU-116,5,0
2025-01-20,SKU-116,0,0
2025-01-21,SKU-116,1,0
2025-01-22,SKU-116,1,0
2025-01-23,SKU-116,3,0
2025-01-24,SKU-116,2,0
2025-01-25,SKU-116,1,0
2025-01-26,SKU-116,2,0
2025-01-27,SKU-116,5,0
2025-01-28,SKU-116,3,0
2025-01-29,SKU-116,1,0
2025-01-30,SKU-116,1,0
2025-01-31,SKU-116,3,0
2025-02-01,SKU-116,3,0
2025-02-02,SKU-116,8,0
2025-02-03,SKU-116,2,0
2025-02-04,SKU-116,2,0
2025-02-05,SKU-116,4,0
2025-02-06,SKU-116,7,0
2025-02-07,SKU-116,2,0
2025-02-08,SKU-116,2,0
2025-02-09,SKU-116,1,0
2025-02-10,SKU-116,1,0
2025-02-11,SKU-116,1,0
2025-02-12,SKU-116,0,0
2025-02-13,SKU-116,1,0
2025-02-14,SKU-116,8,0
2025-02-15,SKU-116,3,0
2025-02-16,SKU-116,2,0
2025-02-17,SKU-116,3,0
2025-02-18,SKU-116,3,0
2025-02-19,SKU-116,6,0
2025-02-20,SKU-116,4,0
2025-02-21,SKU-116,2,0
2025-02-22,SKU-116,5,0
2025-02-23,SKU-116,2,0
2025-02-24,SKU-116,0,0
2025-02-25,SKU-116,2,0
2025-02-26,SKU-116,6,0
2025-02-27,SKU-116,3,0
2025-02-28,SKU-116,1,0
2025-03-01,SKU-116,0,0
2025-03-02,SKU-116,3,0
2025-03-03,SKU-116,7,0
2025-03-04,SKU-116,12,0
2025-03-05,SKU-116,2,0
2025-03-06,SKU-116,5,1
2025-03-07,SKU-116,1,0
2025-03-08,SKU-116,5,0
2025-03-09,SKU-116,4,0
2025-03-10,SKU-116,4,0
2025-03-11,SKU-116,3,0
2025-03-12,SKU-116,0,0
2025-03-13,SKU-116,2,0
2025-03-14,SKU-116,2,0
2025-03-15,SKU-116,7,0
2025-03-16,SKU-116,9,0
2025-03-17,SKU-116,0,0
2025-03-18,SKU-116,0,1
2025-03-19,SKU-116,2,0
2025-03-20,SKU-116,2,0
2025-03-21,SKU-116,8,1
2025-03-22,SKU-116,3,0
2025-03-23,SKU-116,3,0
2025-03-24,SKU-116,3,0
2025-03-25,SKU-116,2,0
2025-03-26,SKU-116,4,1
2025-03-27,SKU-116,5,0
2025-03-28,SKU-116,4,0
2025-03-29,SKU-116,2,0
2025-03-30,SKU-116,3,0
2025-03-31,SKU-116,4,0
2025-04-01,SKU-116,0,0
2025-04-02,SKU-116,3,0
2025-04-03,SKU-116,4,0
2025-04-04,SKU-116,0,0
2025-04-05,SKU-116,4,0
2025-04-06,SKU-116,2,0
2025-04-07,SKU-116,1,0
2025-04-08,SKU-116,5,0
2025-04-09,SKU-116,0,0
2025-04-10,SKU-116,5,1
2025-04-11,SKU-116,2,0
2025-04-12,SKU-116,5,0
2025-04-13,SKU-116,0,0
2025-04-14,SKU-116,1,0
2025-04-15,SKU-116,7,0
2025-04-16,SKU-116,7,0
2025-04-17,SKU-116,5,0
2025-04-18,SKU-116,4,0
2025-04-19,SKU-116,4,0
2025-04-20,SKU-116,5,0
2025-04-21,SKU-116,8,0
2025-04-22,SKU-116,3,0
2025-04-23,SKU-116,1,0
2025-04-24,SKU-116,4,0
2025-04-25,SKU-116,4,1
2025-04-26,SKU-116,4,0
2025-04-27,SKU-116,4,0
2025-04-28,SKU-116,1,0
2025-04-29,SKU-116,4,0
2025-04-30,SKU-116,3,0
2025-05-01,SKU-116,3,0
2025-05-02,SKU-116,4,0
2025-05-03,SKU-116,2,0
2025-05-04,SKU-116,3,0
2025-05-05,SKU-116,0,0
2025-05-06,SKU-116,7,0
2025-05-07,SKU-116,2,0
2025-05-08,SKU-116,3,0
2025-05-09,SKU-116,4,0
2025-05-10,SKU-116,4,1
2025-05-11,SKU-116,3,0
2025-05-12,SKU-116,2,0
2025-05-13,SKU-116,6,0
2025-05-14,SKU-116,5,0
2025-05-15,SKU-116,3,0
2025-05-16,SKU-116,2,0
2025-05-17,SKU-116,2,0
2025-05-18,SKU-116,7,0
2025-05-19,SKU-116,5,0
2025-05-20,SKU-116,3,0
2025-05-21,SKU-116,2,0
2025-05-22,SKU-116,0,0
2025-05-23,SKU-116,3,0
2025-05-24,SKU-116,5,0
2025-05-25,SKU-116,8,0
2025-05-26,SKU-116,4,0
2025-05-27,SKU-116,5,0
2025-05-28,SKU-116,1,0
2025-05-29,SKU-116,2,0
2025-05-30,SKU-116,1,0
2025-05-31,SKU-116,3,0
2025-06-01,SKU-116,3,0
2025-06-02,SKU-116,2,0
2025-06-03,SKU-116,5,0
2025-06-04,SKU-116,2,0
2025-06-05,SKU-116,4,0
2025-06-06,SKU-116,5,0
2025-06-07,SKU-116,1,0
2025-06-08,SKU-116,4,0
2025-06-09,SKU-116,1,0
2025-06-10,SKU-116,3,1
2025-06-11,SKU-116,2,0
2025-06-12,SKU-116,3,1
2025-06-13,SKU-116,1,0
2025-06-14,SKU-116,1,0
2025-06-15,SKU-116,3,0
2025-06-16,SKU-116,9,0
2025-06-17,SKU-116,3,1
2025-06-18,SKU-116,1,0
2025-06-19,SKU-116,5,0
2025-06-20,SKU-116,5,0
2025-06-21,SKU-116,5,1
2025-06-22,SKU-116,0,0
2025-06-23,SKU-116,2,0
2025-06-24,SKU-116,1,0
2025-06-25,SKU-116,5,0
2025-06-26,SKU-116,5,0
2025-06-27,SKU-116,1,0
2025-06-28,SKU-116,1,0
2025-06-29,SKU-116,3,0
2025-06-30,SKU-116,1,0
2025-07-01,SKU-116,6,0
2025-07-02,SKU-116,3,0
2025-07-03,SKU-116,2,0
2025-07-04,SKU-116,3,0
2025-07-05,SKU-116,3,0
2025-07-06,SKU-116,4,0
2025-07-07,SKU-116,2,0
2025-07-08,SKU-116,2,0
2025-07-09,SKU-116,0,0
2025-07-10,SKU-116,1,0
2025-07-11,SKU-116,0,0
2025-07-12,SKU-116,6,0
2025-07-13,SKU-116,4,0
2025-07-14,SKU-116,2,0
2025-07-15,SKU-116,7,0
2025-07-16,SKU-116,0,0
2025-07-17,SKU-116,4,0
2025-07-18,SKU-116,0,0
2025-07-19,SKU-116,4,0
2025-07-20,SKU-116,3,0
2025-07-21,SKU-116,1,0
2025-07-22,SKU-116,1,0
2025-07-23,SKU-116,1,0
2025-07-24,SKU-116,1,0
2025-07-25,SKU-116,5,0
2025-07-26,SKU-116,3,0
2025-07-27,SKU-116,3,0
2025-07-28,SKU-116,1,0
2025-07-29,SKU-116,5,0
2025-07-30,SKU-116,0,0
2025-07-31,SKU-116,3,0
2025-08-01,SKU-116,3,0
2025-08-02,SKU-116,1,0
2025-08-03,SKU-116,3,0
2025-08-04,SKU-116,1,0
2025-08-05,SKU-116,1,0
2025-08-06,SKU-116,3,1
2025-08-07,SKU-116,2,0
2025-08-08,SKU-116,7,0
2025-08-09,SKU-116,2,0
2025-08-10,SKU-116,5,0
2025-08-11,SKU-116,4,0
2025-08-12,SKU-116,3,0
2025-08-13,SKU-116,1,0
2025-08-14,SKU-116,0,0
2025-08-15,SKU-116,2,0
2025-08-16,SKU-116,8,0
2025-08-17,SKU-116,2,0
2025-08-18,SKU-116,2,0
2025-08-19,SKU-116,5,0
2025-08-20,SKU-116,0,0
2025-08-21,SKU-116,2,0
2025-08-22,SKU-116,4,0
2025-08-23,SKU-116,1,0
2025-08-24,SKU-116,7,0
2025-08-25,SKU-116,1,0
2025-08-26,SKU-116,1,0
2025-08-27,SKU-116,5,0
2025-08-28,SKU-116,1,0
2025-08-29,SKU-116,6,0
2025-08-30,SKU-116,6,0
2025-08-31,SKU-116,5,1
2025-09-01,SKU-116,1,0
2025-09-02,SKU-116,4,0
2025-09-03,SKU-116,3,0
2025-09-04,SKU-116,3,0
2025-09-05,SKU-116,4,1
2025-09-06,SKU-116,1,0
2025-09-07,SKU-116,1,0
2025-09-08,SKU-116,4,0
2025-09-09,SKU-116,8,0
2025-09-10,SKU-116,7,0
2025-09-11,SKU-116,2,0
2025-09-12,SKU-116,4,0
2025-09-13,SKU-116,2,0
2025-09-14,SKU-116,5,0
2025-09-15,SKU-116,6,0
2025-09-16,SKU-116,2,0
2025-09-17,SKU-116,2,0
2025-09-18,SKU-116,2,0
2025-09-19,SKU-116,5,0
2025-09-20,SKU-116,8,0
2025-09-21,SKU-116,3,0
2025-09-22,SKU-116,4,0
2025-09-23,SKU-116,1,0
2025-09-24,SKU-116,2,0
2025-09-25,SKU-116,3,0
2025-09-26,SKU-116,4,1
2025-09-27,SKU-116,7,1
2025-09-28,SKU-116,3,0
2025-09-29,SKU-116,2,0
2025-09-30,SKU-116,1,0
2025-10-01,SKU-116,1,0
2025-10-02,SKU-116,2,0
2025-10-03,SKU-116,2,0
2025-10-04,SKU-116,8,0
2025-10-05,SKU-116,3,0
2025-10-06,SKU-116,0,0
2025-10-07,SKU-116,4,0
2025-10-08,SKU-116,2,0
2025-10-09,SKU-116,3,0
2025-10-10,SKU-116,16,1
2025-10-11,SKU-116,3,0
2025-10-12,SKU-116,5,0
2025-10-13,SKU-116,0,0
2025-10-14,SKU-116,4,0
2025-10-15,SKU-116,3,0
2025-10-16,SKU-116,5,0
2025-10-17,SKU-116,7,0
2025-10-18,SKU-116,5,0
2025-10-19,SKU-116,9,0
2025-10-20,SKU-116,6,0
2025-10-21,SKU-116,8,0
2025-10-22,SKU-116,0,0
2025-10-23,SKU-116,1,0
2025-10-24,SKU-116,1,0
2025-10-25,SKU-116,3,0
2025-10-26,SKU-116,9,0
2025-10-27,SKU-116,3,1
2025-10-28,SKU-116,2,0
2025-10-29,SKU-116,2,0
2025-10-30,SKU-116,3,0
2025-10-31,SKU-116,5,0
2025-11-01,SKU-116,4,0
2025-11-02,SKU-116,8,0
2025-11-03,SKU-116,1,0
2025-11-04,SKU-116,3,0
2025-11-05,SKU-116,2,0
2025-11-06,SKU-116,5,1
2025-11-07,SKU-116,1,0
2025-11-08,SKU-116,3,0
2025-11-09,SKU-116,3,0
2025-11-10,SKU-116,3,0
2025-11-11,SKU-116,3,0
2025-11-12,SKU-116,3,0
2025-11-13,SKU-116,6,0
2025-11-14,SKU-116,3,0
2025-11-15,SKU-116,4,0
2025-11-16,SKU-116,8,0
2025-11-17,SKU-116,3,0
2025-11-18,SKU-116,4,0
2025-11-19,SKU-116,4,0
2025-11-20,SKU-116,4,0
2025-11-21,SKU-116,5,0
2025-11-22,SKU-116,6,0
2025-11-23,SKU-116,5,0
2025-11-24,SKU-116,2,0
2025-11-25,SKU-116,6,0
2025-11-26,SKU-116,4,0
2025-11-27,SKU-116,4,0
2025-11-28,SKU-116,7,0
2025-11-29,SKU-116,3,0
2025-11-30,SKU-116,1,0
2025-12-01,SKU-116,10,1
2025-12-02,SKU-116,2,0
2025-12-03,SKU-116,2,0
2025-12-04,SKU-116,2,0
2025-12-05,SKU-116,2,0
2025-12-06,SKU-116,1,0
2025-12-07,SKU-116,3,0
2025-12-08,SKU-116,2,0
2025-12-09,SKU-116,3,0
2025-12-10,SKU-116,0,0
2025-12-11,SKU-116,1,0
2025-12-12,SKU-116,3,0
2025-12-13,SKU-116,3,0
2025-12-14,SKU-116,5,0
2025-12-15,SKU-116,5,0
2025-12-16,SKU-116,3,0
2025-12-17,SKU-116,0,0
2025-12-18,SKU-116,3,0
2025-12-19,SKU-116,1,0
2025-12-20,SKU-116,3,0
2025-12-21,SKU-116,7,1
2025-12-22,SKU-116,1,0
2025-12-23,SKU-116,3,0
2025-12-24,SKU-116,1,0
2025-12-25,SKU-116,3,0
2025-12-26,SKU-116,4,0
2025-12-27,SKU-116,1,0
2025-12-28,SKU-116,1,1
2025-12-29,SKU-116,1,0
2025-12-30,SKU-116,4,0
2025-12-31,SKU-116,4,0
2026-01-01,SKU-116,4,0
2026-01-02,SKU-116,6,0
2026-01-03,SKU-116,6,1
2026-01-04,SKU-116,5,0
2026-01-05,SKU-116,4,0
2026-01-06,SKU-116,3,0
2026-01-07,SKU-116,2,0
2026-01-08,SKU-116,1,0
2026-01-09,SKU-116,5,0
2026-01-10,SKU-116,2,0
2026-01-11,SKU-116,7,1
2026-01-12,SKU-116,0,0
2026-01-13,SKU-116,5,0
2026-01-14,SKU-116,2,0
2026-01-15,SKU-116,0,0
2026-01-16,SKU-116,1,0
2026-01-17,SKU-116,1,0
2026-01-18,SKU-116,3,0
2026-01-19,SKU-116,1,0
2026-01-20,SKU-116,2,0
2026-01-21,SKU-116,1,0
2026-01-22,SKU-116,3,0
2026-01-23,SKU-116,3,1
2026-01-24,SKU-116,4,0
2026-01-25,SKU-116,8,0
2026-01-26,SKU-116,1,0
2026-01-27,SKU-116,2,0
2026-01-28,SKU-116,7,0
2026-01-29,SKU-116,1,0
2026-01-30,SKU-116,2,0
2026-01-31,SKU-116,3,0
2026-02-01,SKU-116,4,1
2026-02-02,SKU-116,2,0
2026-02-03,SKU-116,6,0
2026-02-04,SKU-116,4,1
2026-02-05,SKU-116,2,0
2026-02-06,SKU-116,4,0
2026-02-07,SKU-116,1,0
2026-02-08,SKU-116,4,0
2026-02-09,SKU-116,3,0
2026-02-10,SKU-116,2,0
2026-02-11,SKU-116,6,0
2026-02-12,SKU-116,7,0
2026-02-13,SKU-116,6,0
2026-02-14,SKU-116,0,0
2026-02-15,SKU-116,3,0
2026-02-16,SKU-116,0,0
2026-02-17,SKU-116,6,0
2026-02-18,SKU-116,3,0
2026-02-19,SKU-116,0,0
2026-02-20,SKU-116,3,0
2026-02-21,SKU-116,7,1
2026-02-22,SKU-116,5,0
2026-02-23,SKU-116,5,0
2026-02-24,SKU-116,3,1
2026-02-25,SKU-116,4,0
2026-02-26,SKU-116,6,0
2026-02-27,SKU-116,1,0
2026-02-28,SKU-116,2,0
2026-03-01,SKU-116,2,0
2026-03-02,SKU-116,2,0
2026-03-03,SKU-116,6,0
2026-03-04,SKU-116,3,0
2026-03-05,SKU-116,1,0
2026-03-06,SKU-116,3,0
2026-03-07,SKU-116,5,0
2026-03-08,SKU-116,7,1
2026-03-09,SKU-116,2,0
2026-03-10,SKU-116,2,0
2026-03-11,SKU-116,1,0
2026-03-12,SKU-116,4,0
2026-03-13,SKU-116,0,0
2026-03-14,SKU-116,1,0
2026-03-15,SKU-116,3,0
2026-03-16,SKU-116,2,0
2026-03-17,SKU-116,4,0
2026-03-18,SKU-116,1,0
2026-03-19,SKU-116,4,0
2026-03-20,SKU-116,2,0
2026-03-21,SKU-116,0,0
2026-03-22,SKU-116,7,0
2026-03-23,SKU-116,2,0
2026-03-24,SKU-116,6,0
2026-03-25,SKU-116,6,0
2026-03-26,SKU-116,2,0
2026-03-27,SKU-116,0,0
2026-03-28,SKU-116,1,0
2026-03-29,SKU-116,4,0
2026-03-30,SKU-116,2,0
2026-03-31,SKU-116,11,0
2026-04-01,SKU-116,4,0
2026-04-02,SKU-116,2,0
2026-04-03,SKU-116,6,0
2026-04-04,SKU-116,4,0
2026-04-05,SKU-116,6,0
2026-04-06,SKU-116,9,1
2026-04-07,SKU-116,5,0
2026-04-08,SKU-116,0,0
2026-04-09,SKU-116,4,0
2026-04-10,SKU-116,1,0
2026-04-11,SKU-116,7,0
2026-04-12,SKU-116,3,0
2026-04-13,SKU-116,1,0
2026-04-14,SKU-116,3,0
2026-04-15,SKU-116,6,0
2026-04-16,SKU-116,2,0
2026-04-17,SKU-116,6,0
2026-04-18,SKU-116,6,1
2026-04-19,SKU-116,5,0
2026-04-20,SKU-116,3,0
2026-04-21,SKU-116,1,0
2026-04-22,SKU-116,4,0
2026-04-23,SKU-116,3,0
2026-04-24,SKU-116,3,0
2026-04-25,SKU-116,1,0
2026-04-26,SKU-116,3,0
2026-04-27,SKU-116,0,0
2026-04-28,SKU-116,1,0
2026-04-29,SKU-116,1,0
2026-04-30,SKU-116,1,0
2026-05-01,SKU-116,3,1
2026-05-02,SKU-116,3,0
2026-05-03,SKU-116,5,0
2026-05-04,SKU-116,1,0
2026-05-05,SKU-116,2,0
2026-05-06,SKU-116,3,0
2026-05-07,SKU-116,2,0
2026-05-08,SKU-116,8,0
2026-05-09,SKU-116,4,0
2026-05-10,SKU-116,3,0
2026-05-11,SKU-116,0,0
2026-05-12,SKU-116,0,0
2026-05-13,SKU-116,8,0
2026-05-14,SKU-116,2,0
2026-05-15,SKU-116,3,0
2026-05-16,SKU-116,2,0
2026-05-17,SKU-116,6,0
2026-05-18,SKU-116,7,0
2026-05-19,SKU-116,3,0
2026-05-20,SKU-116,0,0
2026-05-21,SKU-116,8,0
2026-05-22,SKU-116,1,0
2026-05-23,SKU-116,2,0
2026-05-24,SKU-116,4,0
2026-05-25,SKU-116,1,0
2026-05-26,SKU-116,1,0
2026-05-27,SKU-116,5,0
2026-05-28,SKU-116,3,0
2026-05-29,SKU-116,5,0
2026-05-30,SKU-116,5,0
2026-05-31,SKU-116,0,0
2026-06-01,SKU-116,3,0
2026-06-02,SKU-116,3,0
2026-06-03,SKU-116,4,1
2026-06-04,SKU-116,3,0
2026-06-05,SKU-116,0,0
2026-06-06,SKU-116,1,0
2026-06-07,SKU-116,7,0
2026-06-08,SKU-116,0,0
2026-06-09,SKU-116,5,0
2026-06-10,SKU-116,3,0
2026-06-11,SKU-116,2,0
2026-06-12,SKU-116,5,0
2026-06-13,SKU-116,2,0
2026-06-14,SKU-116,2,0
2026-06-15,SKU-116,0,0
2026-06-16,SKU-116,2,0
2026-06-17,SKU-116,2,1
2026-06-18,SKU-116,5,0
2026-06-19,SKU-116,7,0
2026-06-20,SKU-116,5,0
2026-06-21,SKU-116,5,0
2026-06-22,SKU-116,1,0
2026-06-23,SKU-116,3,0
2026-06-24,SKU-116,2,0
2026-06-25,SKU-116,8,0
2026-06-26,SKU-116,0,0
2026-06-27,SKU-116,7,0
2026-06-28,SKU-116,3,1
2026-06-29,SKU-116,8,0
2026-06-30,SKU-116,6,0
2026-07-01,SKU-116,1,0
2026-07-02,SKU-116,7,0
2026-07-03,SKU-116,11,1
2026-07-04,SKU-116,8,0
2026-07-05,SKU-116,4,0
2026-07-06,SKU-116,2,0
2026-07-07,SKU-116,3,0
2026-07-08,SKU-116,0,0
2026-07-09,SKU-116,3,0
2026-07-10,SKU-116,4,0
2026-07-11,SKU-116,4,0
2026-07-12,SKU-116,3,0
2026-07-13,SKU-116,2,0
2026-07-14,SKU-116,4,0
2026-07-15,SKU-116,5,0
2026-07-16,SKU-116,4,1
2026-07-17,SKU-116,1,0
2026-07-18,SKU-116,2,0
2026-07-19,SKU-116,7,0
2026-07-20,SKU-116,3,0
2026-07-21,SKU-116,2,0
2026-07-22,SKU-116,1,0
2026-07-23,SKU-116,4,0
2026-07-24,SKU-116,4,0
2026-07-25,SKU-116,1,0
2026-07-26,SKU-116,2,0
2026-07-27,SKU-116,7,0
2026-07-28,SKU-116,4,0
2026-07-29,SKU-116,5,0
2026-07-30,SKU-116,1,0
2026-07-31,SKU-116,2,0
2026-08-01,SKU-116,2,0
2026-08-02,SKU-116,3,0
2026-08-03,SKU-116,2,0
2026-08-04,SKU-116,5,0
2026-08-05,SKU-116,2,0
2026-08-06,SKU-116,2,0
2026-08-07,SKU-116,3,0
2026-08-08,SKU-116,2,0
2026-08-09,SKU-116,4,0
2026-08-10,SKU-116,3,0
2026-08-11,SKU-116,2,0
2026-08-12,SKU-116,1,0
2026-08-13,SKU-116,5,0
2026-08-14,SKU-116,5,0
2026-08-15,SKU-116,4,0
2026-08-16,SKU-116,4,0
2026-08-17,SKU-116,9,0
2026-08-18,SKU-116,1,0
2026-08-19,SKU-116,4,0
2026-08-20,SKU-116,4,1
2026-08-21,SKU-116,1,0
2026-08-22,SKU-116,2,0
2026-08-23,SKU-116,6,0
2026-08-24,SKU-116,2,0
2026-08-25,SKU-116,3,0
2026-08-26,SKU-116,2,0
2026-08-27,SKU-116,2,0
2026-08-28,SKU-116,2,0
2026-08-29,SKU-116,4,0
2026-08-30,SKU-116,4,0
2026-08-31,SKU-116,7,1
2026-09-01,SKU-116,5,0
2026-09-02,SKU-116,2,0
2026-09-03,SKU-116,7,1
2026-09-04,SKU-116,3,0
2026-09-05,SKU-116,2,0
2026-09-06,SKU-116,4,0
2026-09-07,SKU-116,2,0
2026-09-08,SKU-116,2,0
2026-09-09,SKU-116,2,0
2026-09-10,SKU-116,4,0
2026-09-11,SKU-116,2,0
2026-09-12,SKU-116,5,0
2026-09-13,SKU-116,7,0
2026-09-14,SKU-116,1,0
2026-09-15,SKU-116,9,1
2026-09-16,SKU-116,3,0
2026-09-17,SKU-116,5,0
2026-09-18,SKU-116,4,0
2026-09-19,SKU-116,1,0
2026-09-20,SKU-116,5,0
2026-09-21,SKU-116,0,0
2026-09-22,SKU-116,6,0
2026-09-23,SKU-116,4,0
2026-09-24,SKU-116,1,0
2026-09-25,SKU-116,11,1
2026-09-26,SKU-116,4,0
2026-09-27,SKU-116,1,0
2026-09-28,SKU-116,1,0
2026-09-29,SKU-116,5,0
2026-09-30,SKU-116,4,0
2024-10-01,SKU-117,0,1
2024-10-02,SKU-117,0,0
2024-10-03,SKU-117,0,0
2024-10-04,SKU-117,0,0
2024-10-05,SKU-117,0,0
2024-10-06,SKU-117,0,0
2024-10-07,SKU-117,0,0
2024-10-08,SKU-117,0,0
2024-10-09,SKU-117,0,0
2024-10-10,SKU-117,0,0
2024-10-11,SKU-117,0,0
2024-10-12,SKU-117,0,0
2024-10-13,SKU-117,0,0
2024-10-14,SKU-117,0,0
2024-10-15,SKU-117,0,0
2024-10-16,SKU-117,0,0
2024-10-17,SKU-117,0,0
2024-10-18,SKU-117,0,0
2024-10-19,SKU-117,0,0
2024-10-20,SKU-117,0,0
2024-10-21,SKU-117,0,1
2024-10-22,SKU-117,0,0
2024-10-23,SKU-117,0,0
2024-10-24,SKU-117,0,0
2024-10-25,SKU-117,0,0
2024-10-26,SKU-117,0,0
2024-10-27,SKU-117,0,0
2024-10-28,SKU-117,0,0
2024-10-29,SKU-117,0,0
2024-10-30,SKU-117,0,0
2024-10-31,SKU-117,0,0
2024-11-01,SKU-117,0,0
2024-11-02,SKU-117,0,1
2024-11-03,SKU-117,0,0
2024-11-04,SKU-117,0,0
2024-11-05,SKU-117,0,0
2024-11-06,SKU-117,0,0
2024-11-07,SKU-117,0,0
2024-11-08,SKU-117,0,0
2024-11-09,SKU-117,0,0
2024-11-10,SKU-117,0,0
2024-11-11,SKU-117,0,0
2024-11-12,SKU-117,0,0
2024-11-13,SKU-117,0,0
2024-11-14,SKU-117,0,0
2024-11-15,SKU-117,0,0
2024-11-16,SKU-117,0,0
2024-11-17,SKU-117,0,0
2024-11-18,SKU-117,0,0
2024-11-19,SKU-117,0,0
2024-11-20,SKU-117,0,0
2024-11-21,SKU-117,0,0
2024-11-22,SKU-117,0,0
2024-11-23,SKU-117,0,0
2024-11-24,SKU-117,0,0
2024-11-25,SKU-117,0,0
2024-11-26,SKU-117,0,0
2024-11-27,SKU-117,0,0
2024-11-28,SKU-117,0,0
2024-11-29,SKU-117,0,0
2024-11-30,SKU-117,0,0
2024-12-01,SKU-117,0,0
2024-12-02,SKU-117,0,0
2024-12-03,SKU-117,0,1
2024-12-04,SKU-117,0,0
2024-12-05,SKU-117,0,0
2024-12-06,SKU-117,0,1
2024-12-07,SKU-117,0,0
2024-12-08,SKU-117,0,0
2024-12-09,SKU-117,0,0
2024-12-10,SKU-117,0,0
2024-12-11,SKU-117,0,0
2024-12-12,SKU-117,0,0
2024-12-13,SKU-117,0,0
2024-12-14,SKU-117,0,0
2024-12-15,SKU-117,0,0
2024-12-16,SKU-117,0,0
2024-12-17,SKU-117,0,0
2024-12-18,SKU-117,0,0
2024-12-19,SKU-117,0,0
2024-12-20,SKU-117,0,0
2024-12-21,SKU-117,0,0
2024-12-22,SKU-117,0,0
2024-12-23,SKU-117,0,0
2024-12-24,SKU-117,0,0
2024-12-25,SKU-117,0,0
2024-12-26,SKU-117,0,0
2024-12-27,SKU-117,0,0
2024-12-28,SKU-117,0,0
2024-12-29,SKU-117,0,0
2024-12-30,SKU-117,0,0
2024-12-31,SKU-117,0,1
2025-01-01,SKU-117,0,0
2025-01-02,SKU-117,0,0
2025-01-03,SKU-117,0,0
2025-01-04,SKU-117,0,0
2025-01-05,SKU-117,0,0
2025-01-06,SKU-117,0,0
2025-01-07,SKU-117,0,0
2025-01-08,SKU-117,0,0
2025-01-09,SKU-117,0,0
2025-01-10,SKU-117,0,0
2025-01-11,SKU-117,0,0
2025-01-12,SKU-117,0,0
2025-01-13,SKU-117,0,0
2025-01-14,SKU-117,0,0
2025-01-15,SKU-117,0,0
2025-01-16,SKU-117,0,0
2025-01-17,SKU-117,0,0
2025-01-18,SKU-117,0,0
2025-01-19,SKU-117,0,0
2025-01-20,SKU-117,0,0
2025-01-21,SKU-117,0,0
2025-01-22,SKU-117,0,0
2025-01-23,SKU-117,0,0
2025-01-24,SKU-117,0,0
2025-01-25,SKU-117,0,0
2025-01-26,SKU-117,0,0
2025-01-27,SKU-117,0,0
2025-01-28,SKU-117,0,1
2025-01-29,SKU-117,0,0
2025-01-30,SKU-117,0,0
2025-01-31,SKU-117,0,0
2025-02-01,SKU-117,0,0
2025-02-02,SKU-117,0,0
2025-02-03,SKU-117,0,0
2025-02-04,SKU-117,0,0
2025-02-05,SKU-117,0,0
2025-02-06,SKU-117,0,0
2025-02-07,SKU-117,0,0
2025-02-08,SKU-117,0,0
2025-02-09,SKU-117,0,0
2025-02-10,SKU-117,0,0
2025-02-11,SKU-117,0,0
2025-02-12,SKU-117,0,0
2025-02-13,SKU-117,0,0
2025-02-14,SKU-117,0,0
2025-02-15,SKU-117,0,0
2025-02-16,SKU-117,0,0
2025-02-17,SKU-117,0,1
2025-02-18,SKU-117,0,0
2025-02-19,SKU-117,0,0
2025-02-20,SKU-117,0,0
2025-02-21,SKU-117,0,0
2025-02-22,SKU-117,0,0
2025-02-23,SKU-117,0,0
2025-02-24,SKU-117,0,0
2025-02-25,SKU-117,0,0
2025-02-26,SKU-117,0,0
2025-02-27,SKU-117,0,0
2025-02-28,SKU-117,0,0
2025-03-01,SKU-117,0,0
2025-03-02,SKU-117,0,0
2025-03-03,SKU-117,0,0
2025-03-04,SKU-117,0,0
2025-03-05,SKU-117,0,0
2025-03-06,SKU-117,0,0
2025-03-07,SKU-117,0,0
2025-03-08,SKU-117,0,0
2025-03-09,SKU-117,0,0
2025-03-10,SKU-117,0,0
2025-03-11,SKU-117,0,0
2025-03-12,SKU-117,0,0
2025-03-13,SKU-117,0,0
2025-03-14,SKU-117,0,0
2025-03-15,SKU-117,0,0
2025-03-16,SKU-117,0,0
2025-03-17,SKU-117,0,0
2025-03-18,SKU-117,0,0
2025-03-19,SKU-117,0,0
2025-03-20,SKU-117,0,0
2025-03-21,SKU-117,0,0
2025-03-22,SKU-117,0,0
2025-03-23,SKU-117,0,1
2025-03-24,SKU-117,0,0
2025-03-25,SKU-117,0,0
2025-03-26,SKU-117,0,0
2025-03-27,SKU-117,0,0
2025-03-28,SKU-117,0,0
2025-03-29,SKU-117,0,0
2025-03-30,SKU-117,0,0
2025-03-31,SKU-117,0,0
2025-04-01,SKU-117,0,0
2025-04-02,SKU-117,0,0
2025-04-03,SKU-117,0,0
2025-04-04,SKU-117,0,0
2025-04-05,SKU-117,0,0
2025-04-06,SKU-117,0,0
2025-04-07,SKU-117,0,0
2025-04-08,SKU-117,0,0
2025-04-09,SKU-117,0,0
2025-04-10,SKU-117,0,0
2025-04-11,SKU-117,0,0
2025-04-12,SKU-117,0,1
2025-04-13,SKU-117,0,0
2025-04-14,SKU-117,0,1
2025-04-15,SKU-117,0,0
2025-04-16,SKU-117,0,0
2025-04-17,SKU-117,0,0
2025-04-18,SKU-117,0,0
2025-04-19,SKU-117,0,0
2025-04-20,SKU-117,0,0
2025-04-21,SKU-117,0,0
2025-04-22,SKU-117,0,0
2025-04-23,SKU-117,0,0
2025-04-24,SKU-117,0,1
2025-04-25,SKU-117,0,0
2025-04-26,SKU-117,0,0
2025-04-27,SKU-117,0,0
2025-04-28,SKU-117,0,0
2025-04-29,SKU-117,0,0
2025-04-30,SKU-117,0,1
2025-05-01,SKU-117,0,0
2025-05-02,SKU-117,0,0
2025-05-03,SKU-117,0,0
2025-05-04,SKU-117,0,0
2025-05-05,SKU-117,0,0
2025-05-06,SKU-117,0,0
2025-05-07,SKU-117,0,0
2025-05-08,SKU-117,0,0
2025-05-09,SKU-117,0,0
2025-05-10,SKU-117,0,0
2025-05-11,SKU-117,0,0
2025-05-12,SKU-117,0,0
2025-05-13,SKU-117,0,0
2025-05-14,SKU-117,0,0
2025-05-15,SKU-117,0,0
2025-05-16,SKU-117,0,0
2025-05-17,SKU-117,0,0
2025-05-18,SKU-117,0,0
2025-05-19,SKU-117,0,0
2025-05-20,SKU-117,0,0
2025-05-21,SKU-117,0,0
2025-05-22,SKU-117,0,0
2025-05-23,SKU-117,0,0
2025-05-24,SKU-117,0,0
2025-05-25,SKU-117,0,0
2025-05-26,SKU-117,0,0
2025-05-27,SKU-117,0,0
2025-05-28,SKU-117,0,1
2025-05-29,SKU-117,0,0
2025-05-30,SKU-117,0,1
2025-05-31,SKU-117,0,0
2025-06-01,SKU-117,0,0
2025-06-02,SKU-117,0,0
2025-06-03,SKU-117,0,0
2025-06-04,SKU-117,0,0
2025-06-05,SKU-117,0,0
2025-06-06,SKU-117,0,0
2025-06-07,SKU-117,0,0
2025-06-08,SKU-117,0,0
2025-06-09,SKU-117,0,0
2025-06-10,SKU-117,0,0
2025-06-11,SKU-117,0,0
2025-06-12,SKU-117,0,0
2025-06-13,SKU-117,0,1
2025-06-14,SKU-117,0,0
2025-06-15,SKU-117,0,0
2025-06-16,SKU-117,0,0
2025-06-17,SKU-117,0,0
2025-06-18,SKU-117,0,0
2025-06-19,SKU-117,0,1
2025-06-20,SKU-117,0,0
2025-06-21,SKU-117,0,0
2025-06-22,SKU-117,0,0
2025-06-23,SKU-117,0,0
2025-06-24,SKU-117,0,0
2025-06-25,SKU-117,0,0
2025-06-26,SKU-117,0,0
2025-06-27,SKU-117,0,0
2025-06-28,SKU-117,0,0
2025-06-29,SKU-117,0,1
2025-06-30,SKU-117,0,0
2025-07-01,SKU-117,0,0
2025-07-02,SKU-117,0,0
2025-07-03,SKU-117,0,1
2025-07-04,SKU-117,0,0
2025-07-05,SKU-117,0,0
2025-07-06,SKU-117,0,0
2025-07-07,SKU-117,0,0
2025-07-08,SKU-117,0,0
2025-07-09,SKU-117,0,0
2025-07-10,SKU-117,0,0
2025-07-11,SKU-117,0,0
2025-07-12,SKU-117,0,0
2025-07-13,SKU-117,0,0
2025-07-14,SKU-117,0,0
2025-07-15,SKU-117,0,0
2025-07-16,SKU-117,0,1
2025-07-17,SKU-117,0,0
2025-07-18,SKU-117,0,0
2025-07-19,SKU-117,0,0
2025-07-20,SKU-117,0,0
2025-07-21,SKU-117,0,0
2025-07-22,SKU-117,0,0
2025-07-23,SKU-117,0,0
2025-07-24,SKU-117,0,0
2025-07-25,SKU-117,0,0
2025-07-26,SKU-117,0,0
2025-07-27,SKU-117,0,0
2025-07-28,SKU-117,0,0
2025-07-29,SKU-117,0,0
2025-07-30,SKU-117,0,0
2025-07-31,SKU-117,0,0
2025-08-01,SKU-117,0,1
2025-08-02,SKU-117,0,0
2025-08-03,SKU-117,0,0
2025-08-04,SKU-117,0,0
2025-08-05,SKU-117,0,0
2025-08-06,SKU-117,0,0
2025-08-07,SKU-117,0,0
2025-08-08,SKU-117,0,0
2025-08-09,SKU-117,0,0
2025-08-10,SKU-117,0,0
2025-08-11,SKU-117,0,0
2025-08-12,SKU-117,0,0
2025-08-13,SKU-117,0,0
2025-08-14,SKU-117,0,0
2025-08-15,SKU-117,0,0
2025-08-16,SKU-117,0,0
2025-08-17,SKU-117,0,0
2025-08-18,SKU-117,0,0
2025-08-19,SKU-117,0,0
2025-08-20,SKU-117,0,0
2025-08-21,SKU-117,0,0
2025-08-22,SKU-117,0,0
2025-08-23,SKU-117,0,0
2025-08-24,SKU-117,0,0
2025-08-25,SKU-117,0,0
2025-08-26,SKU-117,0,0
2025-08-27,SKU-117,0,0
2025-08-28,SKU-117,0,0
2025-08-29,SKU-117,0,0
2025-08-30,SKU-117,0,0
2025-08-31,SKU-117,0,0
2025-09-01,SKU-117,0,0
2025-09-02,SKU-117,0,1
2025-09-03,SKU-117,0,0
2025-09-04,SKU-117,0,0
2025-09-05,SKU-117,0,0
2025-09-06,SKU-117,0,0
2025-09-07,SKU-117,0,0
2025-09-08,SKU-117,0,0
2025-09-09,SKU-117,0,0
2025-09-10,SKU-117,0,0
2025-09-11,SKU-117,0,0
2025-09-12,SKU-117,0,1
2025-09-13,SKU-117,0,0
2025-09-14,SKU-117,0,0
2025-09-15,SKU-117,0,1
2025-09-16,SKU-117,0,0
2025-09-17,SKU-117,0,0
2025-09-18,SKU-117,0,0
2025-09-19,SKU-117,0,0
2025-09-20,SKU-117,0,0
2025-09-21,SKU-117,0,0
2025-09-22,SKU-117,0,0
2025-09-23,SKU-117,0,0
2025-09-24,SKU-117,0,0
2025-09-25,SKU-117,0,0
2025-09-26,SKU-117,0,0
2025-09-27,SKU-117,0,0
2025-09-28,SKU-117,0,0
2025-09-29,SKU-117,0,0
2025-09-30,SKU-117,0,0
2025-10-01,SKU-117,0,0
2025-10-02,SKU-117,0,0
2025-10-03,SKU-117,0,0
2025-10-04,SKU-117,0,0
2025-10-05,SKU-117,0,0
2025-10-06,SKU-117,0,0
2025-10-07,SKU-117,0,0
2025-10-08,SKU-117,0,0
2025-10-09,SKU-117,0,0
2025-10-10,SKU-117,0,0
2025-10-11,SKU-117,0,0
2025-10-12,SKU-117,0,0
2025-10-13,SKU-117,0,0
2025-10-14,SKU-117,0,0
2025-10-15,SKU-117,0,0
2025-10-16,SKU-117,0,0
2025-10-17,SKU-117,0,0
2025-10-18,SKU-117,0,0
2025-10-19,SKU-117,0,0
2025-10-20,SKU-117,0,0
2025-10-21,SKU-117,0,0
2025-10-22,SKU-117,0,0
2025-10-23,SKU-117,0,0
2025-10-24,SKU-117,0,0
2025-10-25,SKU-117,0,0
2025-10-26,SKU-117,0,0
2025-10-27,SKU-117,0,0
2025-10-28,SKU-117,0,0
2025-10-29,SKU-117,0,0
2025-10-30,SKU-117,0,0
2025-10-31,SKU-117,0,0
2025-11-01,SKU-117,0,0
2025-11-02,SKU-117,0,0
2025-11-03,SKU-117,0,0
2025-11-04,SKU-117,0,0
2025-11-05,SKU-117,0,0
2025-11-06,SKU-117,0,0
2025-11-07,SKU-117,0,0
2025-11-08,SKU-117,0,0
2025-11-09,SKU-117,0,0
2025-11-10,SKU-117,0,1
2025-11-11,SKU-117,0,0
2025-11-12,SKU-117,0,0
2025-11-13,SKU-117,0,0
2025-11-14,SKU-117,0,0
2025-11-15,SKU-117,0,0
2025-11-16,SKU-117,0,0
2025-11-17,SKU-117,0,0
2025-11-18,SKU-117,0,0
2025-11-19,SKU-117,0,0
2025-11-20,SKU-117,0,0
2025-11-21,SKU-117,0,0
2025-11-22,SKU-117,0,0
2025-11-23,SKU-117,0,1
2025-11-24,SKU-117,0,0
2025-11-25,SKU-117,0,0
2025-11-26,SKU-117,0,0
2025-11-27,SKU-117,0,0
2025-11-28,SKU-117,0,0
2025-11-29,SKU-117,0,0
2025-11-30,SKU-117,0,0
2025-12-01,SKU-117,0,0
2025-12-02,SKU-117,0,0
2025-12-03,SKU-117,0,0
2025-12-04,SKU-117,0,0
2025-12-05,SKU-117,0,0
2025-12-06,SKU-117,0,0
2025-12-07,SKU-117,0,1
2025-12-08,SKU-117,0,0
2025-12-09,SKU-117,0,0
2025-12-10,SKU-117,0,0
2025-12-11,SKU-117,0,0
2025-12-12,SKU-117,0,0
2025-12-13,SKU-117,0,0
2025-12-14,SKU-117,0,0
2025-12-15,SKU-117,0,0
2025-12-16,SKU-117,0,0
2025-12-17,SKU-117,0,1
2025-12-18,SKU-117,0,0
2025-12-19,SKU-117,0,0
2025-12-20,SKU-117,0,0
2025-12-21,SKU-117,0,0
2025-12-22,SKU-117,0,1
2025-12-23,SKU-117,0,0
2025-12-24,SKU-117,0,0
2025-12-25,SKU-117,0,0
2025-12-26,SKU-117,0,0
2025-12-27,SKU-117,0,0
2025-12-28,SKU-117,0,0
2025-12-29,SKU-117,0,1
2025-12-30,SKU-117,0,0
2025-12-31,SKU-117,0,0
2026-01-01,SKU-117,0,0
2026-01-02,SKU-117,0,0
2026-01-03,SKU-117,0,0
2026-01-04,SKU-117,0,0
2026-01-05,SKU-117,0,0
2026-01-06,SKU-117,0,0
2026-01-07,SKU-117,0,0
2026-01-08,SKU-117,0,0
2026-01-09,SKU-117,0,0
2026-01-10,SKU-117,0,0
2026-01-11,SKU-117,0,0
2026-01-12,SKU-117,0,1
2026-01-13,SKU-117,0,0
2026-01-14,SKU-117,0,0
2026-01-15,SKU-117,0,0
2026-01-16,SKU-117,0,0
2026-01-17,SKU-117,0,0
2026-01-18,SKU-117,0,0
2026-01-19,SKU-117,0,1
2026-01-20,SKU-117,0,0
2026-01-21,SKU-117,0,0
2026-01-22,SKU-117,0,0
2026-01-23,SKU-117,0,0
2026-01-24,SKU-117,0,0
2026-01-25,SKU-117,0,0
2026-01-26,SKU-117,0,0
2026-01-27,SKU-117,0,0
2026-01-28,SKU-117,0,0
2026-01-29,SKU-117,0,0
2026-01-30,SKU-117,0,0
2026-01-31,SKU-117,0,1
2026-02-01,SKU-117,0,0
2026-02-02,SKU-117,0,0
2026-02-03,SKU-117,0,0
2026-02-04,SKU-117,0,0
2026-02-05,SKU-117,0,0
2026-02-06,SKU-117,0,0
2026-02-07,SKU-117,0,0
2026-02-08,SKU-117,0,0
2026-02-09,SKU-117,0,0
2026-02-10,SKU-117,0,0
2026-02-11,SKU-117,0,0
2026-02-12,SKU-117,0,0
2026-02-13,SKU-117,0,0
2026-02-14,SKU-117,0,0
2026-02-15,SKU-117,0,0
2026-02-16,SKU-117,0,0
2026-02-17,SKU-117,0,0
2026-02-18,SKU-117,0,0
2026-02-19,SKU-117,0,0
2026-02-20,SKU-117,0,0
2026-02-21,SKU-117,0,0
2026-02-22,SKU-117,0,0
2026-02-23,SKU-117,0,0
2026-02-24,SKU-117,0,0
2026-02-25,SKU-117,0,0
2026-02-26,SKU-117,0,0
2026-02-27,SKU-117,0,0
2026-02-28,SKU-117,0,0
2026-03-01,SKU-117,0,0
2026-03-02,SKU-117,0,0
2026-03-03,SKU-117,0,0
2026-03-04,SKU-117,0,0
2026-03-05,SKU-117,0,0
2026-03-06,SKU-117,0,0
2026-03-07,SKU-117,0,0
2026-03-08,SKU-117,0,0
2026-03-09,SKU-117,0,0
2026-03-10,SKU-117,0,0
2026-03-11,SKU-117,0,0
2026-03-12,SKU-117,0,0
2026-03-13,SKU-117,0,0
2026-03-14,SKU-117,0,0
2026-03-15,SKU-117,0,0
2026-03-16,SKU-117,0,0
2026-03-17,SKU-117,0,0
2026-03-18,SKU-117,0,0
2026-03-19,SKU-117,0,0
2026-03-20,SKU-117,0,0
2026-03-21,SKU-117,0,0
2026-03-22,SKU-117,0,0
2026-03-23,SKU-117,0,0
2026-03-24,SKU-117,0,0
2026-03-25,SKU-117,0,0
2026-03-26,SKU-117,0,0
2026-03-27,SKU-117,0,0
2026-03-28,SKU-117,0,0
2026-03-29,SKU-117,0,0
2026-03-30,SKU-117,0,0
2026-03-31,SKU-117,0,0
2026-04-01,SKU-117,0,0
2026-04-02,SKU-117,0,0
2026-04-03,SKU-117,0,0
2026-04-04,SKU-117,0,0
2026-04-05,SKU-117,0,0
2026-04-06,SKU-117,0,0
2026-04-07,SKU-117,0,0
2026-04-08,SKU-117,0,0
2026-04-09,SKU-117,0,1
2026-04-10,SKU-117,0,1
2026-04-11,SKU-117,0,0
2026-04-12,SKU-117,0,0
2026-04-13,SKU-117,0,0
2026-04-14,SKU-117,0,0
2026-04-15,SKU-117,0,0
2026-04-16,SKU-117,0,0
2026-04-17,SKU-117,0,0
2026-04-18,SKU-117,0,0
2026-04-19,SKU-117,0,1
2026-04-20,SKU-117,0,0
2026-04-21,SKU-117,0,0
2026-04-22,SKU-117,0,0
2026-04-23,SKU-117,0,0
2026-04-24,SKU-117,0,0
2026-04-25,SKU-117,0,0
2026-04-26,SKU-117,0,1
2026-04-27,SKU-117,0,0
2026-04-28,SKU-117,0,0
2026-04-29,SKU-117,0,0
2026-04-30,SKU-117,0,0
2026-05-01,SKU-117,0,0
2026-05-02,SKU-117,0,0
2026-05-03,SKU-117,0,0
2026-05-04,SKU-117,0,0
2026-05-05,SKU-117,0,0
2026-05-06,SKU-117,0,1
2026-05-07,SKU-117,0,0
2026-05-08,SKU-117,0,0
2026-05-09,SKU-117,0,0
2026-05-10,SKU-117,0,0
2026-05-11,SKU-117,0,0
2026-05-12,SKU-117,0,0
2026-05-13,SKU-117,0,1
2026-05-14,SKU-117,0,0
2026-05-15,SKU-117,0,0
2026-05-16,SKU-117,0,0
2026-05-17,SKU-117,0,0
2026-05-18,SKU-117,0,0
2026-05-19,SKU-117,0,0
2026-05-20,SKU-117,0,0
2026-05-21,SKU-117,0,0
2026-05-22,SKU-117,0,0
2026-05-23,SKU-117,0,0
2026-05-24,SKU-117,0,0
2026-05-25,SKU-117,0,0
2026-05-26,SKU-117,0,0
2026-05-27,SKU-117,0,0
2026-05-28,SKU-117,0,0
2026-05-29,SKU-117,0,0
2026-05-30,SKU-117,0,1
2026-05-31,SKU-117,0,0
2026-06-01,SKU-117,0,0
2026-06-02,SKU-117,0,0
2026-06-03,SKU-117,0,0
2026-06-04,SKU-117,0,1
2026-06-05,SKU-117,0,0
2026-06-06,SKU-117,0,0
2026-06-07,SKU-117,0,0
2026-06-08,SKU-117,0,0
2026-06-09,SKU-117,0,0
2026-06-10,SKU-117,0,0
2026-06-11,SKU-117,0,0
2026-06-12,SKU-117,0,0
2026-06-13,SKU-117,0,0
2026-06-14,SKU-117,0,0
2026-06-15,SKU-117,0,0
2026-06-16,SKU-117,0,0
2026-06-17,SKU-117,0,0
2026-06-18,SKU-117,0,0
2026-06-19,SKU-117,0,0
2026-06-20,SKU-117,0,0
2026-06-21,SKU-117,0,0
2026-06-22,SKU-117,0,0
2026-06-23,SKU-117,0,0
2026-06-24,SKU-117,0,0
2026-06-25,SKU-117,0,0
2026-06-26,SKU-117,0,0
2026-06-27,SKU-117,0,1
2026-06-28,SKU-117,0,0
2026-06-29,SKU-117,0,1
2026-06-30,SKU-117,0,0
2026-07-01,SKU-117,0,0
2026-07-02,SKU-117,0,0
2026-07-03,SKU-117,0,0
2026-07-04,SKU-117,0,0
2026-07-05,SKU-117,0,0
2026-07-06,SKU-117,0,0
2026-07-07,SKU-117,0,0
2026-07-08,SKU-117,0,0
2026-07-09,SKU-117,0,0
2026-07-10,SKU-117,0,0
2026-07-11,SKU-117,0,0
2026-07-12,SKU-117,0,0
2026-07-13,SKU-117,0,0
2026-07-14,SKU-117,0,0
2026-07-15,SKU-117,0,0
2026-07-16,SKU-117,0,0
2026-07-17,SKU-117,0,0
2026-07-18,SKU-117,0,0
2026-07-19,SKU-117,0,0
2026-07-20,SKU-117,0,0
2026-07-21,SKU-117,0,0
2026-07-22,SKU-117,0,0
2026-07-23,SKU-117,0,0
2026-07-24,SKU-117,0,0
2026-07-25,SKU-117,0,0
2026-07-26,SKU-117,0,0
2026-07-27,SKU-117,0,0
2026-07-28,SKU-117,0,0
2026-07-29,SKU-117,0,0
2026-07-30,SKU-117,0,0
2026-07-31,SKU-117,0,0
2026-08-01,SKU-117,0,0
2026-08-02,SKU-117,0,0
2026-08-03,SKU-117,0,0
2026-08-04,SKU-117,0,0
2026-08-05,SKU-117,0,0
2026-08-06,SKU-117,0,0
2026-08-07,SKU-117,0,0
2026-08-08,SKU-117,0,0
2026-08-09,SKU-117,0,0
2026-08-10,SKU-117,0,0
2026-08-11,SKU-117,0,0
2026-08-12,SKU-117,0,0
2026-08-13,SKU-117,0,0
2026-08-14,SKU-117,0,0
2026-08-15,SKU-117,0,0
2026-08-16,SKU-117,0,0
2026-08-17,SKU-117,0,0
2026-08-18,SKU-117,0,0
2026-08-19,SKU-117,0,0
2026-08-20,SKU-117,0,0
2026-08-21,SKU-117,0,0
2026-08-22,SKU-117,0,0
2026-08-23,SKU-117,0,0
2026-08-24,SKU-117,0,1
2026-08-25,SKU-117,0,1
2026-08-26,SKU-117,0,0
2026-08-27,SKU-117,0,1
2026-08-28,SKU-117,0,0
2026-08-29,SKU-117,0,0
2026-08-30,SKU-117,0,0
2026-08-31,SKU-117,0,0
2026-09-01,SKU-117,0,0
2026-09-02,SKU-117,0,0
2026-09-03,SKU-117,0,0
2026-09-04,SKU-117,0,0
2026-09-05,SKU-117,0,0
2026-09-06,SKU-117,0,0
2026-09-07,SKU-117,0,0
2026-09-08,SKU-117,0,0
2026-09-09,SKU-117,0,0
2026-09-10,SKU-117,0,0
2026-09-11,SKU-117,0,0
2026-09-12,SKU-117,0,0
2026-09-13,SKU-117,0,1
2026-09-14,SKU-117,0,0
2026-09-15,SKU-117,0,0
2026-09-16,SKU-117,0,0
2026-09-17,SKU-117,0,0
2026-09-18,SKU-117,0,0
2026-09-19,SKU-117,0,0
2026-09-20,SKU-117,0,0
2026-09-21,SKU-117,0,0
2026-09-22,SKU-117,0,0
2026-09-23,SKU-117,0,0
2026-09-24,SKU-117,0,0
2026-09-25,SKU-117,0,0
2026-09-26,SKU-117,0,0
2026-09-27,SKU-117,0,0
2026-09-28,SKU-117,0,0
2026-09-29,SKU-117,0,0
2026-09-30,SKU-117,0,0
2024-10-01,SKU-118,4,0
2024-10-02,SKU-118,2,0
2024-10-03,SKU-118,8,0
2024-10-04,SKU-118,7,0
2024-10-05,SKU-118,8,0
2024-10-06,SKU-118,2,0
2024-10-07,SKU-118,3,0
2024-10-08,SKU-118,7,0
2024-10-09,SKU-118,9,0
2024-10-10,SKU-118,3,0
2024-10-11,SKU-118,2,0
2024-10-12,SKU-118,8,0
2024-10-13,SKU-118,9,0
2024-10-14,SKU-118,3,0
2024-10-15,SKU-118,2,0
2024-10-16,SKU-118,8,0
2024-10-17,SKU-118,6,0
2024-10-18,SKU-118,10,0
2024-10-19,SKU-118,15,0
2024-10-20,SKU-118,10,0
2024-10-21,SKU-118,4,0
2024-10-22,SKU-118,6,0
2024-10-23,SKU-118,4,0
2024-10-24,SKU-118,6,0
2024-10-25,SKU-118,12,0
2024-10-26,SKU-118,9,0
2024-10-27,SKU-118,11,0
2024-10-28,SKU-118,7,0
2024-10-29,SKU-118,6,1
2024-10-30,SKU-118,5,0
2024-10-31,SKU-118,2,0
2024-11-01,SKU-118,0,0
2024-11-02,SKU-118,4,0
2024-11-03,SKU-118,6,0
2024-11-04,SKU-118,9,0
2024-11-05,SKU-118,7,1
2024-11-06,SKU-118,3,0
2024-11-07,SKU-118,4,0
2024-11-08,SKU-118,4,0
2024-11-09,SKU-118,4,0
2024-11-10,SKU-118,4,0
2024-11-11,SKU-118,6,0
2024-11-12,SKU-118,5,0
2024-11-13,SKU-118,4,0
2024-11-14,SKU-118,7,1
2024-11-15,SKU-118,3,1
2024-11-16,SKU-118,2,0
2024-11-17,SKU-118,10,0
2024-11-18,SKU-118,2,0
2024-11-19,SKU-118,1,0
2024-11-20,SKU-118,3,0
2024-11-21,SKU-118,3,0
2024-11-22,SKU-118,4,0
2024-11-23,SKU-118,8,0
2024-11-24,SKU-118,8,0
2024-11-25,SKU-118,4,0
2024-11-26,SKU-118,2,0
2024-11-27,SKU-118,1,0
2024-11-28,SKU-118,3,0
2024-11-29,SKU-118,4,1
2024-11-30,SKU-118,8,0
2024-12-01,SKU-118,3,0
2024-12-02,SKU-118,2,0
2024-12-03,SKU-118,6,0
2024-12-04,SKU-118,8,1
2024-12-05,SKU-118,0,0
2024-12-06,SKU-118,2,0
2024-12-07,SKU-118,14,1
2024-12-08,SKU-118,5,0
2024-12-09,SKU-118,7,0
2024-12-10,SKU-118,1,0
2024-12-11,SKU-118,3,0
2024-12-12,SKU-118,4,0
2024-12-13,SKU-118,4,0
2024-12-14,SKU-118,9,0
2024-12-15,SKU-118,10,0
2024-12-16,SKU-118,3,0
2024-12-17,SKU-118,6,0
2024-12-18,SKU-118,9,0
2024-12-19,SKU-118,7,0
2024-12-20,SKU-118,7,0
2024-12-21,SKU-118,9,0
2024-12-22,SKU-118,13,0
2024-12-23,SKU-118,4,1
2024-12-24,SKU-118,3,0
2024-12-25,SKU-118,6,0
2024-12-26,SKU-118,2,1
2024-12-27,SKU-118,7,0
2024-12-28,SKU-118,5,0
2024-12-29,SKU-118,9,0
2024-12-30,SKU-118,8,0
2024-12-31,SKU-118,2,0
2025-01-01,SKU-118,9,0
2025-01-02,SKU-118,3,0
2025-01-03,SKU-118,2,0
2025-01-04,SKU-118,7,0
2025-01-05,SKU-118,3,0
2025-01-06,SKU-118,9,1
2025-01-07,SKU-118,13,0
2025-01-08,SKU-118,6,0
2025-01-09,SKU-118,8,0
2025-01-10,SKU-118,10,0
2025-01-11,SKU-118,4,0
2025-01-12,SKU-118,6,1
2025-01-13,SKU-118,4,0
2025-01-14,SKU-118,2,0
2025-01-15,SKU-118,7,0
2025-01-16,SKU-118,9,0
2025-01-17,SKU-118,8,0
2025-01-18,SKU-118,4,0
2025-01-19,SKU-118,2,0
2025-01-20,SKU-118,4,0
2025-01-21,SKU-118,2,0
2025-01-22,SKU-118,8,0
2025-01-23,SKU-118,9,0
2025-01-24,SKU-118,7,0
2025-01-25,SKU-118,3,0
2025-01-26,SKU-118,9,0
2025-01-27,SKU-118,4,0
2025-01-28,SKU-118,10,0
2025-01-29,SKU-118,4,0
2025-01-30,SKU-118,7,0
2025-01-31,SKU-118,2,0
2025-02-01,SKU-118,1,0
2025-02-02,SKU-118,0,0
2025-02-03,SKU-118,9,0
2025-02-04,SKU-118,8,0
2025-02-05,SKU-118,2,0
2025-02-06,SKU-118,2,0
2025-02-07,SKU-118,1,0
2025-02-08,SKU-118,14,0
2025-02-09,SKU-118,8,0
2025-02-10,SKU-118,7,1
2025-02-11,SKU-118,4,0
2025-02-12,SKU-118,4,0
2025-02-13,SKU-118,6,0
2025-02-14,SKU-118,6,0
2025-02-15,SKU-118,2,0
2025-02-16,SKU-118,1,0
2025-02-17,SKU-118,3,0
2025-02-18,SKU-118,11,0
2025-02-19,SKU-118,5,0
2025-02-20,SKU-118,5,0
2025-02-21,SKU-118,2,0
2025-02-22,SKU-118,2,0
2025-02-23,SKU-118,6,1
2025-02-24,SKU-118,3,0
2025-02-25,SKU-118,4,0
2025-02-26,SKU-118,5,0
2025-02-27,SKU-118,3,0
2025-02-28,SKU-118,4,0
2025-03-01,SKU-118,8,0
2025-03-02,SKU-118,1,0
2025-03-03,SKU-118,2,0
2025-03-04,SKU-118,5,0
2025-03-05,SKU-118,5,0
2025-03-06,SKU-118,5,0
2025-03-07,SKU-118,6,0
2025-03-08,SKU-118,7,0
2025-03-09,SKU-118,2,0
2025-03-10,SKU-118,0,0
2025-03-11,SKU-118,2,0
2025-03-12,SKU-118,2,0
2025-03-13,SKU-118,0,0
2025-03-14,SKU-118,11,1
2025-03-15,SKU-118,5,0
2025-03-16,SKU-118,7,0
2025-03-17,SKU-118,2,0
2025-03-18,SKU-118,6,0
2025-03-19,SKU-118,11,0
2025-03-20,SKU-118,1,0
2025-03-21,SKU-118,8,0
2025-03-22,SKU-118,12,0
2025-03-23,SKU-118,11,1
2025-03-24,SKU-118,2,0
2025-03-25,SKU-118,5,0
2025-03-26,SKU-118,1,0
2025-03-27,SKU-118,7,1
2025-03-28,SKU-118,2,0
2025-03-29,SKU-118,9,0
2025-03-30,SKU-118,9,0
2025-03-31,SKU-118,6,0
2025-04-01,SKU-118,2,0
2025-04-02,SKU-118,2,0
2025-04-03,SKU-118,2,0
2025-04-04,SKU-118,7,0
2025-04-05,SKU-118,7,0
2025-04-06,SKU-118,1,0
2025-04-07,SKU-118,2,0
2025-04-08,SKU-118,0,0
2025-04-09,SKU-118,3,0
2025-04-10,SKU-118,7,0
2025-04-11,SKU-118,4,0
2025-04-12,SKU-118,4,0
2025-04-13,SKU-118,5,0
2025-04-14,SKU-118,6,0
2025-04-15,SKU-118,5,0
2025-04-16,SKU-118,1,0
2025-04-17,SKU-118,6,0
2025-04-18,SKU-118,5,0
2025-04-19,SKU-118,17,0
2025-04-20,SKU-118,5,0
2025-04-21,SKU-118,3,0
2025-04-22,SKU-118,7,0
2025-04-23,SKU-118,4,0
2025-04-24,SKU-118,2,0
2025-04-25,SKU-118,8,0
2025-04-26,SKU-118,14,0
2025-04-27,SKU-118,7,1
2025-04-28,SKU-118,5,0
2025-04-29,SKU-118,7,0
2025-04-30,SKU-118,2,0
2025-05-01,SKU-118,2,0
2025-05-02,SKU-118,4,0
2025-05-03,SKU-118,3,0
2025-05-04,SKU-118,6,0
2025-05-05,SKU-118,3,0
2025-05-06,SKU-118,1,0
2025-05-07,SKU-118,7,1
2025-05-08,SKU-118,8,0
2025-05-09,SKU-118,4,0
2025-05-10,SKU-118,4,0
2025-05-11,SKU-118,4,0
2025-05-12,SKU-118,4,0
2025-05-13,SKU-118,0,0
2025-05-14,SKU-118,7,0
2025-05-15,SKU-118,3,0
2025-05-16,SKU-118,3,0
2025-05-17,SKU-118,9,1
2025-05-18,SKU-118,4,0
2025-05-19,SKU-118,3,0
2025-05-20,SKU-118,0,0
2025-05-21,SKU-118,2,0
2025-05-22,SKU-118,8,0
2025-05-23,SKU-118,8,0
2025-05-24,SKU-118,6,0
2025-05-25,SKU-118,7,0
2025-05-26,SKU-118,4,0
2025-05-27,SKU-118,4,0
2025-05-28,SKU-118,6,0
2025-05-29,SKU-118,3,0
2025-05-30,SKU-118,5,0
2025-05-31,SKU-118,4,0
2025-06-01,SKU-118,8,0
2025-06-02,SKU-118,3,0
2025-06-03,SKU-118,1,0
2025-06-04,SKU-118,3,0
2025-06-05,SKU-118,4,0
2025-06-06,SKU-118,3,0
2025-06-07,SKU-118,8,0
2025-06-08,SKU-118,7,1
2025-06-09,SKU-118,2,0
2025-06-10,SKU-118,3,0
2025-06-11,SKU-118,4,0
2025-06-12,SKU-118,3,0
2025-06-13,SKU-118,5,0
2025-06-14,SKU-118,3,0
2025-06-15,SKU-118,1,0
2025-06-16,SKU-118,2,0
2025-06-17,SKU-118,4,1
2025-06-18,SKU-118,4,0
2025-06-19,SKU-118,0,0
2025-06-20,SKU-118,4,0
2025-06-21,SKU-118,4,0
2025-06-22,SKU-118,9,0
2025-06-23,SKU-118,3,0
2025-06-24,SKU-118,4,0
2025-06-25,SKU-118,2,0
2025-06-26,SKU-118,2,0
2025-06-27,SKU-118,6,0
2025-06-28,SKU-118,2,0
2025-06-29,SKU-118,1,0
2025-06-30,SKU-118,3,0
2025-07-01,SKU-118,4,0
2025-07-02,SKU-118,5,0
2025-07-03,SKU-118,5,0
2025-07-04,SKU-118,3,0
2025-07-05,SKU-118,2,0
2025-07-06,SKU-118,8,0
2025-07-07,SKU-118,2,0
2025-07-08,SKU-118,4,0
2025-07-09,SKU-118,2,0
2025-07-10,SKU-118,2,0
2025-07-11,SKU-118,4,0
2025-07-12,SKU-118,4,0
2025-07-13,SKU-118,7,0
2025-07-14,SKU-118,4,0
2025-07-15,SKU-118,1,0
2025-07-16,SKU-118,6,0
2025-07-17,SKU-118,11,0
2025-07-18,SKU-118,1,1
2025-07-19,SKU-118,4,0
2025-07-20,SKU-118,5,1
2025-07-21,SKU-118,4,0
2025-07-22,SKU-118,3,0
2025-07-23,SKU-118,7,0
2025-07-24,SKU-118,3,0
2025-07-25,SKU-118,7,0
2025-07-26,SKU-118,1,0
2025-07-27,SKU-118,3,0
2025-07-28,SKU-118,4,1
2025-07-29,SKU-118,1,0
2025-07-30,SKU-118,3,0
2025-07-31,SKU-118,0,0
2025-08-01,SKU-118,3,0
2025-08-02,SKU-118,5,0
2025-08-03,SKU-118,6,0
2025-08-04,SKU-118,7,0
2025-08-05,SKU-118,6,0
2025-08-06,SKU-118,3,0
2025-08-07,SKU-118,4,0
2025-08-08,SKU-118,9,0
2025-08-09,SKU-118,10,0
2025-08-10,SKU-118,4,0
2025-08-11,SKU-118,11,0
2025-08-12,SKU-118,5,0
2025-08-13,SKU-118,4,0
2025-08-14,SKU-118,8,0
2025-08-15,SKU-118,6,0
2025-08-16,SKU-118,6,0
2025-08-17,SKU-118,6,0
2025-08-18,SKU-118,6,0
2025-08-19,SKU-118,5,0
2025-08-20,SKU-118,1,0
2025-08-21,SKU-118,8,0
2025-08-22,SKU-118,8,0
2025-08-23,SKU-118,8,1
2025-08-24,SKU-118,6,0
2025-08-25,SKU-118,0,0
2025-08-26,SKU-118,1,0
2025-08-27,SKU-118,4,0
2025-08-28,SKU-118,11,0
2025-08-29,SKU-118,8,0
2025-08-30,SKU-118,7,0
2025-08-31,SKU-118,3,0
2025-09-01,SKU-118,5,0
2025-09-02,SKU-118,1,0
2025-09-03,SKU-118,4,0
2025-09-04,SKU-118,5,0
2025-09-05,SKU-118,6,0
2025-09-06,SKU-118,7,0
2025-09-07,SKU-118,2,0
2025-09-08,SKU-118,4,0
2025-09-09,SKU-118,2,0
2025-09-10,SKU-118,0,0
2025-09-11,SKU-118,6,0
2025-09-12,SKU-118,3,0
2025-09-13,SKU-118,17,0
2025-09-14,SKU-118,11,0
2025-09-15,SKU-118,8,0
2025-09-16,SKU-118,4,0
2025-09-17,SKU-118,2,0
2025-09-18,SKU-118,5,0
2025-09-19,SKU-118,3,0
2025-09-20,SKU-118,12,0
2025-09-21,SKU-118,2,0
2025-09-22,SKU-118,3,0
2025-09-23,SKU-118,1,0
2025-09-24,SKU-118,3,0
2025-09-25,SKU-118,4,0
2025-09-26,SKU-118,7,0
2025-09-27,SKU-118,2,0
2025-09-28,SKU-118,3,0
2025-09-29,SKU-118,1,0
2025-09-30,SKU-118,3,0
2025-10-01,SKU-118,4,0
2025-10-02,SKU-118,2,0
2025-10-03,SKU-118,6,0
2025-10-04,SKU-118,6,0
2025-10-05,SKU-118,12,0
2025-10-06,SKU-118,2,0
2025-10-07,SKU-118,3,0
2025-10-08,SKU-118,9,0
2025-10-09,SKU-118,12,0
2025-10-10,SKU-118,11,0
2025-10-11,SKU-118,10,0
2025-10-12,SKU-118,11,0
2025-10-13,SKU-118,7,0
2025-10-14,SKU-118,14,0
2025-10-15,SKU-118,3,0
2025-10-16,SKU-118,7,0
2025-10-17,SKU-118,3,1
2025-10-18,SKU-118,25,0
2025-10-19,SKU-118,5,0
2025-10-20,SKU-118,7,0
2025-10-21,SKU-118,6,0
2025-10-22,SKU-118,8,0
2025-10-23,SKU-118,9,0
2025-10-24,SKU-118,4,0
2025-10-25,SKU-118,5,1
2025-10-26,SKU-118,7,0
2025-10-27,SKU-118,1,0
2025-10-28,SKU-118,9,0
2025-10-29,SKU-118,2,0
2025-10-30,SKU-118,2,0
2025-10-31,SKU-118,4,0
2025-11-01,SKU-118,7,0
2025-11-02,SKU-118,8,0
2025-11-03,SKU-118,2,1
2025-11-04,SKU-118,4,0
2025-11-05,SKU-118,14,0
2025-11-06,SKU-118,2,0
2025-11-07,SKU-118,6,0
2025-11-08,SKU-118,5,0
2025-11-09,SKU-118,5,0
2025-11-10,SKU-118,6,0
2025-11-11,SKU-118,3,0
2025-11-12,SKU-118,4,0
2025-11-13,SKU-118,2,0
2025-11-14,SKU-118,5,0
2025-11-15,SKU-118,5,0
2025-11-16,SKU-118,10,0
2025-11-17,SKU-118,3,0
2025-11-18,SKU-118,3,0
2025-11-19,SKU-118,1,0
2025-11-20,SKU-118,3,0
2025-11-21,SKU-118,2,0
2025-11-22,SKU-118,3,0
2025-11-23,SKU-118,2,0
2025-11-24,SKU-118,2,0
2025-11-25,SKU-118,7,0
2025-11-26,SKU-118,2,0
2025-11-27,SKU-118,11,0
2025-11-28,SKU-118,1,0
2025-11-29,SKU-118,1,0
2025-11-30,SKU-118,4,0
2025-12-01,SKU-118,7,0
2025-12-02,SKU-118,2,0
2025-12-03,SKU-118,7,0
2025-12-04,SKU-118,8,1
2025-12-05,SKU-118,5,0
2025-12-06,SKU-118,5,0
2025-12-07,SKU-118,11,0
2025-12-08,SKU-118,5,0
2025-12-09,SKU-118,3,0
2025-12-10,SKU-118,8,0
2025-12-11,SKU-118,9,0
2025-12-12,SKU-118,6,0
2025-12-13,SKU-118,2,0
2025-12-14,SKU-118,6,0
2025-12-15,SKU-118,4,0
2025-12-16,SKU-118,3,0
2025-12-17,SKU-118,4,0
2025-12-18,SKU-118,4,0
2025-12-19,SKU-118,3,0
2025-12-20,SKU-118,8,0
2025-12-21,SKU-118,6,0
2025-12-22,SKU-118,8,0
2025-12-23,SKU-118,3,0
2025-12-24,SKU-118,12,0
2025-12-25,SKU-118,7,0
2025-12-26,SKU-118,5,0
2025-12-27,SKU-118,10,0
2025-12-28,SKU-118,5,0
2025-12-29,SKU-118,3,1
2025-12-30,SKU-118,2,0
2025-12-31,SKU-118,3,0
2026-01-01,SKU-118,4,0
2026-01-02,SKU-118,4,0
2026-01-03,SKU-118,4,0
2026-01-04,SKU-118,7,0
2026-01-05,SKU-118,4,1
2026-01-06,SKU-118,4,1
2026-01-07,SKU-118,4,0
2026-01-08,SKU-118,2,0
2026-01-09,SKU-118,11,0
2026-01-10,SKU-118,8,0
2026-01-11,SKU-118,6,0
2026-01-12,SKU-118,11,1
2026-01-13,SKU-118,10,0
2026-01-14,SKU-118,3,0
2026-01-15,SKU-118,1,0
2026-01-16,SKU-118,1,0
2026-01-17,SKU-118,9,0
2026-01-18,SKU-118,4,0
2026-01-19,SKU-118,6,0
2026-01-20,SKU-118,6,0
2026-01-21,SKU-118,2,0
2026-01-22,SKU-118,8,0
2026-01-23,SKU-118,5,0
2026-01-24,SKU-118,2,0
2026-01-25,SKU-118,4,0
2026-01-26,SKU-118,11,0
2026-01-27,SKU-118,5,1
2026-01-28,SKU-118,5,0
2026-01-29,SKU-118,5,0
2026-01-30,SKU-118,4,0
2026-01-31,SKU-118,4,0
2026-02-01,SKU-118,8,1
2026-02-02,SKU-118,4,0
2026-02-03,SKU-118,6,0
2026-02-04,SKU-118,8,0
2026-02-05,SKU-118,8,0
2026-02-06,SKU-118,8,0
2026-02-07,SKU-118,4,0
2026-02-08,SKU-118,1,0
2026-02-09,SKU-118,6,0
2026-02-10,SKU-118,2,0
2026-02-11,SKU-118,4,0
2026-02-12,SKU-118,8,0
2026-02-13,SKU-118,6,0
2026-02-14,SKU-118,7,0
2026-02-15,SKU-118,15,0
2026-02-16,SKU-118,5,0
2026-02-17,SKU-118,3,0
2026-02-18,SKU-118,1,0
2026-02-19,SKU-118,1,0
2026-02-20,SKU-118,8,1
2026-02-21,SKU-118,8,0
2026-02-22,SKU-118,10,0
2026-02-23,SKU-118,8,0
2026-02-24,SKU-118,8,0
2026-02-25,SKU-118,5,0
2026-02-26,SKU-118,4,0
2026-02-27,SKU-118,2,0
2026-02-28,SKU-118,0,0
2026-03-01,SKU-118,5,0
2026-03-02,SKU-118,9,0
2026-03-03,SKU-118,3,0
2026-03-04,SKU-118,3,0
2026-03-05,SKU-118,8,0
2026-03-06,SKU-118,2,1
2026-03-07,SKU-118,11,0
2026-03-08,SKU-118,4,0
2026-03-09,SKU-118,10,0
2026-03-10,SKU-118,7,0
2026-03-11,SKU-118,4,0
2026-03-12,SKU-118,16,0
2026-03-13,SKU-118,5,0
2026-03-14,SKU-118,10,1
2026-03-15,SKU-118,15,0
2026-03-16,SKU-118,3,0
2026-03-17,SKU-118,6,0
2026-03-18,SKU-118,7,0
2026-03-19,SKU-118,9,0
2026-03-20,SKU-118,1,0
2026-03-21,SKU-118,4,0
2026-03-22,SKU-118,12,0
2026-03-23,SKU-118,7,0
2026-03-24,SKU-118,1,0
2026-03-25,SKU-118,3,0
2026-03-26,SKU-118,3,0
2026-03-27,SKU-118,10,0
2026-03-28,SKU-118,6,1
2026-03-29,SKU-118,4,0
2026-03-30,SKU-118,10,0
2026-03-31,SKU-118,3,0
2026-04-01,SKU-118,3,0
2026-04-02,SKU-118,4,0
2026-04-03,SKU-118,15,1
2026-04-04,SKU-118,2,0
2026-04-05,SKU-118,6,0
2026-04-06,SKU-118,3,0
2026-04-07,SKU-118,3,0
2026-04-08,SKU-118,7,0
2026-04-09,SKU-118,2,0
2026-04-10,SKU-118,12,0
2026-04-11,SKU-118,6,0
2026-04-12,SKU-118,11,0
2026-04-13,SKU-118,5,1
2026-04-14,SKU-118,5,0
2026-04-15,SKU-118,13,0
2026-04-16,SKU-118,9,1
2026-04-17,SKU-118,6,0
2026-04-18,SKU-118,2,0
2026-04-19,SKU-118,4,0
2026-04-20,SKU-118,2,0
2026-04-21,SKU-118,3,0
2026-04-22,SKU-118,9,0
2026-04-23,SKU-118,5,0
2026-04-24,SKU-118,10,0
2026-04-25,SKU-118,8,0
2026-04-26,SKU-118,5,0
2026-04-27,SKU-118,6,0
2026-04-28,SKU-118,4,0
2026-04-29,SKU-118,2,0
2026-04-30,SKU-118,3,0
2026-05-01,SKU-118,2,0
2026-05-02,SKU-118,3,1
2026-05-03,SKU-118,7,0
2026-05-04,SKU-118,3,0
2026-05-05,SKU-118,5,0
2026-05-06,SKU-118,12,0
2026-05-07,SKU-118,8,0
2026-05-08,SKU-118,1,0
2026-05-09,SKU-118,4,0
2026-05-10,SKU-118,8,0
2026-05-11,SKU-118,3,0
2026-05-12,SKU-118,0,0
2026-05-13,SKU-118,5,0
2026-05-14,SKU-118,7,0
2026-05-15,SKU-118,7,0
2026-05-16,SKU-118,9,0
2026-05-17,SKU-118,4,0
2026-05-18,SKU-118,5,0
2026-05-19,SKU-118,8,0
2026-05-20,SKU-118,4,0
2026-05-21,SKU-118,5,0
2026-05-22,SKU-118,10,0
2026-05-23,SKU-118,5,0
2026-05-24,SKU-118,8,0
2026-05-25,SKU-118,5,0
2026-05-26,SKU-118,1,0
2026-05-27,SKU-118,3,0
2026-05-28,SKU-118,2,0
2026-05-29,SKU-118,2,0
2026-05-30,SKU-118,3,0
2026-05-31,SKU-118,6,0
2026-06-01,SKU-118,1,0
2026-06-02,SKU-118,4,0
2026-06-03,SKU-118,4,0
2026-06-04,SKU-118,6,0
2026-06-05,SKU-118,5,0
2026-06-06,SKU-118,14,0
2026-06-07,SKU-118,5,0
2026-06-08,SKU-118,14,0
2026-06-09,SKU-118,9,0
2026-06-10,SKU-118,4,0
2026-06-11,SKU-118,2,0
2026-06-12,SKU-118,7,0
2026-06-13,SKU-118,1,0
2026-06-14,SKU-118,5,0
2026-06-15,SKU-118,3,0
2026-06-16,SKU-118,3,0
2026-06-17,SKU-118,6,0
2026-06-18,SKU-118,9,0
2026-06-19,SKU-118,1,0
2026-06-20,SKU-118,8,0
2026-06-21,SKU-118,3,0
2026-06-22,SKU-118,8,1
2026-06-23,SKU-118,0,0
2026-06-24,SKU-118,8,0
2026-06-25,SKU-118,5,0
2026-06-26,SKU-118,11,0
2026-06-27,SKU-118,8,0
2026-06-28,SKU-118,4,0
2026-06-29,SKU-118,2,0
2026-06-30,SKU-118,3,0
2026-07-01,SKU-118,3,0
2026-07-02,SKU-118,1,0
2026-07-03,SKU-118,8,0
2026-07-04,SKU-118,11,1
2026-07-05,SKU-118,17,1
2026-07-06,SKU-118,2,0
2026-07-07,SKU-118,5,0
2026-07-08,SKU-118,4,0
2026-07-09,SKU-118,5,0
2026-07-10,SKU-118,2,0
2026-07-11,SKU-118,3,0
2026-07-12,SKU-118,7,0
2026-07-13,SKU-118,4,0
2026-07-14,SKU-118,6,0
2026-07-15,SKU-118,9,1
2026-07-16,SKU-118,6,0
2026-07-17,SKU-118,7,0
2026-07-18,SKU-118,10,0
2026-07-19,SKU-118,8,0
2026-07-20,SKU-118,2,0
2026-07-21,SKU-118,5,0
2026-07-22,SKU-118,4,0
2026-07-23,SKU-118,7,0
2026-07-24,SKU-118,4,0
2026-07-25,SKU-118,8,1
2026-07-26,SKU-118,8,0
2026-07-27,SKU-118,4,0
2026-07-28,SKU-118,5,0
2026-07-29,SKU-118,9,0
2026-07-30,SKU-118,1,0
2026-07-31,SKU-118,6,0
2026-08-01,SKU-118,7,0
2026-08-02,SKU-118,4,0
2026-08-03,SKU-118,3,0
2026-08-04,SKU-118,5,0
2026-08-05,SKU-118,12,0
2026-08-06,SKU-118,2,0
2026-08-07,SKU-118,8,0
2026-08-08,SKU-118,8,1
2026-08-09,SKU-118,3,0
2026-08-10,SKU-118,3,0
2026-08-11,SKU-118,1,0
2026-08-12,SKU-118,7,0
2026-08-13,SKU-118,9,0
2026-08-14,SKU-118,4,0
2026-08-15,SKU-118,8,0
2026-08-16,SKU-118,7,0
2026-08-17,SKU-118,6,0
2026-08-18,SKU-118,4,0
2026-08-19,SKU-118,10,0
2026-08-20,SKU-118,3,0
2026-08-21,SKU-118,7,0
2026-08-22,SKU-118,2,0
2026-08-23,SKU-118,10,0
2026-08-24,SKU-118,1,0
2026-08-25,SKU-118,1,0
2026-08-26,SKU-118,5,0
2026-08-27,SKU-118,6,0
2026-08-28,SKU-118,2,0
2026-08-29,SKU-118,6,0
2026-08-30,SKU-118,10,0
2026-08-31,SKU-118,3,0
2026-09-01,SKU-118,5,0
2026-09-02,SKU-118,7,0
2026-09-03,SKU-118,14,0
2026-09-04,SKU-118,2,0
2026-09-05,SKU-118,12,0
2026-09-06,SKU-118,4,0
2026-09-07,SKU-118,8,0
2026-09-08,SKU-118,3,0
2026-09-09,SKU-118,1,0
2026-09-10,SKU-118,6,0
2026-09-11,SKU-118,3,0
2026-09-12,SKU-118,4,0
2026-09-13,SKU-118,5,0
2026-09-14,SKU-118,8,0
2026-09-15,SKU-118,5,0
2026-09-16,SKU-118,5,0
2026-09-17,SKU-118,6,0
2026-09-18,SKU-118,7,0
2026-09-19,SKU-118,8,0
2026-09-20,SKU-118,8,0
2026-09-21,SKU-118,6,0
2026-09-22,SKU-118,1,0
2026-09-23,SKU-118,5,0
2026-09-24,SKU-118,3,0
2026-09-25,SKU-118,12,0
2026-09-26,SKU-118,9,0
2026-09-27,SKU-118,8,0
2026-09-28,SKU-118,5,0
2026-09-29,SKU-118,4,0
2026-09-30,SKU-118,4,0
2024-10-01,SKU-119,0,0
2024-10-02,SKU-119,4,0
2024-10-03,SKU-119,1,0
2024-10-04,SKU-119,2,0
2024-10-05,SKU-119,5,0
2024-10-06,SKU-119,3,0
2024-10-07,SKU-119,2,0
2024-10-08,SKU-119,11,1
2024-10-09,SKU-119,2,0
2024-10-10,SKU-119,6,0
2024-10-11,SKU-119,4,0
2024-10-12,SKU-119,3,0
2024-10-13,SKU-119,6,0
2024-10-14,SKU-119,4,0
2024-10-15,SKU-119,2,0
2024-10-16,SKU-119,5,0
2024-10-17,SKU-119,3,0
2024-10-18,SKU-119,2,0
2024-10-19,SKU-119,13,0
2024-10-20,SKU-119,5,0
2024-10-21,SKU-119,8,0
2024-10-22,SKU-119,10,0
2024-10-23,SKU-119,8,0
2024-10-24,SKU-119,2,0
2024-10-25,SKU-119,4,0
2024-10-26,SKU-119,4,0
2024-10-27,SKU-119,4,0
2024-10-28,SKU-119,8,0
2024-10-29,SKU-119,6,0
2024-10-30,SKU-119,2,0
2024-10-31,SKU-119,5,0
2024-11-01,SKU-119,3,0
2024-11-02,SKU-119,6,0
2024-11-03,SKU-119,2,0
2024-11-04,SKU-119,5,0
2024-11-05,SKU-119,3,0
2024-11-06,SKU-119,3,0
2024-11-07,SKU-119,5,0
2024-11-08,SKU-119,5,1
2024-11-09,SKU-119,18,0
2024-11-10,SKU-119,9,0
2024-11-11,SKU-119,2,0
2024-11-12,SKU-119,7,0
2024-11-13,SKU-119,2,0
2024-11-14,SKU-119,1,0
2024-11-15,SKU-119,5,0
2024-11-16,SKU-119,2,0
2024-11-17,SKU-119,9,0
2024-11-18,SKU-119,2,0
2024-11-19,SKU-119,1,0
2024-11-20,SKU-119,4,0
2024-11-21,SKU-119,1,0
2024-11-22,SKU-119,10,1
2024-11-23,SKU-119,2,0
2024-11-24,SKU-119,7,0
2024-11-25,SKU-119,1,0
2024-11-26,SKU-119,3,0
2024-11-27,SKU-119,6,0
2024-11-28,SKU-119,9,0
2024-11-29,SKU-119,2,0
2024-11-30,SKU-119,5,0
2024-12-01,SKU-119,5,0
2024-12-02,SKU-119,3,0
2024-12-03,SKU-119,6,0
2024-12-04,SKU-119,0,0
2024-12-05,SKU-119,0,0
2024-12-06,SKU-119,2,0
2024-12-07,SKU-119,4,0
2024-12-08,SKU-119,4,0
2024-12-09,SKU-119,1,0
2024-12-10,SKU-119,0,0
2024-12-11,SKU-119,3,0
2024-12-12,SKU-119,2,0
2024-12-13,SKU-119,5,0
2024-12-14,SKU-119,4,0
2024-12-15,SKU-119,8,0
2024-12-16,SKU-119,1,0
2024-12-17,SKU-119,4,0
2024-12-18,SKU-119,4,1
2024-12-19,SKU-119,4,0
2024-12-20,SKU-119,4,0
2024-12-21,SKU-119,5,0
2024-12-22,SKU-119,10,1
2024-12-23,SKU-119,3,1
2024-12-24,SKU-119,7,0
2024-12-25,SKU-119,6,0
2024-12-26,SKU-119,2,1
2024-12-27,SKU-119,1,0
2024-12-28,SKU-119,9,0
2024-12-29,SKU-119,3,0
2024-12-30,SKU-119,4,0
2024-12-31,SKU-119,10,1
2025-01-01,SKU-119,7,1
2025-01-02,SKU-119,1,0
2025-01-03,SKU-119,5,0
2025-01-04,SKU-119,8,0
2025-01-05,SKU-119,6,0
2025-01-06,SKU-119,4,0
2025-01-07,SKU-119,0,0
2025-01-08,SKU-119,7,0
2025-01-09,SKU-119,8,0
2025-01-10,SKU-119,5,0
2025-01-11,SKU-119,6,0
2025-01-12,SKU-119,6,0
2025-01-13,SKU-119,4,1
2025-01-14,SKU-119,0,0
2025-01-15,SKU-119,11,0
2025-01-16,SKU-119,3,1
2025-01-17,SKU-119,7,0
2025-01-18,SKU-119,8,0
2025-01-19,SKU-119,2,0
2025-01-20,SKU-119,1,0
2025-01-21,SKU-119,5,0
2025-01-22,SKU-119,6,0
2025-01-23,SKU-119,4,0
2025-01-24,SKU-119,5,0
2025-01-25,SKU-119,8,0
2025-01-26,SKU-119,5,0
2025-01-27,SKU-119,6,1
2025-01-28,SKU-119,4,0
2025-01-29,SKU-119,4,1
2025-01-30,SKU-119,9,0
2025-01-31,SKU-119,6,0
2025-02-01,SKU-119,3,0
2025-02-02,SKU-119,6,0
2025-02-03,SKU-119,2,0
2025-02-04,SKU-119,3,1
2025-02-05,SKU-119,3,0
2025-02-06,SKU-119,3,0
2025-02-07,SKU-119,8,0
2025-02-08,SKU-119,6,0
2025-02-09,SKU-119,6,1
2025-02-10,SKU-119,4,0
2025-02-11,SKU-119,5,0
2025-02-12,SKU-119,5,0
2025-02-13,SKU-119,3,0
2025-02-14,SKU-119,2,0
2025-02-15,SKU-119,6,0
2025-02-16,SKU-119,5,1
2025-02-17,SKU-119,3,0
2025-02-18,SKU-119,2,0
2025-02-19,SKU-119,5,0
2025-02-20,SKU-119,3,0
2025-02-21,SKU-119,1,0
2025-02-22,SKU-119,9,0
2025-02-23,SKU-119,6,0
2025-02-24,SKU-119,1,0
2025-02-25,SKU-119,4,0
2025-02-26,SKU-119,0,0
2025-02-27,SKU-119,3,1
2025-02-28,SKU-119,0,0
2025-03-01,SKU-119,5,0
2025-03-02,SKU-119,8,0
2025-03-03,SKU-119,2,0
2025-03-04,SKU-119,12,0
2025-03-05,SKU-119,5,0
2025-03-06,SKU-119,0,0
2025-03-07,SKU-119,8,0
2025-03-08,SKU-119,6,0
2025-03-09,SKU-119,1,0
2025-03-10,SKU-119,5,0
2025-03-11,SKU-119,2,0
2025-03-12,SKU-119,1,0
2025-03-13,SKU-119,7,0
2025-03-14,SKU-119,8,1
2025-03-15,SKU-119,5,0
2025-03-16,SKU-119,5,0
2025-03-17,SKU-119,2,1
2025-03-18,SKU-119,1,0
2025-03-19,SKU-119,4,0
2025-03-20,SKU-119,3,0
2025-03-21,SKU-119,6,0
2025-03-22,SKU-119,1,0
2025-03-23,SKU-119,3,0
2025-03-24,SKU-119,5,0
2025-03-25,SKU-119,3,1
2025-03-26,SKU-119,6,0
2025-03-27,SKU-119,4,0
2025-03-28,SKU-119,3,0
2025-03-29,SKU-119,4,0
2025-03-30,SKU-119,13,1
2025-03-31,SKU-119,1,0
2025-04-01,SKU-119,9,0
2025-04-02,SKU-119,3,0
2025-04-03,SKU-119,10,0
2025-04-04,SKU-119,4,0
2025-04-05,SKU-119,3,0
2025-04-06,SKU-119,5,0
2025-04-07,SKU-119,4,0
2025-04-08,SKU-119,4,0
2025-04-09,SKU-119,0,0
2025-04-10,SKU-119,7,0
2025-04-11,SKU-119,2,0
2025-04-12,SKU-119,9,0
2025-04-13,SKU-119,3,0
2025-04-14,SKU-119,1,0
2025-04-15,SKU-119,5,0
2025-04-16,SKU-119,1,0
2025-04-17,SKU-119,2,0
2025-04-18,SKU-119,1,0
2025-04-19,SKU-119,2,0
2025-04-20,SKU-119,7,0
2025-04-21,SKU-119,3,0
2025-04-22,SKU-119,5,0
2025-04-23,SKU-119,5,0
2025-04-24,SKU-119,1,0
2025-04-25,SKU-119,4,0
2025-04-26,SKU-119,6,0
2025-04-27,SKU-119,11,0
2025-04-28,SKU-119,3,0
2025-04-29,SKU-119,1,0
2025-04-30,SKU-119,4,0
2025-05-01,SKU-119,2,0
2025-05-02,SKU-119,5,1
2025-05-03,SKU-119,8,0
2025-05-04,SKU-119,2,0
2025-05-05,SKU-119,0,0
2025-05-06,SKU-119,3,0
2025-05-07,SKU-119,3,0
2025-05-08,SKU-119,2,0
2025-05-09,SKU-119,6,0
2025-05-10,SKU-119,5,0
2025-05-11,SKU-119,6,0
2025-05-12,SKU-119,4,0
2025-05-13,SKU-119,6,0
2025-05-14,SKU-119,3,0
2025-05-15,SKU-119,4,0
2025-05-16,SKU-119,4,0
2025-05-17,SKU-119,1,0
2025-05-18,SKU-119,2,0
2025-05-19,SKU-119,1,0
2025-05-20,SKU-119,3,0
2025-05-21,SKU-119,6,0
2025-05-22,SKU-119,4,0
2025-05-23,SKU-119,4,0
2025-05-24,SKU-119,6,0
2025-05-25,SKU-119,5,0
2025-05-26,SKU-119,6,0
2025-05-27,SKU-119,3,0
2025-05-28,SKU-119,5,0
2025-05-29,SKU-119,2,0
2025-05-30,SKU-119,3,0
2025-05-31,SKU-119,4,0
2025-06-01,SKU-119,5,0
2025-06-02,SKU-119,1,0
2025-06-03,SKU-119,5,0
2025-06-04,SKU-119,5,0
2025-06-05,SKU-119,2,0
2025-06-06,SKU-119,9,1
2025-06-07,SKU-119,3,0
2025-06-08,SKU-119,11,1
2025-06-09,SKU-119,4,0
2025-06-10,SKU-119,2,0
2025-06-11,SKU-119,4,0
2025-06-12,SKU-119,4,1
2025-06-13,SKU-119,2,0
2025-06-14,SKU-119,4,0
2025-06-15,SKU-119,3,0
2025-06-16,SKU-119,5,0
2025-06-17,SKU-119,1,0
2025-06-18,SKU-119,6,0
2025-06-19,SKU-119,8,1
2025-06-20,SKU-119,0,0
2025-06-21,SKU-119,2,0
2025-06-22,SKU-119,4,0
2025-06-23,SKU-119,3,1
2025-06-24,SKU-119,2,0
2025-06-25,SKU-119,3,0
2025-06-26,SKU-119,1,0
2025-06-27,SKU-119,0,0
2025-06-28,SKU-119,7,0
2025-06-29,SKU-119,10,1
2025-06-30,SKU-119,2,0
2025-07-01,SKU-119,6,0
2025-07-02,SKU-119,4,0
2025-07-03,SKU-119,8,0
2025-07-04,SKU-119,0,0
2025-07-05,SKU-119,8,0
2025-07-06,SKU-119,7,0
2025-07-07,SKU-119,2,0
2025-07-08,SKU-119,3,0
2025-07-09,SKU-119,5,0
2025-07-10,SKU-119,6,0
2025-07-11,SKU-119,1,0
2025-07-12,SKU-119,10,1
2025-07-13,SKU-119,5,0
2025-07-14,SKU-119,3,0
2025-07-15,SKU-119,4,0
2025-07-16,SKU-119,12,0
2025-07-17,SKU-119,6,0
2025-07-18,SKU-119,0,0
2025-07-19,SKU-119,3,0
2025-07-20,SKU-119,7,0
2025-07-21,SKU-119,5,0
2025-07-22,SKU-119,5,0
2025-07-23,SKU-119,6,0
2025-07-24,SKU-119,2,1
2025-07-25,SKU-119,2,0
2025-07-26,SKU-119,2,0
2025-07-27,SKU-119,6,0
2025-07-28,SKU-119,1,0
2025-07-29,SKU-119,2,0
2025-07-30,SKU-119,1,0
2025-07-31,SKU-119,3,0
2025-08-01,SKU-119,10,0
2025-08-02,SKU-119,5,0
2025-08-03,SKU-119,3,0
2025-08-04,SKU-119,1,0
2025-08-05,SKU-119,6,0
2025-08-06,SKU-119,7,0
2025-08-07,SKU-119,4,0
2025-08-08,SKU-119,4,0
2025-08-09,SKU-119,3,0
2025-08-10,SKU-119,2,0
2025-08-11,SKU-119,2,0
2025-08-12,SKU-119,5,0
2025-08-13,SKU-119,3,0
2025-08-14,SKU-119,6,0
2025-08-15,SKU-119,12,0
2025-08-16,SKU-119,4,0
2025-08-17,SKU-119,6,0
2025-08-18,SKU-119,5,0
2025-08-19,SKU-119,6,1
2025-08-20,SKU-119,3,0
2025-08-21,SKU-119,7,1
2025-08-22,SKU-119,8,0
2025-08-23,SKU-119,5,0
2025-08-24,SKU-119,11,0
2025-08-25,SKU-119,5,0
2025-08-26,SKU-119,3,0
2025-08-27,SKU-119,2,0
2025-08-28,SKU-119,2,0
2025-08-29,SKU-119,5,0
2025-08-30,SKU-119,3,0
2025-08-31,SKU-119,11,0
2025-09-01,SKU-119,8,0
2025-09-02,SKU-119,3,1
2025-09-03,SKU-119,6,0
2025-09-04,SKU-119,4,1
2025-09-05,SKU-119,5,0
2025-09-06,SKU-119,5,0
2025-09-07,SKU-119,8,0
2025-09-08,SKU-119,1,0
2025-09-09,SKU-119,2,0
2025-09-10,SKU-119,1,0
2025-09-11,SKU-119,4,0
2025-09-12,SKU-119,1,1
2025-09-13,SKU-119,2,0
2025-09-14,SKU-119,3,0
2025-09-15,SKU-119,3,0
2025-09-16,SKU-119,1,0
2025-09-17,SKU-119,1,0
2025-09-18,SKU-119,2,0
2025-09-19,SKU-119,6,0
2025-09-20,SKU-119,8,0
2025-09-21,SKU-119,2,0
2025-09-22,SKU-119,3,0
2025-09-23,SKU-119,6,1
2025-09-24,SKU-119,5,0
2025-09-25,SKU-119,4,0
2025-09-26,SKU-119,5,0
2025-09-27,SKU-119,3,0
2025-09-28,SKU-119,7,0
2025-09-29,SKU-119,1,0
2025-09-30,SKU-119,5,0
2025-10-01,SKU-119,0,0
2025-10-02,SKU-119,6,0
2025-10-03,SKU-119,5,0
2025-10-04,SKU-119,4,1
2025-10-05,SKU-119,6,0
2025-10-06,SKU-119,2,0
2025-10-07,SKU-119,4,0
2025-10-08,SKU-119,6,1
2025-10-09,SKU-119,4,0
2025-10-10,SKU-119,8,1
2025-10-11,SKU-119,8,0
2025-10-12,SKU-119,4,0
2025-10-13,SKU-119,3,0
2025-10-14,SKU-119,3,0
2025-10-15,SKU-119,4,0
2025-10-16,SKU-119,13,1
2025-10-17,SKU-119,10,0
2025-10-18,SKU-119,4,0
2025-10-19,SKU-119,12,0
2025-10-20,SKU-119,5,0
2025-10-21,SKU-119,8,0
2025-10-22,SKU-119,7,0
2025-10-23,SKU-119,2,0
2025-10-24,SKU-119,3,1
2025-10-25,SKU-119,3,0
2025-10-26,SKU-119,4,0
2025-10-27,SKU-119,2,0
2025-10-28,SKU-119,5,0
2025-10-29,SKU-119,4,1
2025-10-30,SKU-119,2,0
2025-10-31,SKU-119,8,0
2025-11-01,SKU-119,5,0
2025-11-02,SKU-119,9,0
2025-11-03,SKU-119,5,0
2025-11-04,SKU-119,5,0
2025-11-05,SKU-119,3,0
2025-11-06,SKU-119,0,0
2025-11-07,SKU-119,9,0
2025-11-08,SKU-119,9,0
2025-11-09,SKU-119,10,1
2025-11-10,SKU-119,5,0
2025-11-11,SKU-119,6,0
2025-11-12,SKU-119,7,0
2025-11-13,SKU-119,3,0
2025-11-14,SKU-119,7,0
2025-11-15,SKU-119,6,0
2025-11-16,SKU-119,8,0
2025-11-17,SKU-119,2,0
2025-11-18,SKU-119,5,0
2025-11-19,SKU-119,1,0
2025-11-20,SKU-119,4,0
2025-11-21,SKU-119,5,0
2025-11-22,SKU-119,5,0
2025-11-23,SKU-119,3,0
2025-11-24,SKU-119,5,0
2025-11-25,SKU-119,4,0
2025-11-26,SKU-119,9,0
2025-11-27,SKU-119,3,1
2025-11-28,SKU-119,5,0
2025-11-29,SKU-119,9,0
2025-11-30,SKU-119,5,0
2025-12-01,SKU-119,2,0
2025-12-02,SKU-119,5,0
2025-12-03,SKU-119,5,0
2025-12-04,SKU-119,7,0
2025-12-05,SKU-119,5,0
2025-12-06,SKU-119,8,0
2025-12-07,SKU-119,5,0
2025-12-08,SKU-119,2,0
2025-12-09,SKU-119,2,0
2025-12-10,SKU-119,6,0
2025-12-11,SKU-119,4,0
2025-12-12,SKU-119,6,0
2025-12-13,SKU-119,5,0
2025-12-14,SKU-119,4,0
2025-12-15,SKU-119,3,0
2025-12-16,SKU-119,2,0
2025-12-17,SKU-119,2,0
2025-12-18,SKU-119,0,0
2025-12-19,SKU-119,4,0
2025-12-20,SKU-119,3,0
2025-12-21,SKU-119,3,0
2025-12-22,SKU-119,4,0
2025-12-23,SKU-119,4,0
2025-12-24,SKU-119,3,0
2025-12-25,SKU-119,4,0
2025-12-26,SKU-119,3,0
2025-12-27,SKU-119,9,0
2025-12-28,SKU-119,4,0
2025-12-29,SKU-119,2,0
2025-12-30,SKU-119,6,0
2025-12-31,SKU-119,6,0
2026-01-01,SKU-119,3,0
2026-01-02,SKU-119,1,0
2026-01-03,SKU-119,3,0
2026-01-04,SKU-119,7,0
2026-01-05,SKU-119,3,0
2026-01-06,SKU-119,4,0
2026-01-07,SKU-119,3,0
2026-01-08,SKU-119,3,0
2026-01-09,SKU-119,5,0
2026-01-10,SKU-119,4,0
2026-01-11,SKU-119,6,0
2026-01-12,SKU-119,1,0
2026-01-13,SKU-119,2,0
2026-01-14,SKU-119,4,0
2026-01-15,SKU-119,2,0
2026-01-16,SKU-119,3,0
2026-01-17,SKU-119,8,0
2026-01-18,SKU-119,2,0
2026-01-19,SKU-119,4,0
2026-01-20,SKU-119,5,1
2026-01-21,SKU-119,2,0
2026-01-22,SKU-119,1,0
2026-01-23,SKU-119,2,0
2026-01-24,SKU-119,7,0
2026-01-25,SKU-119,7,1
2026-01-26,SKU-119,5,0
2026-01-27,SKU-119,3,0
2026-01-28,SKU-119,5,0
2026-01-29,SKU-119,0,0
2026-01-30,SKU-119,4,0
2026-01-31,SKU-119,6,0
2026-02-01,SKU-119,12,0
2026-02-02,SKU-119,3,0
2026-02-03,SKU-119,5,0
2026-02-04,SKU-119,8,0
2026-02-05,SKU-119,4,0
2026-02-06,SKU-119,4,1
2026-02-07,SKU-119,3,0
2026-02-08,SKU-119,4,0
2026-02-09,SKU-119,3,0
2026-02-10,SKU-119,0,1
2026-02-11,SKU-119,1,0
2026-02-12,SKU-119,7,0
2026-02-13,SKU-119,7,0
2026-02-14,SKU-119,2,0
2026-02-15,SKU-119,3,0
2026-02-16,SKU-119,9,0
2026-02-17,SKU-119,1,0
2026-02-18,SKU-119,0,0
2026-02-19,SKU-119,3,0
2026-02-20,SKU-119,4,0
2026-02-21,SKU-119,4,0
2026-02-22,SKU-119,12,0
2026-02-23,SKU-119,2,0
2026-02-24,SKU-119,1,0
2026-02-25,SKU-119,0,0
2026-02-26,SKU-119,14,1
2026-02-27,SKU-119,2,0
2026-02-28,SKU-119,6,1
2026-03-01,SKU-119,5,0
2026-03-02,SKU-119,3,0
2026-03-03,SKU-119,10,0
2026-03-04,SKU-119,5,0
2026-03-05,SKU-119,2,0
2026-03-06,SKU-119,4,0
2026-03-07,SKU-119,0,0
2026-03-08,SKU-119,4,0
2026-03-09,SKU-119,2,0
2026-03-10,SKU-119,0,0
2026-03-11,SKU-119,4,0
2026-03-12,SKU-119,4,0
2026-03-13,SKU-119,3,0
2026-03-14,SKU-119,1,0
2026-03-15,SKU-119,3,0
2026-03-16,SKU-119,2,0
2026-03-17,SKU-119,0,0
2026-03-18,SKU-119,5,0
2026-03-19,SKU-119,3,0
2026-03-20,SKU-119,5,0
2026-03-21,SKU-119,4,0
2026-03-22,SKU-119,6,0
2026-03-23,SKU-119,2,0
2026-03-24,SKU-119,1,0
2026-03-25,SKU-119,4,0
2026-03-26,SKU-119,4,0
2026-03-27,SKU-119,0,0
2026-03-28,SKU-119,4,0
2026-03-29,SKU-119,6,0
2026-03-30,SKU-119,6,0
2026-03-31,SKU-119,7,0
2026-04-01,SKU-119,6,0
2026-04-02,SKU-119,7,1
2026-04-03,SKU-119,2,0
2026-04-04,SKU-119,4,0
2026-04-05,SKU-119,6,0
2026-04-06,SKU-119,6,0
2026-04-07,SKU-119,2,0
2026-04-08,SKU-119,5,0
2026-04-09,SKU-119,1,0
2026-04-10,SKU-119,1,0
2026-04-11,SKU-119,6,0
2026-04-12,SKU-119,6,0
2026-04-13,SKU-119,6,0
2026-04-14,SKU-119,0,0
2026-04-15,SKU-119,2,0
2026-04-16,SKU-119,5,1
2026-04-17,SKU-119,13,0
2026-04-18,SKU-119,10,1
2026-04-19,SKU-119,2,0
2026-04-20,SKU-119,2,1
2026-04-21,SKU-119,8,0
2026-04-22,SKU-119,2,0
2026-04-23,SKU-119,5,0
2026-04-24,SKU-119,5,0
2026-04-25,SKU-119,2,0
2026-04-26,SKU-119,4,0
2026-04-27,SKU-119,5,0
2026-04-28,SKU-119,4,0
2026-04-29,SKU-119,0,0
2026-04-30,SKU-119,3,0
2026-05-01,SKU-119,5,0
2026-05-02,SKU-119,9,0
2026-05-03,SKU-119,6,0
2026-05-04,SKU-119,3,0
2026-05-05,SKU-119,6,0
2026-05-06,SKU-119,1,0
2026-05-07,SKU-119,1,1
2026-05-08,SKU-119,1,0
2026-05-09,SKU-119,4,0
2026-05-10,SKU-119,4,0
2026-05-11,SKU-119,4,0
2026-05-12,SKU-119,7,0
2026-05-13,SKU-119,4,0
2026-05-14,SKU-119,3,0
2026-05-15,SKU-119,2,0
2026-05-16,SKU-119,3,0
2026-05-17,SKU-119,8,0
2026-05-18,SKU-119,3,0
2026-05-19,SKU-119,1,0
2026-05-20,SKU-119,3,0
2026-05-21,SKU-119,10,0
2026-05-22,SKU-119,7,0
2026-05-23,SKU-119,12,0
2026-05-24,SKU-119,6,0
2026-05-25,SKU-119,2,0
2026-05-26,SKU-119,2,0
2026-05-27,SKU-119,4,0
2026-05-28,SKU-119,1,0
2026-05-29,SKU-119,5,0
2026-05-30,SKU-119,5,0
2026-05-31,SKU-119,8,0
2026-06-01,SKU-119,2,0
2026-06-02,SKU-119,7,0
2026-06-03,SKU-119,2,0
2026-06-04,SKU-119,5,0
2026-06-05,SKU-119,5,0
2026-06-06,SKU-119,3,0
2026-06-07,SKU-119,8,0
2026-06-08,SKU-119,3,0
2026-06-09,SKU-119,2,0
2026-06-10,SKU-119,2,0
2026-06-11,SKU-119,2,0
2026-06-12,SKU-119,4,0
2026-06-13,SKU-119,3,0
2026-06-14,SKU-119,10,0
2026-06-15,SKU-119,6,0
2026-06-16,SKU-119,4,0
2026-06-17,SKU-119,11,0
2026-06-18,SKU-119,7,0
2026-06-19,SKU-119,6,0
2026-06-20,SKU-119,3,0
2026-06-21,SKU-119,2,0
2026-06-22,SKU-119,2,0
2026-06-23,SKU-119,3,0
2026-06-24,SKU-119,5,1
2026-06-25,SKU-119,3,0
2026-06-26,SKU-119,5,0
2026-06-27,SKU-119,1,0
2026-06-28,SKU-119,3,0
2026-06-29,SKU-119,4,0
2026-06-30,SKU-119,5,0
2026-07-01,SKU-119,6,0
2026-07-02,SKU-119,7,0
2026-07-03,SKU-119,7,0
2026-07-04,SKU-119,10,0
2026-07-05,SKU-119,4,0
2026-07-06,SKU-119,2,0
2026-07-07,SKU-119,4,0
2026-07-08,SKU-119,5,0
2026-07-09,SKU-119,2,0
2026-07-10,SKU-119,7,0
2026-07-11,SKU-119,1,0
2026-07-12,SKU-119,5,0
2026-07-13,SKU-119,6,0
2026-07-14,SKU-119,3,0
2026-07-15,SKU-119,5,0
2026-07-16,SKU-119,2,0
2026-07-17,SKU-119,6,0
2026-07-18,SKU-119,6,1
2026-07-19,SKU-119,5,0
2026-07-20,SKU-119,4,0
2026-07-21,SKU-119,5,0
2026-07-22,SKU-119,6,0
2026-07-23,SKU-119,5,0
2026-07-24,SKU-119,5,0
2026-07-25,SKU-119,5,0
2026-07-26,SKU-119,4,0
2026-07-27,SKU-119,3,0
2026-07-28,SKU-119,2,0
2026-07-29,SKU-119,5,0
2026-07-30,SKU-119,1,0
2026-07-31,SKU-119,6,0
2026-08-01,SKU-119,3,0
2026-08-02,SKU-119,8,0
2026-08-03,SKU-119,4,0
2026-08-04,SKU-119,0,0
2026-08-05,SKU-119,3,1
2026-08-06,SKU-119,7,0
2026-08-07,SKU-119,2,0
2026-08-08,SKU-119,6,0
2026-08-09,SKU-119,3,0
2026-08-10,SKU-119,3,0
2026-08-11,SKU-119,7,0
2026-08-12,SKU-119,3,1
2026-08-13,SKU-119,2,0
2026-08-14,SKU-119,5,0
2026-08-15,SKU-119,10,0
2026-08-16,SKU-119,7,0
2026-08-17,SKU-119,4,0
2026-08-18,SKU-119,3,0
2026-08-19,SKU-119,5,1
2026-08-20,SKU-119,9,0
2026-08-21,SKU-119,7,1
2026-08-22,SKU-119,6,0
2026-08-23,SKU-119,3,1
2026-08-24,SKU-119,1,0
2026-08-25,SKU-119,5,0
2026-08-26,SKU-119,2,0
2026-08-27,SKU-119,3,0
2026-08-28,SKU-119,4,0
2026-08-29,SKU-119,5,0
2026-08-30,SKU-119,6,0
2026-08-31,SKU-119,3,0
2026-09-01,SKU-119,7,0
2026-09-02,SKU-119,6,0
2026-09-03,SKU-119,5,0
2026-09-04,SKU-119,5,0
2026-09-05,SKU-119,8,0
2026-09-06,SKU-119,10,0
2026-09-07,SKU-119,4,0
2026-09-08,SKU-119,5,0
2026-09-09,SKU-119,2,0
2026-09-10,SKU-119,2,0
2026-09-11,SKU-119,0,0
2026-09-12,SKU-119,9,0
2026-09-13,SKU-119,4,0
2026-09-14,SKU-119,9,0
2026-09-15,SKU-119,8,0
2026-09-16,SKU-119,2,0
2026-09-17,SKU-119,3,0
2026-09-18,SKU-119,7,0
2026-09-19,SKU-119,6,0
2026-09-20,SKU-119,5,0
2026-09-21,SKU-119,5,0
2026-09-22,SKU-119,3,0
2026-09-23,SKU-119,1,0
2026-09-24,SKU-119,4,0
2026-09-25,SKU-119,3,0
2026-09-26,SKU-119,6,0
2026-09-27,SKU-119,12,0
2026-09-28,SKU-119,3,0
2026-09-29,SKU-119,4,0
2026-09-30,SKU-119,2,0
2024-10-01,SKU-120,17,0
2024-10-02,SKU-120,6,0
2024-10-03,SKU-120,10,0
2024-10-04,SKU-120,16,0
2024-10-05,SKU-120,29,0
2024-10-06,SKU-120,10,0
2024-10-07,SKU-120,4,0
2024-10-08,SKU-120,9,0
2024-10-09,SKU-120,16,0
2024-10-10,SKU-120,5,0
2024-10-11,SKU-120,17,0
2024-10-12,SKU-120,19,0
2024-10-13,SKU-120,16,0
2024-10-14,SKU-120,11,0
2024-10-15,SKU-120,14,0
2024-10-16,SKU-120,16,0
2024-10-17,SKU-120,31,0
2024-10-18,SKU-120,18,0
2024-10-19,SKU-120,17,0
2024-10-20,SKU-120,33,1
2024-10-21,SKU-120,19,0
2024-10-22,SKU-120,11,0
2024-10-23,SKU-120,21,0
2024-10-24,SKU-120,12,0
2024-10-25,SKU-120,44,0
2024-10-26,SKU-120,14,0
2024-10-27,SKU-120,10,0
2024-10-28,SKU-120,19,0
2024-10-29,SKU-120,21,0
2024-10-30,SKU-120,19,0
2024-10-31,SKU-120,21,0
2024-11-01,SKU-120,20,0
2024-11-02,SKU-120,12,0
2024-11-03,SKU-120,40,0
2024-11-04,SKU-120,5,0
2024-11-05,SKU-120,20,0
2024-11-06,SKU-120,27,0
2024-11-07,SKU-120,14,0
2024-11-08,SKU-120,13,0
2024-11-09,SKU-120,17,0
2024-11-10,SKU-120,11,1
2024-11-11,SKU-120,20,0
2024-11-12,SKU-120,17,0
2024-11-13,SKU-120,18,1
2024-11-14,SKU-120,12,0
2024-11-15,SKU-120,9,0
2024-11-16,SKU-120,30,0
2024-11-17,SKU-120,7,1
2024-11-18,SKU-120,26,0
2024-11-19,SKU-120,17,0
2024-11-20,SKU-120,10,0
2024-11-21,SKU-120,17,0
2024-11-22,SKU-120,4,0
2024-11-23,SKU-120,19,0
2024-11-24,SKU-120,21,0
2024-11-25,SKU-120,23,0
2024-11-26,SKU-120,23,0
2024-11-27,SKU-120,16,0
2024-11-28,SKU-120,5,0
2024-11-29,SKU-120,9,0
2024-11-30,SKU-120,22,0
2024-12-01,SKU-120,14,0
2024-12-02,SKU-120,12,0
2024-12-03,SKU-120,14,0
2024-12-04,SKU-120,22,1
2024-12-05,SKU-120,15,0
2024-12-06,SKU-120,26,0
2024-12-07,SKU-120,6,0
2024-12-08,SKU-120,12,0
2024-12-09,SKU-120,14,0
2024-12-10,SKU-120,29,1
2024-12-11,SKU-120,29,0
2024-12-12,SKU-120,9,0
2024-12-13,SKU-120,24,0
2024-12-14,SKU-120,15,0
2024-12-15,SKU-120,28,0
2024-12-16,SKU-120,8,0
2024-12-17,SKU-120,4,0
2024-12-18,SKU-120,12,0
2024-12-19,SKU-120,19,0
2024-12-20,SKU-120,15,0
2024-12-21,SKU-120,11,0
2024-12-22,SKU-120,26,0
2024-12-23,SKU-120,19,0
2024-12-24,SKU-120,13,0
2024-12-25,SKU-120,3,0
2024-12-26,SKU-120,15,0
2024-12-27,SKU-120,15,0
2024-12-28,SKU-120,7,0
2024-12-29,SKU-120,12,0
2024-12-30,SKU-120,9,0
2024-12-31,SKU-120,9,0
2025-01-01,SKU-120,6,0
2025-01-02,SKU-120,12,0
2025-01-03,SKU-120,16,0
2025-01-04,SKU-120,19,0
2025-01-05,SKU-120,22,0
2025-01-06,SKU-120,20,0
2025-01-07,SKU-120,19,0
2025-01-08,SKU-120,28,0
2025-01-09,SKU-120,17,0
2025-01-10,SKU-120,13,0
2025-01-11,SKU-120,15,0
2025-01-12,SKU-120,16,0
2025-01-13,SKU-120,12,1
2025-01-14,SKU-120,20,1
2025-01-15,SKU-120,21,0
2025-01-16,SKU-120,9,0
2025-01-17,SKU-120,14,0
2025-01-18,SKU-120,15,0
2025-01-19,SKU-120,18,1
2025-01-20,SKU-120,21,0
2025-01-21,SKU-120,8,0
2025-01-22,SKU-120,20,0
2025-01-23,SKU-120,9,0
2025-01-24,SKU-120,15,0
2025-01-25,SKU-120,6,1
2025-01-26,SKU-120,16,0
2025-01-27,SKU-120,18,0
2025-01-28,SKU-120,10,0
2025-01-29,SKU-120,13,0
2025-01-30,SKU-120,16,0
2025-01-31,SKU-120,6,0
2025-02-01,SKU-120,9,0
2025-02-02,SKU-120,29,0
2025-02-03,SKU-120,13,0
2025-02-04,SKU-120,17,0
2025-02-05,SKU-120,7,0
2025-02-06,SKU-120,10,0
2025-02-07,SKU-120,10,0
2025-02-08,SKU-120,17,0
2025-02-09,SKU-120,13,0
2025-02-10,SKU-120,17,0
2025-02-11,SKU-120,4,0
2025-02-12,SKU-120,9,0
2025-02-13,SKU-120,34,1
2025-02-14,SKU-120,13,0
2025-02-15,SKU-120,14,0
2025-02-16,SKU-120,23,1
2025-02-17,SKU-120,7,0
2025-02-18,SKU-120,5,0
2025-02-19,SKU-120,16,0
2025-02-20,SKU-120,9,0
2025-02-21,SKU-120,34,1
2025-02-22,SKU-120,15,1
2025-02-23,SKU-120,14,0
2025-02-24,SKU-120,3,0
2025-02-25,SKU-120,25,0
2025-02-26,SKU-120,14,0
2025-02-27,SKU-120,10,0
2025-02-28,SKU-120,8,0
2025-03-01,SKU-120,15,0
2025-03-02,SKU-120,20,0
2025-03-03,SKU-120,16,0
2025-03-04,SKU-120,9,0
2025-03-05,SKU-120,18,0
2025-03-06,SKU-120,27,1
2025-03-07,SKU-120,17,0
2025-03-08,SKU-120,8,0
2025-03-09,SKU-120,27,1
2025-03-10,SKU-120,6,0
2025-03-11,SKU-120,9,0
2025-03-12,SKU-120,8,0
2025-03-13,SKU-120,9,0
2025-03-14,SKU-120,10,0
2025-03-15,SKU-120,13,0
2025-03-16,SKU-120,6,0
2025-03-17,SKU-120,9,0
2025-03-18,SKU-120,13,0
2025-03-19,SKU-120,11,0
2025-03-20,SKU-120,16,0
2025-03-21,SKU-120,13,0
2025-03-22,SKU-120,17,0
2025-03-23,SKU-120,31,0
2025-03-24,SKU-120,15,0
2025-03-25,SKU-120,10,0
2025-03-26,SKU-120,19,0
2025-03-27,SKU-120,13,0
2025-03-28,SKU-120,19,0
2025-03-29,SKU-120,22,0
2025-03-30,SKU-120,17,0
2025-03-31,SKU-120,8,0
2025-04-01,SKU-120,11,1
2025-04-02,SKU-120,30,0
2025-04-03,SKU-120,13,1
2025-04-04,SKU-120,22,0
2025-04-05,SKU-120,9,0
2025-04-06,SKU-120,22,0
2025-04-07,SKU-120,7,0
2025-04-08,SKU-120,8,0
2025-04-09,SKU-120,12,1
2025-04-10,SKU-120,7,0
2025-04-11,SKU-120,14,0
2025-04-12,SKU-120,11,0
2025-04-13,SKU-120,19,0
2025-04-14,SKU-120,6,0
2025-04-15,SKU-120,22,0
2025-04-16,SKU-120,16,0
2025-04-17,SKU-120,14,0
2025-04-18,SKU-120,15,0
2025-04-19,SKU-120,20,0
2025-04-20,SKU-120,33,0
2025-04-21,SKU-120,12,0
2025-04-22,SKU-120,12,0
2025-04-23,SKU-120,10,0
2025-04-24,SKU-120,8,1
2025-04-25,SKU-120,21,0
2025-04-26,SKU-120,14,0
2025-04-27,SKU-120,13,0
2025-04-28,SKU-120,12,0
2025-04-29,SKU-120,13,0
2025-04-30,SKU-120,18,0
2025-05-01,SKU-120,20,0
2025-05-02,SKU-120,11,0
2025-05-03,SKU-120,26,1
2025-05-04,SKU-120,22,0
2025-05-05,SKU-120,12,0
2025-05-06,SKU-120,8,0
2025-05-07,SKU-120,15,0
2025-05-08,SKU-120,16,1
2025-05-09,SKU-120,28,0
2025-05-10,SKU-120,10,0
2025-05-11,SKU-120,14,0
2025-05-12,SKU-120,16,0
2025-05-13,SKU-120,6,0
2025-05-14,SKU-120,7,1
2025-05-15,SKU-120,9,0
2025-05-16,SKU-120,10,0
2025-05-17,SKU-120,18,0
2025-05-18,SKU-120,21,0
2025-05-19,SKU-120,16,0
2025-05-20,SKU-120,12,0
2025-05-21,SKU-120,15,0
2025-05-22,SKU-120,9,0
2025-05-23,SKU-120,24,0
2025-05-24,SKU-120,31,0
2025-05-25,SKU-120,10,0
2025-05-26,SKU-120,16,0
2025-05-27,SKU-120,25,0
2025-05-28,SKU-120,17,0
2025-05-29,SKU-120,12,0
2025-05-30,SKU-120,11,0
2025-05-31,SKU-120,19,1
2025-06-01,SKU-120,21,0
2025-06-02,SKU-120,9,0
2025-06-03,SKU-120,12,0
2025-06-04,SKU-120,16,0
2025-06-05,SKU-120,8,0
2025-06-06,SKU-120,28,0
2025-06-07,SKU-120,12,0
2025-06-08,SKU-120,16,0
2025-06-09,SKU-120,18,0
2025-06-10,SKU-120,11,0
2025-06-11,SKU-120,8,0
2025-06-12,SKU-120,17,0
2025-06-13,SKU-120,28,0
2025-06-14,SKU-120,4,0
2025-06-15,SKU-120,26,0
2025-06-16,SKU-120,23,0
2025-06-17,SKU-120,24,0
2025-06-18,SKU-120,37,0
2025-06-19,SKU-120,6,0
2025-06-20,SKU-120,42,0
2025-06-21,SKU-120,14,1
2025-06-22,SKU-120,22,0
2025-06-23,SKU-120,18,0
2025-06-24,SKU-120,11,0
2025-06-25,SKU-120,20,0
2025-06-26,SKU-120,26,0
2025-06-27,SKU-120,10,0
2025-06-28,SKU-120,19,1
2025-06-29,SKU-120,7,0
2025-06-30,SKU-120,13,0
2025-07-01,SKU-120,19,0
2025-07-02,SKU-120,13,0
2025-07-03,SKU-120,15,0
2025-07-04,SKU-120,16,0
2025-07-05,SKU-120,16,0
2025-07-06,SKU-120,24,0
2025-07-07,SKU-120,14,0
2025-07-08,SKU-120,9,0
2025-07-09,SKU-120,44,1
2025-07-10,SKU-120,19,0
2025-07-11,SKU-120,11,0
2025-07-12,SKU-120,16,0
2025-07-13,SKU-120,2,0
2025-07-14,SKU-120,16,1
2025-07-15,SKU-120,16,0
2025-07-16,SKU-120,5,0
2025-07-17,SKU-120,12,1
2025-07-18,SKU-120,21,0
2025-07-19,SKU-120,13,0
2025-07-20,SKU-120,8,0
2025-07-21,SKU-120,10,0
2025-07-22,SKU-120,16,0
2025-07-23,SKU-120,11,0
2025-07-24,SKU-120,14,0
2025-07-25,SKU-120,17,0
2025-07-26,SKU-120,9,0
2025-07-27,SKU-120,12,0
2025-07-28,SKU-120,5,0
2025-07-29,SKU-120,14,0
2025-07-30,SKU-120,25,0
2025-07-31,SKU-120,17,0
2025-08-01,SKU-120,11,0
2025-08-02,SKU-120,9,0
2025-08-03,SKU-120,44,0
2025-08-04,SKU-120,28,0
2025-08-05,SKU-120,8,0
2025-08-06,SKU-120,9,0
2025-08-07,SKU-120,34,1
2025-08-08,SKU-120,9,1
2025-08-09,SKU-120,30,0
2025-08-10,SKU-120,16,0
2025-08-11,SKU-120,3,0
2025-08-12,SKU-120,11,0
2025-08-13,SKU-120,3,0
2025-08-14,SKU-120,18,0
2025-08-15,SKU-120,29,0
2025-08-16,SKU-120,32,0
2025-08-17,SKU-120,21,0
2025-08-18,SKU-120,15,0
2025-08-19,SKU-120,23,0
2025-08-20,SKU-120,18,0
2025-08-21,SKU-120,9,0
2025-08-22,SKU-120,15,0
2025-08-23,SKU-120,20,0
2025-08-24,SKU-120,16,0
2025-08-25,SKU-120,8,0
2025-08-26,SKU-120,16,0
2025-08-27,SKU-120,9,0
2025-08-28,SKU-120,6,0
2025-08-29,SKU-120,26,0
2025-08-30,SKU-120,21,0
2025-08-31,SKU-120,16,0
2025-09-01,SKU-120,7,1
2025-09-02,SKU-120,8,0
2025-09-03,SKU-120,15,0
2025-09-04,SKU-120,12,0
2025-09-05,SKU-120,27,0
2025-09-06,SKU-120,4,0
2025-09-07,SKU-120,15,0
2025-09-08,SKU-120,17,0
2025-09-09,SKU-120,3,0
2025-09-10,SKU-120,15,0
2025-09-11,SKU-120,13,0
2025-09-12,SKU-120,17,0
2025-09-13,SKU-120,13,0
2025-09-14,SKU-120,19,0
2025-09-15,SKU-120,16,0
2025-09-16,SKU-120,8,0
2025-09-17,SKU-120,23,0
2025-09-18,SKU-120,20,0
2025-09-19,SKU-120,10,0
2025-09-20,SKU-120,14,0
2025-09-21,SKU-120,17,0
2025-09-22,SKU-120,15,0
2025-09-23,SKU-120,14,0
2025-09-24,SKU-120,19,0
2025-09-25,SKU-120,6,0
2025-09-26,SKU-120,10,0
2025-09-27,SKU-120,19,0
2025-09-28,SKU-120,17,0
2025-09-29,SKU-120,11,0
2025-09-30,SKU-120,18,0
2025-10-01,SKU-120,15,0
2025-10-02,SKU-120,17,0
2025-10-03,SKU-120,9,0
2025-10-04,SKU-120,9,0
2025-10-05,SKU-120,24,0
2025-10-06,SKU-120,22,0
2025-10-07,SKU-120,19,0
2025-10-08,SKU-120,18,0
2025-10-09,SKU-120,26,0
2025-10-10,SKU-120,24,0
2025-10-11,SKU-120,43,0
2025-10-12,SKU-120,21,0
2025-10-13,SKU-120,24,0
2025-10-14,SKU-120,8,0
2025-10-15,SKU-120,8,0
2025-10-16,SKU-120,28,0
2025-10-17,SKU-120,18,0
2025-10-18,SKU-120,20,0
2025-10-19,SKU-120,33,0
2025-10-20,SKU-120,34,0
2025-10-21,SKU-120,17,0
2025-10-22,SKU-120,25,0
2025-10-23,SKU-120,12,0
2025-10-24,SKU-120,9,0
2025-10-25,SKU-120,27,0
2025-10-26,SKU-120,20,0
2025-10-27,SKU-120,10,0
2025-10-28,SKU-120,12,0
2025-10-29,SKU-120,17,0
2025-10-30,SKU-120,19,0
2025-10-31,SKU-120,4,0
2025-11-01,SKU-120,39,0
2025-11-02,SKU-120,25,0
2025-11-03,SKU-120,14,0
2025-11-04,SKU-120,10,0
2025-11-05,SKU-120,12,0
2025-11-06,SKU-120,14,0
2025-11-07,SKU-120,18,0
2025-11-08,SKU-120,11,0
2025-11-09,SKU-120,6,0
2025-11-10,SKU-120,11,0
2025-11-11,SKU-120,14,0
2025-11-12,SKU-120,13,0
2025-11-13,SKU-120,13,0
2025-11-14,SKU-120,6,0
2025-11-15,SKU-120,33,0
2025-11-16,SKU-120,19,0
2025-11-17,SKU-120,5,0
2025-11-18,SKU-120,24,0
2025-11-19,SKU-120,14,0
2025-11-20,SKU-120,11,0
2025-11-21,SKU-120,14,0
2025-11-22,SKU-120,15,0
2025-11-23,SKU-120,14,0
2025-11-24,SKU-120,14,0
2025-11-25,SKU-120,6,0
2025-11-26,SKU-120,22,0
2025-11-27,SKU-120,10,0
2025-11-28,SKU-120,9,0
2025-11-29,SKU-120,16,0
2025-11-30,SKU-120,18,0
2025-12-01,SKU-120,13,0
2025-12-02,SKU-120,9,0
2025-12-03,SKU-120,12,0
2025-12-04,SKU-120,10,0
2025-12-05,SKU-120,15,0
2025-12-06,SKU-120,14,0
2025-12-07,SKU-120,14,0
2025-12-08,SKU-120,9,0
2025-12-09,SKU-120,8,0
2025-12-10,SKU-120,12,0
2025-12-11,SKU-120,8,0
2025-12-12,SKU-120,14,0
2025-12-13,SKU-120,26,1
2025-12-14,SKU-120,7,0
2025-12-15,SKU-120,15,0
2025-12-16,SKU-120,7,0
2025-12-17,SKU-120,6,0
2025-12-18,SKU-120,11,0
2025-12-19,SKU-120,19,0
2025-12-20,SKU-120,14,0
2025-12-21,SKU-120,15,0
2025-12-22,SKU-120,20,0
2025-12-23,SKU-120,12,0
2025-12-24,SKU-120,22,0
2025-12-25,SKU-120,9,0
2025-12-26,SKU-120,24,0
2025-12-27,SKU-120,32,0
2025-12-28,SKU-120,17,0
2025-12-29,SKU-120,8,0
2025-12-30,SKU-120,26,0
2025-12-31,SKU-120,26,0
2026-01-01,SKU-120,11,0
2026-01-02,SKU-120,12,0
2026-01-03,SKU-120,17,0
2026-01-04,SKU-120,11,1
2026-01-05,SKU-120,20,1
2026-01-06,SKU-120,6,0
2026-01-07,SKU-120,6,0
2026-01-08,SKU-120,9,0
2026-01-09,SKU-120,28,0
2026-01-10,SKU-120,8,0
2026-01-11,SKU-120,7,0
2026-01-12,SKU-120,27,0
2026-01-13,SKU-120,5,0
2026-01-14,SKU-120,13,0
2026-01-15,SKU-120,6,0
2026-01-16,SKU-120,25,0
2026-01-17,SKU-120,21,0
2026-01-18,SKU-120,25,0
2026-01-19,SKU-120,30,0
2026-01-20,SKU-120,19,0
2026-01-21,SKU-120,13,0
2026-01-22,SKU-120,16,0
2026-01-23,SKU-120,6,0
2026-01-24,SKU-120,15,0
2026-01-25,SKU-120,23,0
2026-01-26,SKU-120,4,0
2026-01-27,SKU-120,8,0
2026-01-28,SKU-120,12,0
2026-01-29,SKU-120,12,0
2026-01-30,SKU-120,6,0
2026-01-31,SKU-120,20,0
2026-02-01,SKU-120,28,0
2026-02-02,SKU-120,8,0
2026-02-03,SKU-120,12,0
2026-02-04,SKU-120,7,0
2026-02-05,SKU-120,7,0
2026-02-06,SKU-120,11,0
2026-02-07,SKU-120,26,1
2026-02-08,SKU-120,26,0
2026-02-09,SKU-120,17,0
2026-02-10,SKU-120,16,0
2026-02-11,SKU-120,10,0
2026-02-12,SKU-120,10,0
2026-02-13,SKU-120,10,0
2026-02-14,SKU-120,11,0
2026-02-15,SKU-120,29,0
2026-02-16,SKU-120,28,0
2026-02-17,SKU-120,10,0
2026-02-18,SKU-120,6,0
2026-02-19,SKU-120,14,0
2026-02-20,SKU-120,11,0
2026-02-21,SKU-120,13,0
2026-02-22,SKU-120,13,0
2026-02-23,SKU-120,10,0
2026-02-24,SKU-120,8,1
2026-02-25,SKU-120,9,0
2026-02-26,SKU-120,19,0
2026-02-27,SKU-120,20,0
2026-02-28,SKU-120,28,0
2026-03-01,SKU-120,27,0
2026-03-02,SKU-120,10,0
2026-03-03,SKU-120,10,0
2026-03-04,SKU-120,27,0
2026-03-05,SKU-120,8,0
2026-03-06,SKU-120,7,0
2026-03-07,SKU-120,17,0
2026-03-08,SKU-120,23,0
2026-03-09,SKU-120,6,0
2026-03-10,SKU-120,11,1
2026-03-11,SKU-120,4,0
2026-03-12,SKU-120,21,0
2026-03-13,SKU-120,15,0
2026-03-14,SKU-120,31,1
2026-03-15,SKU-120,17,0
2026-03-16,SKU-120,8,0
2026-03-17,SKU-120,20,0
2026-03-18,SKU-120,7,0
2026-03-19,SKU-120,15,0
2026-03-20,SKU-120,15,0
2026-03-21,SKU-120,16,0
2026-03-22,SKU-120,11,0
2026-03-23,SKU-120,14,0
2026-03-24,SKU-120,12,0
2026-03-25,SKU-120,21,0
2026-03-26,SKU-120,10,0
2026-03-27,SKU-120,19,1
2026-03-28,SKU-120,23,0
2026-03-29,SKU-120,21,0
2026-03-30,SKU-120,13,0
2026-03-31,SKU-120,13,0
2026-04-01,SKU-120,6,0
2026-04-02,SKU-120,11,0
2026-04-03,SKU-120,19,0
2026-04-04,SKU-120,21,0
2026-04-05,SKU-120,11,0
2026-04-06,SKU-120,10,0
2026-04-07,SKU-120,18,0
2026-04-08,SKU-120,23,0
2026-04-09,SKU-120,13,0
2026-04-10,SKU-120,12,0
2026-04-11,SKU-120,8,0
2026-04-12,SKU-120,15,0
2026-04-13,SKU-120,13,0
2026-04-14,SKU-120,20,1
2026-04-15,SKU-120,14,0
2026-04-16,SKU-120,9,0
2026-04-17,SKU-120,24,0
2026-04-18,SKU-120,17,0
2026-04-19,SKU-120,34,1
2026-04-20,SKU-120,9,0
2026-04-21,SKU-120,6,0
2026-04-22,SKU-120,16,0
2026-04-23,SKU-120,9,0
2026-04-24,SKU-120,9,0
2026-04-25,SKU-120,9,0
2026-04-26,SKU-120,20,0
2026-04-27,SKU-120,13,0
2026-04-28,SKU-120,10,0
2026-04-29,SKU-120,9,0
2026-04-30,SKU-120,18,0
2026-05-01,SKU-120,25,1
2026-05-02,SKU-120,18,0
2026-05-03,SKU-120,37,0
2026-05-04,SKU-120,7,0
2026-05-05,SKU-120,18,1
2026-05-06,SKU-120,15,0
2026-05-07,SKU-120,20,1
2026-05-08,SKU-120,9,0
2026-05-09,SKU-120,36,0
2026-05-10,SKU-120,14,0
2026-05-11,SKU-120,10,0
2026-05-12,SKU-120,13,1
2026-05-13,SKU-120,29,0
2026-05-14,SKU-120,12,0
2026-05-15,SKU-120,22,0
2026-05-16,SKU-120,30,0
2026-05-17,SKU-120,31,0
2026-05-18,SKU-120,9,0
2026-05-19,SKU-120,8,0
2026-05-20,SKU-120,30,1
2026-05-21,SKU-120,12,0
2026-05-22,SKU-120,17,0
2026-05-23,SKU-120,17,0
2026-05-24,SKU-120,23,0
2026-05-25,SKU-120,15,0
2026-05-26,SKU-120,12,0
2026-05-27,SKU-120,12,0
2026-05-28,SKU-120,11,0
2026-05-29,SKU-120,8,0
2026-05-30,SKU-120,25,0
2026-05-31,SKU-120,32,0
2026-06-01,SKU-120,10,0
2026-06-02,SKU-120,12,0
2026-06-03,SKU-120,11,0
2026-06-04,SKU-120,6,0
2026-06-05,SKU-120,10,0
2026-06-06,SKU-120,25,0
2026-06-07,SKU-120,17,1
2026-06-08,SKU-120,14,0
2026-06-09,SKU-120,14,0
2026-06-10,SKU-120,10,0
2026-06-11,SKU-120,16,1
2026-06-12,SKU-120,22,1
2026-06-13,SKU-120,22,0
2026-06-14,SKU-120,19,0
2026-06-15,SKU-120,12,0
2026-06-16,SKU-120,18,1
2026-06-17,SKU-120,10,0
2026-06-18,SKU-120,29,0
2026-06-19,SKU-120,27,0
2026-06-20,SKU-120,29,1
2026-06-21,SKU-120,29,1
2026-06-22,SKU-120,20,0
2026-06-23,SKU-120,19,0
2026-06-24,SKU-120,15,1
2026-06-25,SKU-120,11,0
2026-06-26,SKU-120,26,0
2026-06-27,SKU-120,20,0
2026-06-28,SKU-120,21,0
2026-06-29,SKU-120,6,0
2026-06-30,SKU-120,25,0
2026-07-01,SKU-120,10,0
2026-07-02,SKU-120,7,0
2026-07-03,SKU-120,10,0
2026-07-04,SKU-120,8,0
2026-07-05,SKU-120,18,0
2026-07-06,SKU-120,9,0
2026-07-07,SKU-120,10,0
2026-07-08,SKU-120,10,0
2026-07-09,SKU-120,9,1
2026-07-10,SKU-120,18,0
2026-07-11,SKU-120,19,0
2026-07-12,SKU-120,25,0
2026-07-13,SKU-120,14,0
2026-07-14,SKU-120,8,0
2026-07-15,SKU-120,14,0
2026-07-16,SKU-120,19,0
2026-07-17,SKU-120,9,0
2026-07-18,SKU-120,29,0
2026-07-19,SKU-120,12,0
2026-07-20,SKU-120,23,1
2026-07-21,SKU-120,12,0
2026-07-22,SKU-120,30,1
2026-07-23,SKU-120,27,1
2026-07-24,SKU-120,16,0
2026-07-25,SKU-120,18,0
2026-07-26,SKU-120,22,0
2026-07-27,SKU-120,22,0
2026-07-28,SKU-120,5,0
2026-07-29,SKU-120,11,0
2026-07-30,SKU-120,13,0
2026-07-31,SKU-120,6,0
2026-08-01,SKU-120,14,0
2026-08-02,SKU-120,22,0
2026-08-03,SKU-120,14,0
2026-08-04,SKU-120,10,0
2026-08-05,SKU-120,9,1
2026-08-06,SKU-120,10,0
2026-08-07,SKU-120,22,0
2026-08-08,SKU-120,19,1
2026-08-09,SKU-120,10,0
2026-08-10,SKU-120,11,0
2026-08-11,SKU-120,15,0
2026-08-12,SKU-120,11,1
2026-08-13,SKU-120,18,0
2026-08-14,SKU-120,7,0
2026-08-15,SKU-120,45,0
2026-08-16,SKU-120,26,0
2026-08-17,SKU-120,6,0
2026-08-18,SKU-120,13,0
2026-08-19,SKU-120,12,0
2026-08-20,SKU-120,36,0
2026-08-21,SKU-120,23,0
2026-08-22,SKU-120,15,0
2026-08-23,SKU-120,34,0
2026-08-24,SKU-120,8,0
2026-08-25,SKU-120,13,0
2026-08-26,SKU-120,11,0
2026-08-27,SKU-120,11,0
2026-08-28,SKU-120,17,0
2026-08-29,SKU-120,17,0
2026-08-30,SKU-120,20,0
2026-08-31,SKU-120,5,0
2026-09-01,SKU-120,14,0
2026-09-02,SKU-120,5,0
2026-09-03,SKU-120,14,0
2026-09-04,SKU-120,15,0
2026-09-05,SKU-120,16,1
2026-09-06,SKU-120,7,0
2026-09-07,SKU-120,29,0
2026-09-08,SKU-120,18,1
2026-09-09,SKU-120,22,0
2026-09-10,SKU-120,13,0
2026-09-11,SKU-120,16,0
2026-09-12,SKU-120,15,0
2026-09-13,SKU-120,10,0
2026-09-14,SKU-120,15,0
2026-09-15,SKU-120,18,1
2026-09-16,SKU-120,5,0
2026-09-17,SKU-120,19,0
2026-09-18,SKU-120,13,0
2026-09-19,SKU-120,29,0
2026-09-20,SKU-120,33,0
2026-09-21,SKU-120,7,0
2026-09-22,SKU-120,10,0
2026-09-23,SKU-120,12,0
2026-09-24,SKU-120,22,0
2026-09-25,SKU-120,8,0
2026-09-26,SKU-120,16,1
2026-09-27,SKU-120,25,0
2026-09-28,SKU-120,9,0
2026-09-29,SKU-120,16,0
2026-09-30,SKU-120,19,0
2024-10-01,SKU-121,14,1
2024-10-02,SKU-121,3,0
2024-10-03,SKU-121,6,0
2024-10-04,SKU-121,12,0
2024-10-05,SKU-121,14,0
2024-10-06,SKU-121,19,0
2024-10-07,SKU-121,7,0
2024-10-08,SKU-121,8,0
2024-10-09,SKU-121,11,0
2024-10-10,SKU-121,6,0
2024-10-11,SKU-121,11,0
2024-10-12,SKU-121,8,0
2024-10-13,SKU-121,28,0
2024-10-14,SKU-121,21,0
2024-10-15,SKU-121,6,0
2024-10-16,SKU-121,18,0
2024-10-17,SKU-121,40,0
2024-10-18,SKU-121,10,0
2024-10-19,SKU-121,16,0
2024-10-20,SKU-121,17,0
2024-10-21,SKU-121,13,0
2024-10-22,SKU-121,11,0
2024-10-23,SKU-121,12,0
2024-10-24,SKU-121,13,0
2024-10-25,SKU-121,16,1
2024-10-26,SKU-121,7,0
2024-10-27,SKU-121,12,0
2024-10-28,SKU-121,14,0
2024-10-29,SKU-121,10,0
2024-10-30,SKU-121,15,0
2024-10-31,SKU-121,8,0
2024-11-01,SKU-121,10,0
2024-11-02,SKU-121,17,0
2024-11-03,SKU-121,12,0
2024-11-04,SKU-121,9,0
2024-11-05,SKU-121,4,0
2024-11-06,SKU-121,16,0
2024-11-07,SKU-121,9,0
2024-11-08,SKU-121,6,0
2024-11-09,SKU-121,17,0
2024-11-10,SKU-121,9,0
2024-11-11,SKU-121,11,1
2024-11-12,SKU-121,3,0
2024-11-13,SKU-121,15,0
2024-11-14,SKU-121,15,0
2024-11-15,SKU-121,2,0
2024-11-16,SKU-121,8,0
2024-11-17,SKU-121,6,0
2024-11-18,SKU-121,18,0
2024-11-19,SKU-121,6,0
2024-11-20,SKU-121,14,1
2024-11-21,SKU-121,5,0
2024-11-22,SKU-121,10,0
2024-11-23,SKU-121,13,0
2024-11-24,SKU-121,14,0
2024-11-25,SKU-121,20,0
2024-11-26,SKU-121,8,0
2024-11-27,SKU-121,21,0
2024-11-28,SKU-121,18,0
2024-11-29,SKU-121,8,0
2024-11-30,SKU-121,12,0
2024-12-01,SKU-121,12,0
2024-12-02,SKU-121,14,0
2024-12-03,SKU-121,9,0
2024-12-04,SKU-121,3,0
2024-12-05,SKU-121,9,0
2024-12-06,SKU-121,4,0
2024-12-07,SKU-121,14,0
2024-12-08,SKU-121,5,0
2024-12-09,SKU-121,7,0
2024-12-10,SKU-121,9,0
2024-12-11,SKU-121,16,1
2024-12-12,SKU-121,11,0
2024-12-13,SKU-121,11,0
2024-12-14,SKU-121,22,0
2024-12-15,SKU-121,19,0
2024-12-16,SKU-121,13,1
2024-12-17,SKU-121,5,0
2024-12-18,SKU-121,8,0
2024-12-19,SKU-121,11,0
2024-12-20,SKU-121,9,0
2024-12-21,SKU-121,18,0
2024-12-22,SKU-121,16,0
2024-12-23,SKU-121,11,0
2024-12-24,SKU-121,5,0
2024-12-25,SKU-121,15,0
2024-12-26,SKU-121,5,0
2024-12-27,SKU-121,7,0
2024-12-28,SKU-121,5,0
2024-12-29,SKU-121,9,0
2024-12-30,SKU-121,14,0
2024-12-31,SKU-121,9,0
2025-01-01,SKU-121,13,0
2025-01-02,SKU-121,13,0
2025-01-03,SKU-121,12,0
2025-01-04,SKU-121,10,0
2025-01-05,SKU-121,17,0
2025-01-06,SKU-121,14,0
2025-01-07,SKU-121,8,0
2025-01-08,SKU-121,10,0
2025-01-09,SKU-121,9,0
2025-01-10,SKU-121,8,0
2025-01-11,SKU-121,7,0
2025-01-12,SKU-121,11,0
2025-01-13,SKU-121,14,0
2025-01-14,SKU-121,21,0
2025-01-15,SKU-121,3,0
2025-01-16,SKU-121,11,0
2025-01-17,SKU-121,15,0
2025-01-18,SKU-121,23,0
2025-01-19,SKU-121,15,0
2025-01-20,SKU-121,13,0
2025-01-21,SKU-121,4,0
2025-01-22,SKU-121,7,0
2025-01-23,SKU-121,14,0
2025-01-24,SKU-121,13,0
2025-01-25,SKU-121,7,0
2025-01-26,SKU-121,25,1
2025-01-27,SKU-121,6,0
2025-01-28,SKU-121,4,0
2025-01-29,SKU-121,9,0
2025-01-30,SKU-121,3,0
2025-01-31,SKU-121,7,0
2025-02-01,SKU-121,9,0
2025-02-02,SKU-121,13,0
2025-02-03,SKU-121,13,0
2025-02-04,SKU-121,15,1
2025-02-05,SKU-121,20,0
2025-02-06,SKU-121,9,0
2025-02-07,SKU-121,11,0
2025-02-08,SKU-121,23,0
2025-02-09,SKU-121,9,0
2025-02-10,SKU-121,2,0
2025-02-11,SKU-121,8,0
2025-02-12,SKU-121,11,0
2025-02-13,SKU-121,15,0
2025-02-14,SKU-121,24,0
2025-02-15,SKU-121,11,0
2025-02-16,SKU-121,18,0
2025-02-17,SKU-121,10,1
2025-02-18,SKU-121,11,0
2025-02-19,SKU-121,12,0
2025-02-20,SKU-121,24,1
2025-02-21,SKU-121,19,0
2025-02-22,SKU-121,25,0
2025-02-23,SKU-121,11,0
2025-02-24,SKU-121,8,0
2025-02-25,SKU-121,9,0
2025-02-26,SKU-121,14,0
2025-02-27,SKU-121,18,0
2025-02-28,SKU-121,7,0
2025-03-01,SKU-121,14,0
2025-03-02,SKU-121,8,0
2025-03-03,SKU-121,8,0
2025-03-04,SKU-121,15,0
2025-03-05,SKU-121,17,0
2025-03-06,SKU-121,5,0
2025-03-07,SKU-121,17,0
2025-03-08,SKU-121,6,0
2025-03-09,SKU-121,7,0
2025-03-10,SKU-121,5,0
2025-03-11,SKU-121,18,0
2025-03-12,SKU-121,6,0
2025-03-13,SKU-121,8,0
2025-03-14,SKU-121,16,0
2025-03-15,SKU-121,14,0
2025-03-16,SKU-121,6,0
2025-03-17,SKU-121,17,0
2025-03-18,SKU-121,7,0
2025-03-19,SKU-121,8,1
2025-03-20,SKU-121,6,0
2025-03-21,SKU-121,8,0
2025-03-22,SKU-121,54,1
2025-03-23,SKU-121,8,0
2025-03-24,SKU-121,9,0
2025-03-25,SKU-121,9,0
2025-03-26,SKU-121,10,0
2025-03-27,SKU-121,21,0
2025-03-28,SKU-121,9,0
2025-03-29,SKU-121,24,0
2025-03-30,SKU-121,10,0
2025-03-31,SKU-121,10,0
2025-04-01,SKU-121,10,0
2025-04-02,SKU-121,5,0
2025-04-03,SKU-121,10,0
2025-04-04,SKU-121,11,0
2025-04-05,SKU-121,7,0
2025-04-06,SKU-121,17,0
2025-04-07,SKU-121,5,0
2025-04-08,SKU-121,11,0
2025-04-09,SKU-121,12,0
2025-04-10,SKU-121,11,0
2025-04-11,SKU-121,6,0
2025-04-12,SKU-121,17,0
2025-04-13,SKU-121,22,0
2025-04-14,SKU-121,10,0
2025-04-15,SKU-121,13,0
2025-04-16,SKU-121,6,0
2025-04-17,SKU-121,11,0
2025-04-18,SKU-121,3,0
2025-04-19,SKU-121,9,0
2025-04-20,SKU-121,7,0
2025-04-21,SKU-121,8,0
2025-04-22,SKU-121,1,0
2025-04-23,SKU-121,17,0
2025-04-24,SKU-121,13,0
2025-04-25,SKU-121,16,0
2025-04-26,SKU-121,9,0
2025-04-27,SKU-121,18,1
2025-04-28,SKU-121,4,0
2025-04-29,SKU-121,16,0
2025-04-30,SKU-121,4,0
2025-05-01,SKU-121,22,1
2025-05-02,SKU-121,9,0
2025-05-03,SKU-121,15,0
2025-05-04,SKU-121,15,0
2025-05-05,SKU-121,3,0
2025-05-06,SKU-121,1,0
2025-05-07,SKU-121,10,0
2025-05-08,SKU-121,11,0
2025-05-09,SKU-121,11,1
2025-05-10,SKU-121,8,0
2025-05-11,SKU-121,10,0
2025-05-12,SKU-121,8,0
2025-05-13,SKU-121,10,0
2025-05-14,SKU-121,8,0
2025-05-15,SKU-121,18,0
2025-05-16,SKU-121,6,0
2025-05-17,SKU-121,14,0
2025-05-18,SKU-121,19,0
2025-05-19,SKU-121,0,0
2025-05-20,SKU-121,12,0
2025-05-21,SKU-121,11,0
2025-05-22,SKU-121,4,0
2025-05-23,SKU-121,9,0
2025-05-24,SKU-121,11,0
2025-05-25,SKU-121,18,0
2025-05-26,SKU-121,22,0
2025-05-27,SKU-121,1,0
2025-05-28,SKU-121,7,0
2025-05-29,SKU-121,13,0
2025-05-30,SKU-121,11,0
2025-05-31,SKU-121,22,0
2025-06-01,SKU-121,12,0
2025-06-02,SKU-121,10,0
2025-06-03,SKU-121,17,0
2025-06-04,SKU-121,6,0
2025-06-05,SKU-121,14,0
2025-06-06,SKU-121,8,1
2025-06-07,SKU-121,11,0
2025-06-08,SKU-121,9,0
2025-06-09,SKU-121,2,0
2025-06-10,SKU-121,1,0
2025-06-11,SKU-121,6,0
2025-06-12,SKU-121,1,0
2025-06-13,SKU-121,19,0
2025-06-14,SKU-121,10,0
2025-06-15,SKU-121,6,0
2025-06-16,SKU-121,6,0
2025-06-17,SKU-121,11,0
2025-06-18,SKU-121,10,0
2025-06-19,SKU-121,10,0
2025-06-20,SKU-121,10,0
2025-06-21,SKU-121,8,0
2025-06-22,SKU-121,22,0
2025-06-23,SKU-121,11,0
2025-06-24,SKU-121,11,0
2025-06-25,SKU-121,7,0
2025-06-26,SKU-121,4,0
2025-06-27,SKU-121,7,0
2025-06-28,SKU-121,16,0
2025-06-29,SKU-121,16,0
2025-06-30,SKU-121,13,0
2025-07-01,SKU-121,10,0
2025-07-02,SKU-121,22,0
2025-07-03,SKU-121,18,0
2025-07-04,SKU-121,7,0
2025-07-05,SKU-121,24,0
2025-07-06,SKU-121,25,0
2025-07-07,SKU-121,14,0
2025-07-08,SKU-121,16,0
2025-07-09,SKU-121,5,0
2025-07-10,SKU-121,7,0
2025-07-11,SKU-121,30,0
2025-07-12,SKU-121,10,0
2025-07-13,SKU-121,19,0
2025-07-14,SKU-121,4,0
2025-07-15,SKU-121,2,0
2025-07-16,SKU-121,5,0
2025-07-17,SKU-121,21,1
2025-07-18,SKU-121,26,1
2025-07-19,SKU-121,15,0
2025-07-20,SKU-121,9,0
2025-07-21,SKU-121,7,0
2025-07-22,SKU-121,7,0
2025-07-23,SKU-121,14,1
2025-07-24,SKU-121,11,0
2025-07-25,SKU-121,12,0
2025-07-26,SKU-121,13,0
2025-07-27,SKU-121,31,1
2025-07-28,SKU-121,9,0
2025-07-29,SKU-121,11,0
2025-07-30,SKU-121,13,0
2025-07-31,SKU-121,7,0
2025-08-01,SKU-121,11,0
2025-08-02,SKU-121,15,0
2025-08-03,SKU-121,6,0
2025-08-04,SKU-121,9,0
2025-08-05,SKU-121,6,0
2025-08-06,SKU-121,5,0
2025-08-07,SKU-121,9,0
2025-08-08,SKU-121,15,0
2025-08-09,SKU-121,10,0
2025-08-10,SKU-121,12,0
2025-08-11,SKU-121,9,0
2025-08-12,SKU-121,9,0
2025-08-13,SKU-121,7,0
2025-08-14,SKU-121,15,0
2025-08-15,SKU-121,14,0
2025-08-16,SKU-121,20,0
2025-08-17,SKU-121,22,0
2025-08-18,SKU-121,9,0
2025-08-19,SKU-121,22,0
2025-08-20,SKU-121,7,0
2025-08-21,SKU-121,11,0
2025-08-22,SKU-121,12,0
2025-08-23,SKU-121,13,0
2025-08-24,SKU-121,13,0
2025-08-25,SKU-121,6,0
2025-08-26,SKU-121,21,0
2025-08-27,SKU-121,6,0
2025-08-28,SKU-121,12,0
2025-08-29,SKU-121,12,0
2025-08-30,SKU-121,29,0
2025-08-31,SKU-121,6,0
2025-09-01,SKU-121,4,0
2025-09-02,SKU-121,18,0
2025-09-03,SKU-121,3,0
2025-09-04,SKU-121,13,0
2025-09-05,SKU-121,16,0
2025-09-06,SKU-121,5,0
2025-09-07,SKU-121,14,0
2025-09-08,SKU-121,11,0
2025-09-09,SKU-121,13,0
2025-09-10,SKU-121,13,0
2025-09-11,SKU-121,15,0
2025-09-12,SKU-121,3,0
2025-09-13,SKU-121,6,0
2025-09-14,SKU-121,5,0
2025-09-15,SKU-121,6,1
2025-09-16,SKU-121,5,0
2025-09-17,SKU-121,8,0
2025-09-18,SKU-121,10,0
2025-09-19,SKU-121,6,0
2025-09-20,SKU-121,23,0
2025-09-21,SKU-121,15,0
2025-09-22,SKU-121,16,1
2025-09-23,SKU-121,18,0
2025-09-24,SKU-121,6,0
2025-09-25,SKU-121,11,0
2025-09-26,SKU-121,11,0
2025-09-27,SKU-121,14,0
2025-09-28,SKU-121,19,0
2025-09-29,SKU-121,6,0
2025-09-30,SKU-121,8,0
2025-10-01,SKU-121,9,0
2025-10-02,SKU-121,8,0
2025-10-03,SKU-121,13,0
2025-10-04,SKU-121,11,0
2025-10-05,SKU-121,14,0
2025-10-06,SKU-121,7,0
2025-10-07,SKU-121,8,0
2025-10-08,SKU-121,11,0
2025-10-09,SKU-121,12,0
2025-10-10,SKU-121,7,0
2025-10-11,SKU-121,20,0
2025-10-12,SKU-121,14,0
2025-10-13,SKU-121,12,0
2025-10-14,SKU-121,19,0
2025-10-15,SKU-121,19,1
2025-10-16,SKU-121,13,0
2025-10-17,SKU-121,15,0
2025-10-18,SKU-121,14,0
2025-10-19,SKU-121,6,0
2025-10-20,SKU-121,6,0
2025-10-21,SKU-121,12,0
2025-10-22,SKU-121,7,0
2025-10-23,SKU-121,15,0
2025-10-24,SKU-121,5,0
2025-10-25,SKU-121,13,0
2025-10-26,SKU-121,17,0
2025-10-27,SKU-121,16,0
2025-10-28,SKU-121,9,0
2025-10-29,SKU-121,16,0
2025-10-30,SKU-121,24,1
2025-10-31,SKU-121,21,0
2025-11-01,SKU-121,12,0
2025-11-02,SKU-121,29,0
2025-11-03,SKU-121,5,0
2025-11-04,SKU-121,2,0
2025-11-05,SKU-121,4,0
2025-11-06,SKU-121,9,0
2025-11-07,SKU-121,15,0
2025-11-08,SKU-121,5,0
2025-11-09,SKU-121,8,0
2025-11-10,SKU-121,14,0
2025-11-11,SKU-121,5,0
2025-11-12,SKU-121,5,0
2025-11-13,SKU-121,11,0
2025-11-14,SKU-121,7,0
2025-11-15,SKU-121,15,0
2025-11-16,SKU-121,5,0
2025-11-17,SKU-121,11,0
2025-11-18,SKU-121,10,0
2025-11-19,SKU-121,2,0
2025-11-20,SKU-121,14,0
2025-11-21,SKU-121,16,0
2025-11-22,SKU-121,8,0
2025-11-23,SKU-121,8,0
2025-11-24,SKU-121,4,0
2025-11-25,SKU-121,6,0
2025-11-26,SKU-121,6,0
2025-11-27,SKU-121,10,0
2025-11-28,SKU-121,11,0
2025-11-29,SKU-121,16,0
2025-11-30,SKU-121,13,0
2025-12-01,SKU-121,14,0
2025-12-02,SKU-121,5,0
2025-12-03,SKU-121,5,0
2025-12-04,SKU-121,15,0
2025-12-05,SKU-121,24,0
2025-12-06,SKU-121,11,0
2025-12-07,SKU-121,14,0
2025-12-08,SKU-121,11,0
2025-12-09,SKU-121,11,0
2025-12-10,SKU-121,7,0
2025-12-11,SKU-121,15,1
2025-12-12,SKU-121,4,0
2025-12-13,SKU-121,13,0
2025-12-14,SKU-121,20,0
2025-12-15,SKU-121,8,0
2025-12-16,SKU-121,9,0
2025-12-17,SKU-121,7,0
2025-12-18,SKU-121,15,0
2025-12-19,SKU-121,15,0
2025-12-20,SKU-121,23,0
2025-12-21,SKU-121,19,0
2025-12-22,SKU-121,9,0
2025-12-23,SKU-121,10,0
2025-12-24,SKU-121,8,0
2025-12-25,SKU-121,11,0
2025-12-26,SKU-121,17,0
2025-12-27,SKU-121,14,0
2025-12-28,SKU-121,5,0
2025-12-29,SKU-121,16,0
2025-12-30,SKU-121,8,0
2025-12-31,SKU-121,17,1
2026-01-01,SKU-121,9,0
2026-01-02,SKU-121,14,0
2026-01-03,SKU-121,29,0
2026-01-04,SKU-121,18,0
2026-01-05,SKU-121,18,0
2026-01-06,SKU-121,12,0
2026-01-07,SKU-121,13,0
2026-01-08,SKU-121,22,1
2026-01-09,SKU-121,13,0
2026-01-10,SKU-121,21,0
2026-01-11,SKU-121,9,0
2026-01-12,SKU-121,27,1
2026-01-13,SKU-121,6,0
2026-01-14,SKU-121,8,0
2026-01-15,SKU-121,13,0
2026-01-16,SKU-121,14,0
2026-01-17,SKU-121,16,0
2026-01-18,SKU-121,20,0
2026-01-19,SKU-121,10,0
2026-01-20,SKU-121,6,0
2026-01-21,SKU-121,6,0
2026-01-22,SKU-121,8,0
2026-01-23,SKU-121,11,0
2026-01-24,SKU-121,25,1
2026-01-25,SKU-121,18,0
2026-01-26,SKU-121,7,0
2026-01-27,SKU-121,14,0
2026-01-28,SKU-121,15,0
2026-01-29,SKU-121,14,0
2026-01-30,SKU-121,16,0
2026-01-31,SKU-121,7,0
2026-02-01,SKU-121,13,1
2026-02-02,SKU-121,8,0
2026-02-03,SKU-121,10,0
2026-02-04,SKU-121,5,0
2026-02-05,SKU-121,12,0
2026-02-06,SKU-121,8,0
2026-02-07,SKU-121,18,0
2026-02-08,SKU-121,24,0
2026-02-09,SKU-121,11,0
2026-02-10,SKU-121,4,0
2026-02-11,SKU-121,8,0
2026-02-12,SKU-121,9,0
2026-02-13,SKU-121,3,0
2026-02-14,SKU-121,22,0
2026-02-15,SKU-121,18,0
2026-02-16,SKU-121,2,0
2026-02-17,SKU-121,14,0
2026-02-18,SKU-121,12,0
2026-02-19,SKU-121,18,0
2026-02-20,SKU-121,20,0
2026-02-21,SKU-121,10,0
2026-02-22,SKU-121,10,0
2026-02-23,SKU-121,6,0
2026-02-24,SKU-121,10,0
2026-02-25,SKU-121,14,0
2026-02-26,SKU-121,16,0
2026-02-27,SKU-121,6,0
2026-02-28,SKU-121,11,0
2026-03-01,SKU-121,13,0
2026-03-02,SKU-121,4,0
2026-03-03,SKU-121,7,0
2026-03-04,SKU-121,4,0
2026-03-05,SKU-121,12,0
2026-03-06,SKU-121,13,0
2026-03-07,SKU-121,29,0
2026-03-08,SKU-121,14,0
2026-03-09,SKU-121,10,0
2026-03-10,SKU-121,10,0
2026-03-11,SKU-121,17,0
2026-03-12,SKU-121,19,0
2026-03-13,SKU-121,16,0
2026-03-14,SKU-121,6,0
2026-03-15,SKU-121,14,0
2026-03-16,SKU-121,9,0
2026-03-17,SKU-121,8,0
2026-03-18,SKU-121,8,0
2026-03-19,SKU-121,8,0
2026-03-20,SKU-121,13,0
2026-03-21,SKU-121,10,0
2026-03-22,SKU-121,12,0
2026-03-23,SKU-121,6,0
2026-03-24,SKU-121,6,0
2026-03-25,SKU-121,11,0
2026-03-26,SKU-121,6,0
2026-03-27,SKU-121,5,0
2026-03-28,SKU-121,6,0
2026-03-29,SKU-121,18,0
2026-03-30,SKU-121,21,0
2026-03-31,SKU-121,6,0
2026-04-01,SKU-121,6,0
2026-04-02,SKU-121,10,0
2026-04-03,SKU-121,9,0
2026-04-04,SKU-121,7,0
2026-04-05,SKU-121,26,0
2026-04-06,SKU-121,19,0
2026-04-07,SKU-121,13,0
2026-04-08,SKU-121,10,0
2026-04-09,SKU-121,4,0
2026-04-10,SKU-121,32,0
2026-04-11,SKU-121,6,0
2026-04-12,SKU-121,10,0
2026-04-13,SKU-121,23,1
2026-04-14,SKU-121,4,0
2026-04-15,SKU-121,11,0
2026-04-16,SKU-121,12,0
2026-04-17,SKU-121,18,0
2026-04-18,SKU-121,12,0
2026-04-19,SKU-121,18,0
2026-04-20,SKU-121,5,0
2026-04-21,SKU-121,15,0
2026-04-22,SKU-121,5,0
2026-04-23,SKU-121,17,0
2026-04-24,SKU-121,19,0
2026-04-25,SKU-121,5,0
2026-04-26,SKU-121,15,0
2026-04-27,SKU-121,7,0
2026-04-28,SKU-121,10,0
2026-04-29,SKU-121,7,0
2026-04-30,SKU-121,10,1
2026-05-01,SKU-121,7,0
2026-05-02,SKU-121,11,0
2026-05-03,SKU-121,23,0
2026-05-04,SKU-121,15,0
2026-05-05,SKU-121,13,0
2026-05-06,SKU-121,7,0
2026-05-07,SKU-121,4,0
2026-05-08,SKU-121,5,0
2026-05-09,SKU-121,14,0
2026-05-10,SKU-121,10,0
2026-05-11,SKU-121,12,0
2026-05-12,SKU-121,9,0
2026-05-13,SKU-121,17,1
2026-05-14,SKU-121,9,0
2026-05-15,SKU-121,19,0
2026-05-16,SKU-121,14,0
2026-05-17,SKU-121,9,0
2026-05-18,SKU-121,15,0
2026-05-19,SKU-121,12,0
2026-05-20,SKU-121,3,0
2026-05-21,SKU-121,9,0
2026-05-22,SKU-121,15,0
2026-05-23,SKU-121,13,0
2026-05-24,SKU-121,21,0
2026-05-25,SKU-121,22,0
2026-05-26,SKU-121,10,0
2026-05-27,SKU-121,10,0
2026-05-28,SKU-121,7,0
2026-05-29,SKU-121,19,1
2026-05-30,SKU-121,15,0
2026-05-31,SKU-121,3,0
2026-06-01,SKU-121,8,0
2026-06-02,SKU-121,11,0
2026-06-03,SKU-121,10,0
2026-06-04,SKU-121,9,0
2026-06-05,SKU-121,17,0
2026-06-06,SKU-121,34,0
2026-06-07,SKU-121,15,0
2026-06-08,SKU-121,6,0
2026-06-09,SKU-121,16,0
2026-06-10,SKU-121,14,1
2026-06-11,SKU-121,22,0
2026-06-12,SKU-121,11,0
2026-06-13,SKU-121,17,0
2026-06-14,SKU-121,34,0
2026-06-15,SKU-121,7,0
2026-06-16,SKU-121,9,0
2026-06-17,SKU-121,11,0
2026-06-18,SKU-121,23,0
2026-06-19,SKU-121,7,0
2026-06-20,SKU-121,13,0
2026-06-21,SKU-121,22,0
2026-06-22,SKU-121,12,1
2026-06-23,SKU-121,16,0
2026-06-24,SKU-121,7,0
2026-06-25,SKU-121,6,0
2026-06-26,SKU-121,17,0
2026-06-27,SKU-121,28,0
2026-06-28,SKU-121,24,0
2026-06-29,SKU-121,5,0
2026-06-30,SKU-121,4,0
2026-07-01,SKU-121,17,0
2026-07-02,SKU-121,7,0
2026-07-03,SKU-121,4,0
2026-07-04,SKU-121,15,0
2026-07-05,SKU-121,8,0
2026-07-06,SKU-121,27,0
2026-07-07,SKU-121,11,0
2026-07-08,SKU-121,4,0
2026-07-09,SKU-121,15,0
2026-07-10,SKU-121,17,0
2026-07-11,SKU-121,6,0
2026-07-12,SKU-121,8,0
2026-07-13,SKU-121,16,0
2026-07-14,SKU-121,7,0
2026-07-15,SKU-121,14,0
2026-07-16,SKU-121,11,0
2026-07-17,SKU-121,24,0
2026-07-18,SKU-121,13,0
2026-07-19,SKU-121,8,0
2026-07-20,SKU-121,12,0
2026-07-21,SKU-121,5,0
2026-07-22,SKU-121,12,0
2026-07-23,SKU-121,7,0
2026-07-24,SKU-121,6,0
2026-07-25,SKU-121,11,0
2026-07-26,SKU-121,12,0
2026-07-27,SKU-121,6,0
2026-07-28,SKU-121,14,0
2026-07-29,SKU-121,9,0
2026-07-30,SKU-121,5,0
2026-07-31,SKU-121,27,1
2026-08-01,SKU-121,9,0
2026-08-02,SKU-121,25,1
2026-08-03,SKU-121,7,0
2026-08-04,SKU-121,6,0
2026-08-05,SKU-121,6,0
2026-08-06,SKU-121,9,0
2026-08-07,SKU-121,16,0
2026-08-08,SKU-121,20,0
2026-08-09,SKU-121,24,1
2026-08-10,SKU-121,5,1
2026-08-11,SKU-121,10,0
2026-08-12,SKU-121,12,0
2026-08-13,SKU-121,6,0
2026-08-14,SKU-121,9,0
2026-08-15,SKU-121,9,0
2026-08-16,SKU-121,6,0
2026-08-17,SKU-121,6,0
2026-08-18,SKU-121,26,0
2026-08-19,SKU-121,5,0
2026-08-20,SKU-121,3,0
2026-08-21,SKU-121,21,1
2026-08-22,SKU-121,31,0
2026-08-23,SKU-121,7,0
2026-08-24,SKU-121,8,0
2026-08-25,SKU-121,15,0
2026-08-26,SKU-121,11,0
2026-08-27,SKU-121,10,0
2026-08-28,SKU-121,12,0
2026-08-29,SKU-121,10,0
2026-08-30,SKU-121,13,0
2026-08-31,SKU-121,11,0
2026-09-01,SKU-121,9,0
2026-09-02,SKU-121,13,0
2026-09-03,SKU-121,9,1
2026-09-04,SKU-121,14,0
2026-09-05,SKU-121,18,0
2026-09-06,SKU-121,16,0
2026-09-07,SKU-121,7,0
2026-09-08,SKU-121,7,0
2026-09-09,SKU-121,7,0
2026-09-10,SKU-121,5,0
2026-09-11,SKU-121,15,0
2026-09-12,SKU-121,14,0
2026-09-13,SKU-121,13,1
2026-09-14,SKU-121,4,0
2026-09-15,SKU-121,3,0
2026-09-16,SKU-121,11,0
2026-09-17,SKU-121,13,0
2026-09-18,SKU-121,15,0
2026-09-19,SKU-121,24,0
2026-09-20,SKU-121,3,0
2026-09-21,SKU-121,8,0
2026-09-22,SKU-121,20,0
2026-09-23,SKU-121,21,0
2026-09-24,SKU-121,6,0
2026-09-25,SKU-121,4,0
2026-09-26,SKU-121,8,0
2026-09-27,SKU-121,28,0
2026-09-28,SKU-121,19,0
2026-09-29,SKU-121,11,0
2026-09-30,SKU-121,8,0
